2026-04-21 15:55:20,080 [    814]   WARN - #c.i.p.instanceContainer - InstanceNotOverridableException: Override failed for com.intellij.openapi.project.impl.ProjectStoreFactory: com.intellij.configurationScript.providers.ConfigurationScriptProjectStoreFactory attempts to override com.intellij.configurationStore.PlatformLangProjectStoreFactory, but the existing implementation is not overriddable (not declared as 'open=true')
2026-04-21 15:55:20,089 [    823]   WARN - #c.i.p.instanceContainer - InstanceNotOverridableException: Override failed for com.intellij.modcommand.ModCommandExecutor: com.jetbrains.rdserver.ui.intentions.RemoteModCommandExecutor attempts to override com.intellij.lang.impl.modcommand.ModCommandExecutorImpl, but the existing implementation is not overriddable (not declared as 'open=true')
WARNING: A terminally deprecated method in sun.misc.Unsafe has been called
WARNING: sun.misc.Unsafe::allocateMemory has been called by io.netty.util.internal.PlatformDependent0$2
WARNING: Please consider reporting this to the maintainers of class io.netty.util.internal.PlatformDependent0$2
WARNING: sun.misc.Unsafe::allocateMemory will be removed in a future release
2026-04-21 15:55:20,422 [   1156]   WARN - #c.i.i.u.UiThemePaletteCheckBoxScope - Theme Islands Darcula: Checkbox.Background.Default.Dark is deprecated for new UI themes, use Checkbox.Background.Default instead
2026-04-21 15:55:20,423 [   1157]   WARN - #c.i.i.u.UiThemePaletteCheckBoxScope - Theme Islands Darcula: Checkbox.Border.Default.Dark is deprecated for new UI themes, use Checkbox.Border.Default instead
2026-04-21 15:55:20,424 [   1158]   WARN - #c.i.i.u.UiThemePaletteCheckBoxScope - Theme Islands Darcula: Checkbox.Border.Selected.Dark is deprecated for new UI themes, use Checkbox.Border.Selected instead
2026-04-21 15:55:20,424 [   1158]   WARN - #c.i.i.u.UiThemePaletteCheckBoxScope - Theme Islands Darcula: Checkbox.Foreground.Selected.Dark is deprecated for new UI themes, use Checkbox.Foreground.Selected instead
2026-04-21 15:55:20,424 [   1158]   WARN - #c.i.i.u.UiThemePaletteCheckBoxScope - Theme Islands Darcula: Checkbox.Focus.Wide.Dark is deprecated for new UI themes, use Checkbox.Focus.Wide instead
2026-04-21 15:55:20,424 [   1158]   WARN - #c.i.i.u.UiThemePaletteCheckBoxScope - Theme Islands Darcula: color key Checkbox.Focus.Thin.Default.Dark is not supported and therefore ignored
2026-04-21 15:55:20,424 [   1158]   WARN - #c.i.i.u.UiThemePaletteCheckBoxScope - Theme Islands Darcula: color key Checkbox.Focus.Thin.Selected.Dark is not supported and therefore ignored
2026-04-21 15:55:20,424 [   1158]   WARN - #c.i.i.u.UiThemePaletteCheckBoxScope - Theme Islands Darcula: Checkbox.Background.Disabled.Dark is deprecated for new UI themes, use Checkbox.Background.Disabled instead
2026-04-21 15:55:20,424 [   1158]   WARN - #c.i.i.u.UiThemePaletteCheckBoxScope - Theme Islands Darcula: Checkbox.Background.Selected.Dark is deprecated for new UI themes, use Checkbox.Background.Selected instead
2026-04-21 15:55:20,425 [   1159]   WARN - #c.i.i.u.UiThemePaletteCheckBoxScope - Theme Islands Darcula: Checkbox.Border.Disabled.Dark is deprecated for new UI themes, use Checkbox.Border.Disabled instead
2026-04-21 15:55:20,425 [   1159]   WARN - #c.i.i.u.UiThemePaletteCheckBoxScope - Theme Islands Darcula: Checkbox.Foreground.Disabled.Dark is deprecated for new UI themes, use Checkbox.Foreground.Disabled instead
SLF4J(E): A service provider failed to instantiate:
org.slf4j.spi.SLF4JServiceProvider: org.slf4j.jul.JULServiceProvider not a subtype
2026-04-21 15:55:20,561 [   1295]   WARN - #c.i.s.c.i.StationSocketConnectionLoop - Discovery connection failed with NoSuchFileException (/run/user/1000/jb.station.sock)
2026-04-21 15:55:21.203 [DBG] [oshi.util.FileUtil] No {} file found from ClassLoader {}:[Ljava.lang.Object;@44c41a1e
2026-04-21 15:55:21.215 [DBG] [oshi.util.FileUtil] Reading file {}:[Ljava.lang.Object;@2f84373c
2026-04-21 15:55:21.215 [DBG] [oshi.util.FileUtil] Reading file {}:[Ljava.lang.Object;@5130c556
2026-04-21 15:55:21.219 [DBG] [oshi.util.FileUtil] Reading file {}:[Ljava.lang.Object;@e9267a6
2026-04-21 15:55:21.222 [DBG] [oshi.util.FileUtil] Reading file {}:[Ljava.lang.Object;@2a91de65
2026-04-21 15:55:21.223 [DBG] [oshi.software.os.linux.LinuxOperatingSystem] os-release: {}:[Ljava.lang.Object;@27ea031c
2026-04-21 15:55:21.223 [DBG] [oshi.util.FileUtil] Reading file {}:[Ljava.lang.Object;@29ec1ed1
2026-04-21 15:55:21.237 [DBG] [oshi.util.FileUtil] Reading file {}:[Ljava.lang.Object;@47db82ce
2026-04-21 15:55:21.238 [DBG] [oshi.util.FileUtil] Reading file {}:[Ljava.lang.Object;@6e92dab6
2026-04-21 15:55:21.238 [DBG] [oshi.util.FileUtil] Reading file {}:[Ljava.lang.Object;@79e9190e
2026-04-21 15:55:21.238 [DBG] [oshi.util.FileUtil] Reading file {}:[Ljava.lang.Object;@2fea6ad9
2026-04-21 15:55:21.239 [DBG] [oshi.util.FileUtil] Reading file {}:[Ljava.lang.Object;@343c5018
2026-04-21 15:55:21.239 [DBG] [oshi.util.FileUtil] Reading file {}:[Ljava.lang.Object;@4c837b43
2026-04-21 15:55:21.240 [DBG] [oshi.util.FileUtil] Reading file {}:[Ljava.lang.Object;@1532b7d
2026-04-21 15:55:21.240 [DBG] [oshi.util.FileUtil] Reading file {}:[Ljava.lang.Object;@573917df
2026-04-21 15:55:25,763 [   6497]   WARN - #c.i.s.c.i.StationSocketConnectionLoop - RecentProjects connection failed with NoSuchFileException (/run/user/1000/jb.station.sock)
2026-04-21 15:55:25,969 [   6703]   WARN - #c.i.v.g.r.GitRepositoriesHolder - State of repository RepositoryId(projectId=ProjectId#8b238qafm4he03r6sbpt, rootPath=/home/neel/PROJECTS/Teacher_Content_Portal/Teacher_Content_Portal) is not synchronized. Known repositories are: 
2026-04-21 15:55:38,404 [  19138]   WARN - #git4idea.annotate.GitAnnotationProvider - Git annotations are empty for file /home/neel/PROJECTS/Teacher_Content_Portal/Teacher_Content_Portal/src/main/resources/static/pages/studentdashboard.html in revision 7e513cc2147e2c45822edf42e52d6ce195427dd1
2026-04-21 15:55:42,645 [  23379]   WARN - #git4idea.annotate.GitAnnotationProvider - Git annotations are empty for file /home/neel/PROJECTS/Teacher_Content_Portal/Teacher_Content_Portal/src/main/resources/static/js/student.js in revision 211c4b9cfcbb318732bc772590ec4d33e0c95175
2026-04-21 15:56:21.248 [DBG] [oshi.util.FileUtil] Reading file {}:[Ljava.lang.Object;@5edd35fc
2026-04-21 15:56:21.249 [DBG] [oshi.util.FileUtil] Reading file {}:[Ljava.lang.Object;@340b4de0
2026-04-21 15:56:21.249 [DBG] [oshi.util.FileUtil] Reading file {}:[Ljava.lang.Object;@1fe7898d
2026-04-21 15:56:21.249 [DBG] [oshi.util.FileUtil] Reading file {}:[Ljava.lang.Object;@33c7492b
2026-04-21 15:56:21.250 [DBG] [oshi.util.FileUtil] Reading file {}:[Ljava.lang.Object;@482f87a
2026-04-21 15:56:21.250 [DBG] [oshi.util.FileUtil] Reading file {}:[Ljava.lang.Object;@6a08c147
2026-04-21 15:56:49,031 [  89765]   WARN - #c.i.p.r.c.ConfigRefreshService - Failed to update registry
java.lang.IllegalStateException: No updates were stored
	at com.intellij.platform.registry.cloud.ConfigClient.apply(ConfigClient.kt:89)
	at com.intellij.platform.registry.cloud.ConfigClient$apply$1.invokeSuspend(ConfigClient.kt)
	at kotlin.coroutines.jvm.internal.BaseContinuationImpl.resumeWith(ContinuationImpl.kt:34)
	at kotlinx.coroutines.DispatchedTask.run(DispatchedTask.kt:98)
	at kotlinx.coroutines.scheduling.CoroutineScheduler.runSafely(CoroutineScheduler.kt:610)
	at kotlinx.coroutines.scheduling.CoroutineScheduler$Worker.runDefaultDispatcherTask(CoroutineScheduler.kt:1194)
	at kotlinx.coroutines.scheduling.CoroutineScheduler$Worker.executeTask(CoroutineScheduler.kt:906)
	at kotlinx.coroutines.scheduling.CoroutineScheduler$Worker.runWorker(CoroutineScheduler.kt:775)
	at kotlinx.coroutines.scheduling.CoroutineScheduler$Worker.run(CoroutineScheduler.kt:762)
2026-04-21 15:57:21.256 [DBG] [oshi.util.FileUtil] Reading file {}:[Ljava.lang.Object;@35d89bbe
2026-04-21 15:57:21.257 [DBG] [oshi.util.FileUtil] Reading file {}:[Ljava.lang.Object;@6d8adee0
2026-04-21 15:57:21.257 [DBG] [oshi.util.FileUtil] Reading file {}:[Ljava.lang.Object;@760a8afa
2026-04-21 15:57:21.257 [DBG] [oshi.util.FileUtil] Reading file {}:[Ljava.lang.Object;@6bdc0ef
2026-04-21 15:57:21.257 [DBG] [oshi.util.FileUtil] Reading file {}:[Ljava.lang.Object;@7749beed
2026-04-21 15:57:21.257 [DBG] [oshi.util.FileUtil] Reading file {}:[Ljava.lang.Object;@4c8f133a
2026-04-21 15:58:21.262 [DBG] [oshi.util.FileUtil] Reading file {}:[Ljava.lang.Object;@2bb76fd2
2026-04-21 15:58:21.262 [DBG] [oshi.util.FileUtil] Reading file {}:[Ljava.lang.Object;@7fb4f32
2026-04-21 15:58:21.262 [DBG] [oshi.util.FileUtil] Reading file {}:[Ljava.lang.Object;@7691f4ea
2026-04-21 15:58:21.262 [DBG] [oshi.util.FileUtil] Reading file {}:[Ljava.lang.Object;@1034d8a9
2026-04-21 15:58:21.262 [DBG] [oshi.util.FileUtil] Reading file {}:[Ljava.lang.Object;@6dfc82
2026-04-21 15:58:21.262 [DBG] [oshi.util.FileUtil] Reading file {}:[Ljava.lang.Object;@5d32a162
2026-04-21 15:59:21.266 [DBG] [oshi.util.FileUtil] Reading file {}:[Ljava.lang.Object;@7407d68a
2026-04-21 15:59:21.266 [DBG] [oshi.util.FileUtil] Reading file {}:[Ljava.lang.Object;@4adc794d
2026-04-21 15:59:21.266 [DBG] [oshi.util.FileUtil] Reading file {}:[Ljava.lang.Object;@62cef4d8
2026-04-21 15:59:21.267 [DBG] [oshi.util.FileUtil] Reading file {}:[Ljava.lang.Object;@6d4c3124
2026-04-21 15:59:21.267 [DBG] [oshi.util.FileUtil] Reading file {}:[Ljava.lang.Object;@27b50981
2026-04-21 15:59:21.267 [DBG] [oshi.util.FileUtil] Reading file {}:[Ljava.lang.Object;@e0a0a2b
2026-04-21 16:00:21.271 [DBG] [oshi.util.FileUtil] Reading file {}:[Ljava.lang.Object;@65680168
2026-04-21 16:00:21.271 [DBG] [oshi.util.FileUtil] Reading file {}:[Ljava.lang.Object;@511d4b39
2026-04-21 16:00:21.271 [DBG] [oshi.util.FileUtil] Reading file {}:[Ljava.lang.Object;@5935cd99
2026-04-21 16:00:21.271 [DBG] [oshi.util.FileUtil] Reading file {}:[Ljava.lang.Object;@46303512
2026-04-21 16:00:21.271 [DBG] [oshi.util.FileUtil] Reading file {}:[Ljava.lang.Object;@63760ffd
2026-04-21 16:00:21.271 [DBG] [oshi.util.FileUtil] Reading file {}:[Ljava.lang.Object;@5809d429
2026-04-21 16:00:43,346 [ 324080]   WARN - #git4idea.annotate.GitAnnotationProvider - Git annotations are empty for file /home/neel/PROJECTS/Teacher_Content_Portal/Teacher_Content_Portal/src/main/resources/static/css/studentdashboard.css in revision 211c4b9cfcbb318732bc772590ec4d33e0c95175
2026-04-21 16:01:21.275 [DBG] [oshi.util.FileUtil] Reading file {}:[Ljava.lang.Object;@5fe2656f
2026-04-21 16:01:21.275 [DBG] [oshi.util.FileUtil] Reading file {}:[Ljava.lang.Object;@2227b756
2026-04-21 16:01:21.275 [DBG] [oshi.util.FileUtil] Reading file {}:[Ljava.lang.Object;@1d5a4cc9
2026-04-21 16:01:21.275 [DBG] [oshi.util.FileUtil] Reading file {}:[Ljava.lang.Object;@45b3f89b
2026-04-21 16:01:21.275 [DBG] [oshi.util.FileUtil] Reading file {}:[Ljava.lang.Object;@9b6345f
2026-04-21 16:01:21.275 [DBG] [oshi.util.FileUtil] Reading file {}:[Ljava.lang.Object;@1634af38
2026-04-21 16:02:21.280 [DBG] [oshi.util.FileUtil] Reading file {}:[Ljava.lang.Object;@26b94b4d
2026-04-21 16:02:21.280 [DBG] [oshi.util.FileUtil] Reading file {}:[Ljava.lang.Object;@13337098
2026-04-21 16:02:21.280 [DBG] [oshi.util.FileUtil] Reading file {}:[Ljava.lang.Object;@72bad7c7
2026-04-21 16:02:21.280 [DBG] [oshi.util.FileUtil] Reading file {}:[Ljava.lang.Object;@3dab6390
2026-04-21 16:02:21.280 [DBG] [oshi.util.FileUtil] Reading file {}:[Ljava.lang.Object;@5124a44b
2026-04-21 16:02:21.280 [DBG] [oshi.util.FileUtil] Reading file {}:[Ljava.lang.Object;@599ba947
2026-04-21 16:03:21.284 [DBG] [oshi.util.FileUtil] Reading file {}:[Ljava.lang.Object;@28a86a7a
2026-04-21 16:03:21.284 [DBG] [oshi.util.FileUtil] Reading file {}:[Ljava.lang.Object;@7e2270b0
2026-04-21 16:03:21.285 [DBG] [oshi.util.FileUtil] Reading file {}:[Ljava.lang.Object;@4d04e0ae
2026-04-21 16:03:21.285 [DBG] [oshi.util.FileUtil] Reading file {}:[Ljava.lang.Object;@1ee8d9e8
2026-04-21 16:03:21.285 [DBG] [oshi.util.FileUtil] Reading file {}:[Ljava.lang.Object;@75788bf5
2026-04-21 16:03:21.285 [DBG] [oshi.util.FileUtil] Reading file {}:[Ljava.lang.Object;@1832c21a
2026-04-21 16:04:21.288 [DBG] [oshi.util.FileUtil] Reading file {}:[Ljava.lang.Object;@2105bb2e
2026-04-21 16:04:21.288 [DBG] [oshi.util.FileUtil] Reading file {}:[Ljava.lang.Object;@2920e766
2026-04-21 16:04:21.288 [DBG] [oshi.util.FileUtil] Reading file {}:[Ljava.lang.Object;@1d5a749
2026-04-21 16:04:21.288 [DBG] [oshi.util.FileUtil] Reading file {}:[Ljava.lang.Object;@2c056558
2026-04-21 16:04:21.288 [DBG] [oshi.util.FileUtil] Reading file {}:[Ljava.lang.Object;@2055673d
2026-04-21 16:04:21.288 [DBG] [oshi.util.FileUtil] Reading file {}:[Ljava.lang.Object;@e60af86
2026-04-21 16:05:21.292 [DBG] [oshi.util.FileUtil] Reading file {}:[Ljava.lang.Object;@8164469
2026-04-21 16:05:21.292 [DBG] [oshi.util.FileUtil] Reading file {}:[Ljava.lang.Object;@4982014d
2026-04-21 16:05:21.292 [DBG] [oshi.util.FileUtil] Reading file {}:[Ljava.lang.Object;@2d461a77
2026-04-21 16:05:21.292 [DBG] [oshi.util.FileUtil] Reading file {}:[Ljava.lang.Object;@66b079e2
2026-04-21 16:05:21.293 [DBG] [oshi.util.FileUtil] Reading file {}:[Ljava.lang.Object;@5cbf4c51
2026-04-21 16:05:21.293 [DBG] [oshi.util.FileUtil] Reading file {}:[Ljava.lang.Object;@56ea6e2
2026-04-21 16:06:21.296 [DBG] [oshi.util.FileUtil] Reading file {}:[Ljava.lang.Object;@4e0e9f61
2026-04-21 16:06:21.296 [DBG] [oshi.util.FileUtil] Reading file {}:[Ljava.lang.Object;@30ff7fd2
2026-04-21 16:06:21.296 [DBG] [oshi.util.FileUtil] Reading file {}:[Ljava.lang.Object;@733219c7
2026-04-21 16:06:21.296 [DBG] [oshi.util.FileUtil] Reading file {}:[Ljava.lang.Object;@16f42947
2026-04-21 16:06:21.296 [DBG] [oshi.util.FileUtil] Reading file {}:[Ljava.lang.Object;@2c3b596f
2026-04-21 16:06:21.296 [DBG] [oshi.util.FileUtil] Reading file {}:[Ljava.lang.Object;@6771a2d5
2026-04-21 16:07:21.300 [DBG] [oshi.util.FileUtil] Reading file {}:[Ljava.lang.Object;@53609a38
2026-04-21 16:07:21.300 [DBG] [oshi.util.FileUtil] Reading file {}:[Ljava.lang.Object;@3c0f9f98
2026-04-21 16:07:21.300 [DBG] [oshi.util.FileUtil] Reading file {}:[Ljava.lang.Object;@d63939f
2026-04-21 16:07:21.300 [DBG] [oshi.util.FileUtil] Reading file {}:[Ljava.lang.Object;@32cb613c
2026-04-21 16:07:21.301 [DBG] [oshi.util.FileUtil] Reading file {}:[Ljava.lang.Object;@65ad8c07
2026-04-21 16:07:21.301 [DBG] [oshi.util.FileUtil] Reading file {}:[Ljava.lang.Object;@259e3c75
2026-04-21 16:08:21.305 [DBG] [oshi.util.FileUtil] Reading file {}:[Ljava.lang.Object;@5ea796a8
2026-04-21 16:08:21.305 [DBG] [oshi.util.FileUtil] Reading file {}:[Ljava.lang.Object;@56ddde55
2026-04-21 16:08:21.305 [DBG] [oshi.util.FileUtil] Reading file {}:[Ljava.lang.Object;@745528d6
2026-04-21 16:08:21.305 [DBG] [oshi.util.FileUtil] Reading file {}:[Ljava.lang.Object;@69f2da54
2026-04-21 16:08:21.305 [DBG] [oshi.util.FileUtil] Reading file {}:[Ljava.lang.Object;@b820314
2026-04-21 16:08:21.305 [DBG] [oshi.util.FileUtil] Reading file {}:[Ljava.lang.Object;@33954b47
2026-04-21 16:09:21.309 [DBG] [oshi.util.FileUtil] Reading file {}:[Ljava.lang.Object;@37ee5407
2026-04-21 16:09:21.309 [DBG] [oshi.util.FileUtil] Reading file {}:[Ljava.lang.Object;@46905c2d
2026-04-21 16:09:21.309 [DBG] [oshi.util.FileUtil] Reading file {}:[Ljava.lang.Object;@552c2286
2026-04-21 16:09:21.309 [DBG] [oshi.util.FileUtil] Reading file {}:[Ljava.lang.Object;@391789f8
2026-04-21 16:09:21.309 [DBG] [oshi.util.FileUtil] Reading file {}:[Ljava.lang.Object;@7c9cbcb1
2026-04-21 16:09:21.309 [DBG] [oshi.util.FileUtil] Reading file {}:[Ljava.lang.Object;@38a9f63b
2026-04-21 16:10:21.313 [DBG] [oshi.util.FileUtil] Reading file {}:[Ljava.lang.Object;@2d28fce1
2026-04-21 16:10:21.313 [DBG] [oshi.util.FileUtil] Reading file {}:[Ljava.lang.Object;@fccabd
2026-04-21 16:10:21.313 [DBG] [oshi.util.FileUtil] Reading file {}:[Ljava.lang.Object;@1eebb4ea
2026-04-21 16:10:21.313 [DBG] [oshi.util.FileUtil] Reading file {}:[Ljava.lang.Object;@3a5e7e4a
2026-04-21 16:10:21.313 [DBG] [oshi.util.FileUtil] Reading file {}:[Ljava.lang.Object;@507b4214
2026-04-21 16:10:21.313 [DBG] [oshi.util.FileUtil] Reading file {}:[Ljava.lang.Object;@36b4d384
2026-04-21 16:11:21.317 [DBG] [oshi.util.FileUtil] Reading file {}:[Ljava.lang.Object;@47893559
2026-04-21 16:11:21.318 [DBG] [oshi.util.FileUtil] Reading file {}:[Ljava.lang.Object;@6b72575b
2026-04-21 16:11:21.318 [DBG] [oshi.util.FileUtil] Reading file {}:[Ljava.lang.Object;@1a2d2690
2026-04-21 16:11:21.318 [DBG] [oshi.util.FileUtil] Reading file {}:[Ljava.lang.Object;@7c27df88
2026-04-21 16:11:21.318 [DBG] [oshi.util.FileUtil] Reading file {}:[Ljava.lang.Object;@728a1ea8
2026-04-21 16:11:21.318 [DBG] [oshi.util.FileUtil] Reading file {}:[Ljava.lang.Object;@b3b572d
2026-04-21 16:12:21.322 [DBG] [oshi.util.FileUtil] Reading file {}:[Ljava.lang.Object;@520982e1
2026-04-21 16:12:21.323 [DBG] [oshi.util.FileUtil] Reading file {}:[Ljava.lang.Object;@4c904477
2026-04-21 16:12:21.323 [DBG] [oshi.util.FileUtil] Reading file {}:[Ljava.lang.Object;@4ebf6999
2026-04-21 16:12:21.323 [DBG] [oshi.util.FileUtil] Reading file {}:[Ljava.lang.Object;@5583a93
2026-04-21 16:12:21.323 [DBG] [oshi.util.FileUtil] Reading file {}:[Ljava.lang.Object;@1bd8be53
2026-04-21 16:12:21.323 [DBG] [oshi.util.FileUtil] Reading file {}:[Ljava.lang.Object;@5525f2a3
2026-04-21 16:13:21.327 [DBG] [oshi.util.FileUtil] Reading file {}:[Ljava.lang.Object;@21bc3889
2026-04-21 16:13:21.327 [DBG] [oshi.util.FileUtil] Reading file {}:[Ljava.lang.Object;@37d1c78a
2026-04-21 16:13:21.327 [DBG] [oshi.util.FileUtil] Reading file {}:[Ljava.lang.Object;@6948d385
2026-04-21 16:13:21.327 [DBG] [oshi.util.FileUtil] Reading file {}:[Ljava.lang.Object;@23ff22e5
2026-04-21 16:13:21.327 [DBG] [oshi.util.FileUtil] Reading file {}:[Ljava.lang.Object;@63473e63
2026-04-21 16:13:21.327 [DBG] [oshi.util.FileUtil] Reading file {}:[Ljava.lang.Object;@5a934816
2026-04-21 16:14:21.331 [DBG] [oshi.util.FileUtil] Reading file {}:[Ljava.lang.Object;@446f71d6
2026-04-21 16:14:21.331 [DBG] [oshi.util.FileUtil] Reading file {}:[Ljava.lang.Object;@29b0b7c8
2026-04-21 16:14:21.331 [DBG] [oshi.util.FileUtil] Reading file {}:[Ljava.lang.Object;@53a59795
2026-04-21 16:14:21.331 [DBG] [oshi.util.FileUtil] Reading file {}:[Ljava.lang.Object;@21ce9efd
2026-04-21 16:14:21.331 [DBG] [oshi.util.FileUtil] Reading file {}:[Ljava.lang.Object;@1e10bad3
2026-04-21 16:14:21.331 [DBG] [oshi.util.FileUtil] Reading file {}:[Ljava.lang.Object;@3232402e
2026-04-21 16:15:21.336 [DBG] [oshi.util.FileUtil] Reading file {}:[Ljava.lang.Object;@657d8de5
2026-04-21 16:15:21.336 [DBG] [oshi.util.FileUtil] Reading file {}:[Ljava.lang.Object;@5642272f
2026-04-21 16:15:21.336 [DBG] [oshi.util.FileUtil] Reading file {}:[Ljava.lang.Object;@38b6b42e
2026-04-21 16:15:21.336 [DBG] [oshi.util.FileUtil] Reading file {}:[Ljava.lang.Object;@b26e68c
2026-04-21 16:15:21.336 [DBG] [oshi.util.FileUtil] Reading file {}:[Ljava.lang.Object;@2bd40a8
2026-04-21 16:15:21.336 [DBG] [oshi.util.FileUtil] Reading file {}:[Ljava.lang.Object;@4501648f
2026-04-21 16:16:21.340 [DBG] [oshi.util.FileUtil] Reading file {}:[Ljava.lang.Object;@1778139c
2026-04-21 16:16:21.341 [DBG] [oshi.util.FileUtil] Reading file {}:[Ljava.lang.Object;@73fd75c9
2026-04-21 16:16:21.341 [DBG] [oshi.util.FileUtil] Reading file {}:[Ljava.lang.Object;@60a52d5c
2026-04-21 16:16:21.341 [DBG] [oshi.util.FileUtil] Reading file {}:[Ljava.lang.Object;@362727fb
2026-04-21 16:16:21.341 [DBG] [oshi.util.FileUtil] Reading file {}:[Ljava.lang.Object;@61942650
2026-04-21 16:16:21.341 [DBG] [oshi.util.FileUtil] Reading file {}:[Ljava.lang.Object;@795f5496
2026-04-21 16:17:21.345 [DBG] [oshi.util.FileUtil] Reading file {}:[Ljava.lang.Object;@33b958a9
2026-04-21 16:17:21.345 [DBG] [oshi.util.FileUtil] Reading file {}:[Ljava.lang.Object;@5b9d27f0
2026-04-21 16:17:21.345 [DBG] [oshi.util.FileUtil] Reading file {}:[Ljava.lang.Object;@1de4eb8f
2026-04-21 16:17:21.345 [DBG] [oshi.util.FileUtil] Reading file {}:[Ljava.lang.Object;@583f844a
2026-04-21 16:17:21.345 [DBG] [oshi.util.FileUtil] Reading file {}:[Ljava.lang.Object;@21bae3f4
2026-04-21 16:17:21.345 [DBG] [oshi.util.FileUtil] Reading file {}:[Ljava.lang.Object;@132af294
2026-04-21 16:18:21.348 [DBG] [oshi.util.FileUtil] Reading file {}:[Ljava.lang.Object;@67d31c55
2026-04-21 16:18:21.348 [DBG] [oshi.util.FileUtil] Reading file {}:[Ljava.lang.Object;@7b709a95
2026-04-21 16:18:21.349 [DBG] [oshi.util.FileUtil] Reading file {}:[Ljava.lang.Object;@66e54e53
2026-04-21 16:18:21.349 [DBG] [oshi.util.FileUtil] Reading file {}:[Ljava.lang.Object;@504acf85
2026-04-21 16:18:21.349 [DBG] [oshi.util.FileUtil] Reading file {}:[Ljava.lang.Object;@2f84506d
2026-04-21 16:18:21.349 [DBG] [oshi.util.FileUtil] Reading file {}:[Ljava.lang.Object;@505fc33a
2026-04-21 16:19:21.353 [DBG] [oshi.util.FileUtil] Reading file {}:[Ljava.lang.Object;@2d9109cd
2026-04-21 16:19:21.353 [DBG] [oshi.util.FileUtil] Reading file {}:[Ljava.lang.Object;@2dc286ea
2026-04-21 16:19:21.353 [DBG] [oshi.util.FileUtil] Reading file {}:[Ljava.lang.Object;@2996475f
2026-04-21 16:19:21.353 [DBG] [oshi.util.FileUtil] Reading file {}:[Ljava.lang.Object;@506fc96c
2026-04-21 16:19:21.354 [DBG] [oshi.util.FileUtil] Reading file {}:[Ljava.lang.Object;@75156dcd
2026-04-21 16:19:21.354 [DBG] [oshi.util.FileUtil] Reading file {}:[Ljava.lang.Object;@4c594053
2026-04-21 16:20:21.357 [DBG] [oshi.util.FileUtil] Reading file {}:[Ljava.lang.Object;@39da9946
2026-04-21 16:20:21.357 [DBG] [oshi.util.FileUtil] Reading file {}:[Ljava.lang.Object;@a9090c8
2026-04-21 16:20:21.357 [DBG] [oshi.util.FileUtil] Reading file {}:[Ljava.lang.Object;@8ef5f4
2026-04-21 16:20:21.357 [DBG] [oshi.util.FileUtil] Reading file {}:[Ljava.lang.Object;@3b67b3ee
2026-04-21 16:20:21.357 [DBG] [oshi.util.FileUtil] Reading file {}:[Ljava.lang.Object;@561a1d6d
2026-04-21 16:20:21.357 [DBG] [oshi.util.FileUtil] Reading file {}:[Ljava.lang.Object;@5802c1b6
2026-04-21 16:21:21.361 [DBG] [oshi.util.FileUtil] Reading file {}:[Ljava.lang.Object;@14c4dd08
2026-04-21 16:21:21.361 [DBG] [oshi.util.FileUtil] Reading file {}:[Ljava.lang.Object;@212e938e
2026-04-21 16:21:21.361 [DBG] [oshi.util.FileUtil] Reading file {}:[Ljava.lang.Object;@385e88cd
2026-04-21 16:21:21.361 [DBG] [oshi.util.FileUtil] Reading file {}:[Ljava.lang.Object;@5402812b
2026-04-21 16:21:21.362 [DBG] [oshi.util.FileUtil] Reading file {}:[Ljava.lang.Object;@661c3a3e
2026-04-21 16:21:21.362 [DBG] [oshi.util.FileUtil] Reading file {}:[Ljava.lang.Object;@337b6790
2026-04-21 16:22:21.365 [DBG] [oshi.util.FileUtil] Reading file {}:[Ljava.lang.Object;@51e972d1
2026-04-21 16:22:21.365 [DBG] [oshi.util.FileUtil] Reading file {}:[Ljava.lang.Object;@4a138487
2026-04-21 16:22:21.365 [DBG] [oshi.util.FileUtil] Reading file {}:[Ljava.lang.Object;@5394f1e0
2026-04-21 16:22:21.365 [DBG] [oshi.util.FileUtil] Reading file {}:[Ljava.lang.Object;@36bb5ec6
2026-04-21 16:22:21.365 [DBG] [oshi.util.FileUtil] Reading file {}:[Ljava.lang.Object;@2c5ecd3a
2026-04-21 16:22:21.365 [DBG] [oshi.util.FileUtil] Reading file {}:[Ljava.lang.Object;@7abf438a
2026-04-21 16:23:21.370 [DBG] [oshi.util.FileUtil] Reading file {}:[Ljava.lang.Object;@147801ea
2026-04-21 16:23:21.371 [DBG] [oshi.util.FileUtil] Reading file {}:[Ljava.lang.Object;@4afa23b3
2026-04-21 16:23:21.371 [DBG] [oshi.util.FileUtil] Reading file {}:[Ljava.lang.Object;@2597aa64
2026-04-21 16:23:21.371 [DBG] [oshi.util.FileUtil] Reading file {}:[Ljava.lang.Object;@588737f0
2026-04-21 16:23:21.371 [DBG] [oshi.util.FileUtil] Reading file {}:[Ljava.lang.Object;@c240a5b
2026-04-21 16:23:21.371 [DBG] [oshi.util.FileUtil] Reading file {}:[Ljava.lang.Object;@175857d7
2026-04-21 16:24:21.375 [DBG] [oshi.util.FileUtil] Reading file {}:[Ljava.lang.Object;@6407792b
2026-04-21 16:24:21.375 [DBG] [oshi.util.FileUtil] Reading file {}:[Ljava.lang.Object;@3d1283db
2026-04-21 16:24:21.375 [DBG] [oshi.util.FileUtil] Reading file {}:[Ljava.lang.Object;@41b1ee15
2026-04-21 16:24:21.375 [DBG] [oshi.util.FileUtil] Reading file {}:[Ljava.lang.Object;@3e19124e
2026-04-21 16:24:21.375 [DBG] [oshi.util.FileUtil] Reading file {}:[Ljava.lang.Object;@6108fa87
2026-04-21 16:24:21.375 [DBG] [oshi.util.FileUtil] Reading file {}:[Ljava.lang.Object;@482db126
2026-04-21 16:25:21.379 [DBG] [oshi.util.FileUtil] Reading file {}:[Ljava.lang.Object;@45609c3d
2026-04-21 16:25:21.379 [DBG] [oshi.util.FileUtil] Reading file {}:[Ljava.lang.Object;@4fcb4572
2026-04-21 16:25:21.379 [DBG] [oshi.util.FileUtil] Reading file {}:[Ljava.lang.Object;@15bed984
2026-04-21 16:25:21.379 [DBG] [oshi.util.FileUtil] Reading file {}:[Ljava.lang.Object;@1bcc0a0a
2026-04-21 16:25:21.379 [DBG] [oshi.util.FileUtil] Reading file {}:[Ljava.lang.Object;@5a8cec3a
2026-04-21 16:25:21.379 [DBG] [oshi.util.FileUtil] Reading file {}:[Ljava.lang.Object;@4ff9d2cc
2026-04-21 16:26:21.384 [DBG] [oshi.util.FileUtil] Reading file {}:[Ljava.lang.Object;@60fb4f5c
2026-04-21 16:26:21.384 [DBG] [oshi.util.FileUtil] Reading file {}:[Ljava.lang.Object;@77804614
2026-04-21 16:26:21.384 [DBG] [oshi.util.FileUtil] Reading file {}:[Ljava.lang.Object;@3197b71c
2026-04-21 16:26:21.384 [DBG] [oshi.util.FileUtil] Reading file {}:[Ljava.lang.Object;@767b96e2
2026-04-21 16:26:21.384 [DBG] [oshi.util.FileUtil] Reading file {}:[Ljava.lang.Object;@4cc0b6de
2026-04-21 16:26:21.384 [DBG] [oshi.util.FileUtil] Reading file {}:[Ljava.lang.Object;@3985e9b4
2026-04-21 16:27:21.387 [DBG] [oshi.util.FileUtil] Reading file {}:[Ljava.lang.Object;@6656e333
2026-04-21 16:27:21.388 [DBG] [oshi.util.FileUtil] Reading file {}:[Ljava.lang.Object;@619fcf01
2026-04-21 16:27:21.388 [DBG] [oshi.util.FileUtil] Reading file {}:[Ljava.lang.Object;@3e7fdb39
2026-04-21 16:27:21.388 [DBG] [oshi.util.FileUtil] Reading file {}:[Ljava.lang.Object;@5e9cd8e6
2026-04-21 16:27:21.388 [DBG] [oshi.util.FileUtil] Reading file {}:[Ljava.lang.Object;@f02e77d
2026-04-21 16:27:21.388 [DBG] [oshi.util.FileUtil] Reading file {}:[Ljava.lang.Object;@10fad65b
2026-04-21 16:28:21.392 [DBG] [oshi.util.FileUtil] Reading file {}:[Ljava.lang.Object;@2cc6e30a
2026-04-21 16:28:21.392 [DBG] [oshi.util.FileUtil] Reading file {}:[Ljava.lang.Object;@243c35cc
2026-04-21 16:28:21.392 [DBG] [oshi.util.FileUtil] Reading file {}:[Ljava.lang.Object;@388fe60e
2026-04-21 16:28:21.392 [DBG] [oshi.util.FileUtil] Reading file {}:[Ljava.lang.Object;@4704c19c
2026-04-21 16:28:21.393 [DBG] [oshi.util.FileUtil] Reading file {}:[Ljava.lang.Object;@5c41b4c5
2026-04-21 16:28:21.393 [DBG] [oshi.util.FileUtil] Reading file {}:[Ljava.lang.Object;@191678d4
2026-04-21 16:29:21.396 [DBG] [oshi.util.FileUtil] Reading file {}:[Ljava.lang.Object;@1cb33f62
2026-04-21 16:29:21.396 [DBG] [oshi.util.FileUtil] Reading file {}:[Ljava.lang.Object;@662121c8
2026-04-21 16:29:21.397 [DBG] [oshi.util.FileUtil] Reading file {}:[Ljava.lang.Object;@138a156e
2026-04-21 16:29:21.397 [DBG] [oshi.util.FileUtil] Reading file {}:[Ljava.lang.Object;@1f62d1f7
2026-04-21 16:29:21.397 [DBG] [oshi.util.FileUtil] Reading file {}:[Ljava.lang.Object;@1aafa556
2026-04-21 16:29:21.397 [DBG] [oshi.util.FileUtil] Reading file {}:[Ljava.lang.Object;@756fe8aa
2026-04-21 16:30:21.401 [DBG] [oshi.util.FileUtil] Reading file {}:[Ljava.lang.Object;@1373b0b9
2026-04-21 16:30:21.401 [DBG] [oshi.util.FileUtil] Reading file {}:[Ljava.lang.Object;@64b2f2f
2026-04-21 16:30:21.401 [DBG] [oshi.util.FileUtil] Reading file {}:[Ljava.lang.Object;@21b7ce73
2026-04-21 16:30:21.401 [DBG] [oshi.util.FileUtil] Reading file {}:[Ljava.lang.Object;@60f711c6
2026-04-21 16:30:21.401 [DBG] [oshi.util.FileUtil] Reading file {}:[Ljava.lang.Object;@6e8f8319
2026-04-21 16:30:21.401 [DBG] [oshi.util.FileUtil] Reading file {}:[Ljava.lang.Object;@3162ebb0
2026-04-21 16:31:21.405 [DBG] [oshi.util.FileUtil] Reading file {}:[Ljava.lang.Object;@59d4a6dc
2026-04-21 16:31:21.405 [DBG] [oshi.util.FileUtil] Reading file {}:[Ljava.lang.Object;@2d979b37
2026-04-21 16:31:21.405 [DBG] [oshi.util.FileUtil] Reading file {}:[Ljava.lang.Object;@332ae27b
2026-04-21 16:31:21.406 [DBG] [oshi.util.FileUtil] Reading file {}:[Ljava.lang.Object;@1abb84
2026-04-21 16:31:21.406 [DBG] [oshi.util.FileUtil] Reading file {}:[Ljava.lang.Object;@7c840f1d
2026-04-21 16:31:21.406 [DBG] [oshi.util.FileUtil] Reading file {}:[Ljava.lang.Object;@6d5b7d99
2026-04-21 16:32:21.409 [DBG] [oshi.util.FileUtil] Reading file {}:[Ljava.lang.Object;@5577a4c5
2026-04-21 16:32:21.410 [DBG] [oshi.util.FileUtil] Reading file {}:[Ljava.lang.Object;@1058ac65
2026-04-21 16:32:21.410 [DBG] [oshi.util.FileUtil] Reading file {}:[Ljava.lang.Object;@76eae9cb
2026-04-21 16:32:21.410 [DBG] [oshi.util.FileUtil] Reading file {}:[Ljava.lang.Object;@43cf814a
2026-04-21 16:32:21.410 [DBG] [oshi.util.FileUtil] Reading file {}:[Ljava.lang.Object;@2b76547a
2026-04-21 16:32:21.410 [DBG] [oshi.util.FileUtil] Reading file {}:[Ljava.lang.Object;@7e18fef5
2026-04-21 16:33:21.414 [DBG] [oshi.util.FileUtil] Reading file {}:[Ljava.lang.Object;@8687ef7
2026-04-21 16:33:21.414 [DBG] [oshi.util.FileUtil] Reading file {}:[Ljava.lang.Object;@4e1995e1
2026-04-21 16:33:21.414 [DBG] [oshi.util.FileUtil] Reading file {}:[Ljava.lang.Object;@65812497
2026-04-21 16:33:21.414 [DBG] [oshi.util.FileUtil] Reading file {}:[Ljava.lang.Object;@4532a06a
2026-04-21 16:33:21.414 [DBG] [oshi.util.FileUtil] Reading file {}:[Ljava.lang.Object;@e66f1fd
2026-04-21 16:33:21.414 [DBG] [oshi.util.FileUtil] Reading file {}:[Ljava.lang.Object;@cd2cb4d
2026-04-21 16:34:21.419 [DBG] [oshi.util.FileUtil] Reading file {}:[Ljava.lang.Object;@825598c
2026-04-21 16:34:21.419 [DBG] [oshi.util.FileUtil] Reading file {}:[Ljava.lang.Object;@1bf2768
2026-04-21 16:34:21.419 [DBG] [oshi.util.FileUtil] Reading file {}:[Ljava.lang.Object;@6b97bd80
2026-04-21 16:34:21.419 [DBG] [oshi.util.FileUtil] Reading file {}:[Ljava.lang.Object;@7f4bc152
2026-04-21 16:34:21.419 [DBG] [oshi.util.FileUtil] Reading file {}:[Ljava.lang.Object;@5d001e0e
2026-04-21 16:34:21.420 [DBG] [oshi.util.FileUtil] Reading file {}:[Ljava.lang.Object;@257ce6a1
2026-04-21 16:35:21.423 [DBG] [oshi.util.FileUtil] Reading file {}:[Ljava.lang.Object;@503dc90f
2026-04-21 16:35:21.423 [DBG] [oshi.util.FileUtil] Reading file {}:[Ljava.lang.Object;@45c5d34b
2026-04-21 16:35:21.423 [DBG] [oshi.util.FileUtil] Reading file {}:[Ljava.lang.Object;@6881ea16
2026-04-21 16:35:21.423 [DBG] [oshi.util.FileUtil] Reading file {}:[Ljava.lang.Object;@397d9890
2026-04-21 16:35:21.423 [DBG] [oshi.util.FileUtil] Reading file {}:[Ljava.lang.Object;@7364b01
2026-04-21 16:35:21.423 [DBG] [oshi.util.FileUtil] Reading file {}:[Ljava.lang.Object;@6c828f27
2026-04-21 16:35:30.400 [TRC] [daemon-client-ws] /system/events/handleUri/12927 incoming exception java.util.concurrent.CancellationException: Job was cancelled
2026-04-21 16:35:30.401 [TRC] [daemon-client-ws] /system/events/handleUri/12927 request failed kotlinx.coroutines.JobCancellationException: Job was cancelled
2026-04-21 18:11:14,853 [    925]   WARN - #c.i.p.instanceContainer - InstanceNotOverridableException: Override failed for com.intellij.openapi.project.impl.ProjectStoreFactory: com.intellij.configurationScript.providers.ConfigurationScriptProjectStoreFactory attempts to override com.intellij.configurationStore.PlatformLangProjectStoreFactory, but the existing implementation is not overriddable (not declared as 'open=true')
2026-04-21 18:11:14,867 [    939]   WARN - #c.i.p.instanceContainer - InstanceNotOverridableException: Override failed for com.intellij.modcommand.ModCommandExecutor: com.jetbrains.rdserver.ui.intentions.RemoteModCommandExecutor attempts to override com.intellij.lang.impl.modcommand.ModCommandExecutorImpl, but the existing implementation is not overriddable (not declared as 'open=true')
2026-04-21 18:11:15,583 [   1655]   WARN - #c.i.i.u.UiThemePaletteCheckBoxScope - Theme Islands Darcula: Checkbox.Background.Default.Dark is deprecated for new UI themes, use Checkbox.Background.Default instead
2026-04-21 18:11:15,585 [   1657]   WARN - #c.i.i.u.UiThemePaletteCheckBoxScope - Theme Islands Darcula: Checkbox.Border.Default.Dark is deprecated for new UI themes, use Checkbox.Border.Default instead
2026-04-21 18:11:15,586 [   1658]   WARN - #c.i.i.u.UiThemePaletteCheckBoxScope - Theme Islands Darcula: Checkbox.Border.Selected.Dark is deprecated for new UI themes, use Checkbox.Border.Selected instead
2026-04-21 18:11:15,586 [   1658]   WARN - #c.i.i.u.UiThemePaletteCheckBoxScope - Theme Islands Darcula: Checkbox.Foreground.Selected.Dark is deprecated for new UI themes, use Checkbox.Foreground.Selected instead
2026-04-21 18:11:15,586 [   1658]   WARN - #c.i.i.u.UiThemePaletteCheckBoxScope - Theme Islands Darcula: Checkbox.Focus.Wide.Dark is deprecated for new UI themes, use Checkbox.Focus.Wide instead
2026-04-21 18:11:15,586 [   1658]   WARN - #c.i.i.u.UiThemePaletteCheckBoxScope - Theme Islands Darcula: color key Checkbox.Focus.Thin.Default.Dark is not supported and therefore ignored
2026-04-21 18:11:15,587 [   1659]   WARN - #c.i.i.u.UiThemePaletteCheckBoxScope - Theme Islands Darcula: color key Checkbox.Focus.Thin.Selected.Dark is not supported and therefore ignored
2026-04-21 18:11:15,587 [   1659]   WARN - #c.i.i.u.UiThemePaletteCheckBoxScope - Theme Islands Darcula: Checkbox.Background.Disabled.Dark is deprecated for new UI themes, use Checkbox.Background.Disabled instead
2026-04-21 18:11:15,587 [   1659]   WARN - #c.i.i.u.UiThemePaletteCheckBoxScope - Theme Islands Darcula: Checkbox.Background.Selected.Dark is deprecated for new UI themes, use Checkbox.Background.Selected instead
2026-04-21 18:11:15,587 [   1659]   WARN - #c.i.i.u.UiThemePaletteCheckBoxScope - Theme Islands Darcula: Checkbox.Border.Disabled.Dark is deprecated for new UI themes, use Checkbox.Border.Disabled instead
2026-04-21 18:11:15,588 [   1660]   WARN - #c.i.i.u.UiThemePaletteCheckBoxScope - Theme Islands Darcula: Checkbox.Foreground.Disabled.Dark is deprecated for new UI themes, use Checkbox.Foreground.Disabled instead
WARNING: A terminally deprecated method in sun.misc.Unsafe has been called
WARNING: sun.misc.Unsafe::allocateMemory has been called by io.netty.util.internal.PlatformDependent0$2
WARNING: Please consider reporting this to the maintainers of class io.netty.util.internal.PlatformDependent0$2
WARNING: sun.misc.Unsafe::allocateMemory will be removed in a future release
SLF4J(E): A service provider failed to instantiate:
org.slf4j.spi.SLF4JServiceProvider: org.slf4j.jul.JULServiceProvider not a subtype
2026-04-21 18:11:15,725 [   1797]   WARN - #c.i.s.c.i.StationSocketConnectionLoop - Discovery connection failed with NoSuchFileException (/run/user/1000/jb.station.sock)
2026-04-21 18:11:16.988 [DBG] [oshi.util.FileUtil] No {} file found from ClassLoader {}:[Ljava.lang.Object;@3045a6bd
2026-04-21 18:11:16.995 [DBG] [oshi.util.FileUtil] Reading file {}:[Ljava.lang.Object;@5538ca75
2026-04-21 18:11:16.996 [DBG] [oshi.util.FileUtil] Reading file {}:[Ljava.lang.Object;@4203fe2
2026-04-21 18:11:16.999 [DBG] [oshi.util.FileUtil] Reading file {}:[Ljava.lang.Object;@4fa96e34
2026-04-21 18:11:17.001 [DBG] [oshi.util.FileUtil] Reading file {}:[Ljava.lang.Object;@3e34ae48
2026-04-21 18:11:17.001 [DBG] [oshi.software.os.linux.LinuxOperatingSystem] os-release: {}:[Ljava.lang.Object;@351e8d9c
2026-04-21 18:11:17.002 [DBG] [oshi.util.FileUtil] Reading file {}:[Ljava.lang.Object;@9942e22
2026-04-21 18:11:17.004 [DBG] [oshi.util.FileUtil] Reading file {}:[Ljava.lang.Object;@6dafb2c0
2026-04-21 18:11:17.004 [DBG] [oshi.util.FileUtil] Reading file {}:[Ljava.lang.Object;@5ac77db0
2026-04-21 18:11:17.004 [DBG] [oshi.util.FileUtil] Reading file {}:[Ljava.lang.Object;@28dcadc8
2026-04-21 18:11:17.004 [DBG] [oshi.util.FileUtil] Reading file {}:[Ljava.lang.Object;@6891d018
2026-04-21 18:11:17.005 [DBG] [oshi.util.FileUtil] Reading file {}:[Ljava.lang.Object;@78b85678
2026-04-21 18:11:17.005 [DBG] [oshi.util.FileUtil] Reading file {}:[Ljava.lang.Object;@19f38e22
2026-04-21 18:11:17.005 [DBG] [oshi.util.FileUtil] Reading file {}:[Ljava.lang.Object;@327bc9a0
2026-04-21 18:11:17.005 [DBG] [oshi.util.FileUtil] Reading file {}:[Ljava.lang.Object;@8ca5201
2026-04-21 18:11:20,583 [   6655]   WARN - #c.i.o.a.i.ActionUpdater - 3120 ms total to grab EDT 5 times to expand ToolWindowHeader$2#expandGroup@ToolwindowTitle (com.intellij.toolWindow.ToolWindowHeader$2). Use `ActionUpdateThread.BGT`.
2026-04-21 18:11:21,384 [   7456]   WARN - #c.i.s.c.i.StationSocketConnectionLoop - RecentProjects connection failed with NoSuchFileException (/run/user/1000/jb.station.sock)
2026-04-21 18:11:21,548 [   7620]   WARN - #c.i.v.g.r.GitRepositoriesHolder - State of repository RepositoryId(projectId=ProjectId#13c52h244lr148vnc4ae, rootPath=/home/neel/PROJECTS/Teacher_Content_Portal/Teacher_Content_Portal) is not synchronized. Known repositories are: 
2026-04-21 18:12:17.013 [DBG] [oshi.util.FileUtil] Reading file {}:[Ljava.lang.Object;@38bbcd01
2026-04-21 18:12:17.013 [DBG] [oshi.util.FileUtil] Reading file {}:[Ljava.lang.Object;@60e80822
2026-04-21 18:12:17.014 [DBG] [oshi.util.FileUtil] Reading file {}:[Ljava.lang.Object;@478bb04d
2026-04-21 18:12:17.014 [DBG] [oshi.util.FileUtil] Reading file {}:[Ljava.lang.Object;@72001dd5
2026-04-21 18:12:17.014 [DBG] [oshi.util.FileUtil] Reading file {}:[Ljava.lang.Object;@14b51551
2026-04-21 18:12:17.014 [DBG] [oshi.util.FileUtil] Reading file {}:[Ljava.lang.Object;@34bcb6fd
2026-04-21 18:13:17.026 [DBG] [oshi.util.FileUtil] Reading file {}:[Ljava.lang.Object;@6e97e5da
2026-04-21 18:13:17.027 [DBG] [oshi.util.FileUtil] Reading file {}:[Ljava.lang.Object;@1c0a4be6
2026-04-21 18:13:17.028 [DBG] [oshi.util.FileUtil] Reading file {}:[Ljava.lang.Object;@23f4a96e
2026-04-21 18:13:17.028 [DBG] [oshi.util.FileUtil] Reading file {}:[Ljava.lang.Object;@1dc05a81
2026-04-21 18:13:17.028 [DBG] [oshi.util.FileUtil] Reading file {}:[Ljava.lang.Object;@4ca8d5d6
2026-04-21 18:13:17.028 [DBG] [oshi.util.FileUtil] Reading file {}:[Ljava.lang.Object;@2b3e2de
2026-04-21 18:14:17.035 [DBG] [oshi.util.FileUtil] Reading file {}:[Ljava.lang.Object;@7ab01ab4
2026-04-21 18:14:17.035 [DBG] [oshi.util.FileUtil] Reading file {}:[Ljava.lang.Object;@1b74cb9d
2026-04-21 18:14:17.035 [DBG] [oshi.util.FileUtil] Reading file {}:[Ljava.lang.Object;@52c74cdd
2026-04-21 18:14:17.035 [DBG] [oshi.util.FileUtil] Reading file {}:[Ljava.lang.Object;@50eebefe
2026-04-21 18:14:17.036 [DBG] [oshi.util.FileUtil] Reading file {}:[Ljava.lang.Object;@2a717bed
2026-04-21 18:14:17.036 [DBG] [oshi.util.FileUtil] Reading file {}:[Ljava.lang.Object;@1764751d
2026-04-21 18:15:17.042 [DBG] [oshi.util.FileUtil] Reading file {}:[Ljava.lang.Object;@748dc6f1
2026-04-21 18:15:17.042 [DBG] [oshi.util.FileUtil] Reading file {}:[Ljava.lang.Object;@11cc0cc
2026-04-21 18:15:17.042 [DBG] [oshi.util.FileUtil] Reading file {}:[Ljava.lang.Object;@5a7648e5
2026-04-21 18:15:17.043 [DBG] [oshi.util.FileUtil] Reading file {}:[Ljava.lang.Object;@521ce7a2
2026-04-21 18:15:17.043 [DBG] [oshi.util.FileUtil] Reading file {}:[Ljava.lang.Object;@483c095e
2026-04-21 18:15:17.043 [DBG] [oshi.util.FileUtil] Reading file {}:[Ljava.lang.Object;@2f41ba35
2026-04-21 18:20:55,031 [    651]   WARN - #c.i.p.instanceContainer - InstanceNotOverridableException: Override failed for com.intellij.openapi.project.impl.ProjectStoreFactory: com.intellij.configurationScript.providers.ConfigurationScriptProjectStoreFactory attempts to override com.intellij.configurationStore.PlatformLangProjectStoreFactory, but the existing implementation is not overriddable (not declared as 'open=true')
2026-04-21 18:20:55,048 [    668]   WARN - #c.i.p.instanceContainer - InstanceNotOverridableException: Override failed for com.intellij.modcommand.ModCommandExecutor: com.jetbrains.rdserver.ui.intentions.RemoteModCommandExecutor attempts to override com.intellij.lang.impl.modcommand.ModCommandExecutorImpl, but the existing implementation is not overriddable (not declared as 'open=true')
2026-04-21 18:20:55,279 [    899]   WARN - #c.i.o.v.n.p.FSRecords - Records storage [/home/neel/.cache/JetBrains/IntelliJIdea2026.1/caches/records.dat] was in use by process [OwnershipInfo{owner pid: 8048, acquired at: 1776775275279}] which is not exist now (wasn't closed properly/crashed?) -> re-acquiring forcibly
2026-04-21 18:20:55,286 [    906]   WARN - #c.i.o.v.n.p.m.c.VFSContentStorageOverMMappedFile - Content map[/home/neel/.cache/JetBrains/IntelliJIdea2026.1/caches/content.dat.hashToId] is empty (or dropped) while content storage is not: re-building map from the storage
2026-04-21 18:20:55,314 [    934]   WARN - #c.i.o.v.n.p.PersistentFSLoader - [VFS load problem]: VFS wasn't safely shut down: records.wasClosedProperly is false
2026-04-21 18:20:55,415 [   1035]   WARN - #c.i.i.u.UiThemePaletteCheckBoxScope - Theme Islands Darcula: Checkbox.Background.Default.Dark is deprecated for new UI themes, use Checkbox.Background.Default instead
2026-04-21 18:20:55,415 [   1035]   WARN - #c.i.i.u.UiThemePaletteCheckBoxScope - Theme Islands Darcula: Checkbox.Border.Default.Dark is deprecated for new UI themes, use Checkbox.Border.Default instead
2026-04-21 18:20:55,415 [   1035]   WARN - #c.i.i.u.UiThemePaletteCheckBoxScope - Theme Islands Darcula: Checkbox.Border.Selected.Dark is deprecated for new UI themes, use Checkbox.Border.Selected instead
2026-04-21 18:20:55,416 [   1036]   WARN - #c.i.i.u.UiThemePaletteCheckBoxScope - Theme Islands Darcula: Checkbox.Foreground.Selected.Dark is deprecated for new UI themes, use Checkbox.Foreground.Selected instead
2026-04-21 18:20:55,416 [   1036]   WARN - #c.i.i.u.UiThemePaletteCheckBoxScope - Theme Islands Darcula: Checkbox.Focus.Wide.Dark is deprecated for new UI themes, use Checkbox.Focus.Wide instead
2026-04-21 18:20:55,416 [   1036]   WARN - #c.i.i.u.UiThemePaletteCheckBoxScope - Theme Islands Darcula: color key Checkbox.Focus.Thin.Default.Dark is not supported and therefore ignored
2026-04-21 18:20:55,416 [   1036]   WARN - #c.i.i.u.UiThemePaletteCheckBoxScope - Theme Islands Darcula: color key Checkbox.Focus.Thin.Selected.Dark is not supported and therefore ignored
2026-04-21 18:20:55,416 [   1036]   WARN - #c.i.i.u.UiThemePaletteCheckBoxScope - Theme Islands Darcula: Checkbox.Background.Disabled.Dark is deprecated for new UI themes, use Checkbox.Background.Disabled instead
2026-04-21 18:20:55,416 [   1036]   WARN - #c.i.i.u.UiThemePaletteCheckBoxScope - Theme Islands Darcula: Checkbox.Background.Selected.Dark is deprecated for new UI themes, use Checkbox.Background.Selected instead
2026-04-21 18:20:55,416 [   1036]   WARN - #c.i.i.u.UiThemePaletteCheckBoxScope - Theme Islands Darcula: Checkbox.Border.Disabled.Dark is deprecated for new UI themes, use Checkbox.Border.Disabled instead
2026-04-21 18:20:55,416 [   1036]   WARN - #c.i.i.u.UiThemePaletteCheckBoxScope - Theme Islands Darcula: Checkbox.Foreground.Disabled.Dark is deprecated for new UI themes, use Checkbox.Foreground.Disabled instead
WARNING: A terminally deprecated method in sun.misc.Unsafe has been called
WARNING: sun.misc.Unsafe::allocateMemory has been called by io.netty.util.internal.PlatformDependent0$2
WARNING: Please consider reporting this to the maintainers of class io.netty.util.internal.PlatformDependent0$2
WARNING: sun.misc.Unsafe::allocateMemory will be removed in a future release
SLF4J(E): A service provider failed to instantiate:
org.slf4j.spi.SLF4JServiceProvider: org.slf4j.jul.JULServiceProvider not a subtype
2026-04-21 18:20:55,598 [   1218]   WARN - #c.i.s.c.i.StationSocketConnectionLoop - Discovery connection failed with NoSuchFileException (/run/user/1000/jb.station.sock)
2026-04-21 18:20:56,089 [   1709]   WARN - #c.i.o.v.n.p.PersistentFSLoader - [VFS load problem]: NOT_CLOSED_PROPERLY recovered, no problems remain
2026-04-21 18:20:56.753 [DBG] [oshi.util.FileUtil] No {} file found from ClassLoader {}:[Ljava.lang.Object;@3de1ec64
2026-04-21 18:20:56.763 [DBG] [oshi.util.FileUtil] Reading file {}:[Ljava.lang.Object;@64b6fd08
2026-04-21 18:20:56.763 [DBG] [oshi.util.FileUtil] Reading file {}:[Ljava.lang.Object;@3f91240e
2026-04-21 18:20:56.766 [DBG] [oshi.util.FileUtil] Reading file {}:[Ljava.lang.Object;@32732424
2026-04-21 18:20:56.769 [DBG] [oshi.util.FileUtil] Reading file {}:[Ljava.lang.Object;@21600680
2026-04-21 18:20:56.769 [DBG] [oshi.software.os.linux.LinuxOperatingSystem] os-release: {}:[Ljava.lang.Object;@18892fbe
2026-04-21 18:20:56.769 [DBG] [oshi.util.FileUtil] Reading file {}:[Ljava.lang.Object;@1d3cdd82
2026-04-21 18:20:56.772 [DBG] [oshi.util.FileUtil] Reading file {}:[Ljava.lang.Object;@935f239
2026-04-21 18:20:56.772 [DBG] [oshi.util.FileUtil] Reading file {}:[Ljava.lang.Object;@51db4147
2026-04-21 18:20:56.772 [DBG] [oshi.util.FileUtil] Reading file {}:[Ljava.lang.Object;@3b00f5b4
2026-04-21 18:20:56.772 [DBG] [oshi.util.FileUtil] Reading file {}:[Ljava.lang.Object;@3a52d2a2
2026-04-21 18:20:56.772 [DBG] [oshi.util.FileUtil] Reading file {}:[Ljava.lang.Object;@1cd05beb
2026-04-21 18:20:56.772 [DBG] [oshi.util.FileUtil] Reading file {}:[Ljava.lang.Object;@170ae04f
2026-04-21 18:20:56.773 [DBG] [oshi.util.FileUtil] Reading file {}:[Ljava.lang.Object;@7f00a4c
2026-04-21 18:20:56.773 [DBG] [oshi.util.FileUtil] Reading file {}:[Ljava.lang.Object;@19e1065a
2026-04-21 18:21:02,303 [   7923]   WARN - #c.i.s.c.i.StationSocketConnectionLoop - RecentProjects connection failed with NoSuchFileException (/run/user/1000/jb.station.sock)
2026-04-21 18:21:02,332 [   7952]   WARN - #c.i.v.l.u.StorageId$Directory - Failed to move /home/neel/.cache/JetBrains/IntelliJIdea2026.1/vcs-log/Teacher_f83344ca_7025d08e/index to /home/neel/.cache/JetBrains/IntelliJIdea2026.1/vcs-log/Teacher_f83344ca_7025d08e/index
java.nio.file.NoSuchFileException: /home/neel/.cache/JetBrains/IntelliJIdea2026.1/vcs-log/Teacher_f83344ca_7025d08e/index
	at java.base/sun.nio.fs.UnixException.translateToIOException(UnixException.java:94)
	at java.base/sun.nio.fs.UnixException.rethrowAsIOException(UnixException.java:108)
	at java.base/sun.nio.fs.UnixException.rethrowAsIOException(UnixException.java:114)
	at java.base/sun.nio.fs.UnixFileSystem.move(UnixFileSystem.java:845)
	at java.base/sun.nio.fs.UnixFileSystemProvider.move(UnixFileSystemProvider.java:289)
	at com.intellij.platform.core.nio.fs.TracingFileSystemProvider.move(TracingFileSystemProvider.java:170)
	at java.base/java.nio.file.Files.move(Files.java:1319)
	at com.intellij.vcs.log.util.StorageId.cleanupAllStorageFiles(PersistentUtil.kt:58)
	at com.intellij.vcs.log.data.VcsLogStorageImpl.cleanupStorageFiles(VcsLogStorageImpl.java:396)
	at com.intellij.vcs.log.data.VcsLogStorageImpl.lambda$createStorageAndIndexBackend$4(VcsLogStorageImpl.java:389)
	at com.intellij.util.io.IOUtil.openCleanOrResetBroken(IOUtil.java:318)
	at com.intellij.vcs.log.data.VcsLogStorageImpl.createStorageAndIndexBackend(VcsLogStorageImpl.java:374)
	at com.intellij.vcs.log.data.VcsLogData.createStorageAndIndex(VcsLogData.kt:360)
	at com.intellij.vcs.log.data.VcsLogData.<init>(VcsLogData.kt:181)
	at com.intellij.vcs.log.impl.VcsLogManager.<init>(VcsLogManager.kt:86)
	at com.intellij.vcs.log.impl.IdeVcsLogManager.<init>(IdeVcsLogManager.kt:36)
	at com.intellij.vcs.log.impl.IdeVcsProjectLog.createLogManager(IdeVcsProjectLog.kt:58)
	at com.intellij.vcs.log.impl.VcsProjectLogBase.getOrCreateLogManager(VcsProjectLogBase.kt:211)
	at com.intellij.vcs.log.impl.VcsProjectLogBase.access$getOrCreateLogManager(VcsProjectLogBase.kt:55)
	at com.intellij.vcs.log.impl.VcsProjectLogBase$getOrCreateLogManager$2.invokeSuspend(VcsProjectLogBase.kt:198)
	at com.intellij.vcs.log.impl.VcsProjectLogBase$getOrCreateLogManager$2.invoke(VcsProjectLogBase.kt)
	at com.intellij.vcs.log.impl.VcsProjectLogBase$getOrCreateLogManager$2.invoke(VcsProjectLogBase.kt)
	at com.intellij.platform.backend.observation.PlatformActivityTrackerService$trackConfigurationActivity$2$1.invokeSuspend(PlatformActivityTrackerService.kt:76)
	at com.intellij.platform.backend.observation.PlatformActivityTrackerService$trackConfigurationActivity$2$1.invoke(PlatformActivityTrackerService.kt)
	at com.intellij.platform.backend.observation.PlatformActivityTrackerService$trackConfigurationActivity$2$1.invoke(PlatformActivityTrackerService.kt)
	at kotlinx.coroutines.intrinsics.UndispatchedKt.startUndspatched(Undispatched.kt:67)
	at kotlinx.coroutines.intrinsics.UndispatchedKt.startUndispatchedOrReturn(Undispatched.kt:43)
	at kotlinx.coroutines.BuildersKt__Builders_commonKt.withContext(Builders.common.kt:165)
	at kotlinx.coroutines.BuildersKt.withContext(Unknown Source)
	at com.intellij.platform.backend.observation.PlatformActivityTrackerService.trackConfigurationActivity(PlatformActivityTrackerService.kt:75)
	at com.intellij.platform.backend.observation.TrackingUtil.trackActivity(util.kt:23)
	at com.intellij.vcs.log.impl.VcsProjectLogBase.getOrCreateLogManager(VcsProjectLogBase.kt:197)
	at com.intellij.vcs.log.impl.VcsProjectLogBase.reinitUnsafe(VcsProjectLogBase.kt:173)
	at com.intellij.vcs.log.impl.VcsProjectLogBase.access$reinitUnsafe(VcsProjectLogBase.kt:55)
	at com.intellij.vcs.log.impl.VcsProjectLogBase$reinitAsync$1.invokeSuspend(VcsProjectLogBase.kt:167)
	at kotlin.coroutines.jvm.internal.BaseContinuationImpl.resumeWith(ContinuationImpl.kt:34)
	at kotlinx.coroutines.DispatchedTask.run(DispatchedTask.kt:100)
	at kotlinx.coroutines.scheduling.CoroutineScheduler.runSafely(CoroutineScheduler.kt:610)
	at kotlinx.coroutines.scheduling.CoroutineScheduler$Worker.runDefaultDispatcherTask(CoroutineScheduler.kt:1194)
	at kotlinx.coroutines.scheduling.CoroutineScheduler$Worker.executeTask(CoroutineScheduler.kt:906)
	at kotlinx.coroutines.scheduling.CoroutineScheduler$Worker.runWorker(CoroutineScheduler.kt:775)
	at kotlinx.coroutines.scheduling.CoroutineScheduler$Worker.run(CoroutineScheduler.kt:762)
2026-04-21 18:21:02,416 [   8036]   WARN - #c.i.v.g.r.GitRepositoriesHolder - State of repository RepositoryId(projectId=ProjectId#q545i2jdd49i1nr9bmp5, rootPath=/home/neel/PROJECTS/Teacher_Content_Portal/Teacher_Content_Portal) is not synchronized. Known repositories are: 
2026-04-21 18:21:56.781 [DBG] [oshi.util.FileUtil] Reading file {}:[Ljava.lang.Object;@632a88b8
2026-04-21 18:21:56.781 [DBG] [oshi.util.FileUtil] Reading file {}:[Ljava.lang.Object;@25efa863
2026-04-21 18:21:56.781 [DBG] [oshi.util.FileUtil] Reading file {}:[Ljava.lang.Object;@4910dc1e
2026-04-21 18:21:56.782 [DBG] [oshi.util.FileUtil] Reading file {}:[Ljava.lang.Object;@117860ca
2026-04-21 18:21:56.782 [DBG] [oshi.util.FileUtil] Reading file {}:[Ljava.lang.Object;@26a04515
2026-04-21 18:21:56.783 [DBG] [oshi.util.FileUtil] Reading file {}:[Ljava.lang.Object;@7e544d12
2026-04-21 18:22:56.790 [DBG] [oshi.util.FileUtil] Reading file {}:[Ljava.lang.Object;@2981007
2026-04-21 18:22:56.790 [DBG] [oshi.util.FileUtil] Reading file {}:[Ljava.lang.Object;@145e5c80
2026-04-21 18:22:56.790 [DBG] [oshi.util.FileUtil] Reading file {}:[Ljava.lang.Object;@50071415
2026-04-21 18:22:56.791 [DBG] [oshi.util.FileUtil] Reading file {}:[Ljava.lang.Object;@4d7e2c53
2026-04-21 18:22:56.791 [DBG] [oshi.util.FileUtil] Reading file {}:[Ljava.lang.Object;@fa415d3
2026-04-21 18:22:56.791 [DBG] [oshi.util.FileUtil] Reading file {}:[Ljava.lang.Object;@6978e2fb
2026-04-21 18:23:56.795 [DBG] [oshi.util.FileUtil] Reading file {}:[Ljava.lang.Object;@797503d3
2026-04-21 18:23:56.795 [DBG] [oshi.util.FileUtil] Reading file {}:[Ljava.lang.Object;@76919a8c
2026-04-21 18:23:56.795 [DBG] [oshi.util.FileUtil] Reading file {}:[Ljava.lang.Object;@90d74d
2026-04-21 18:23:56.795 [DBG] [oshi.util.FileUtil] Reading file {}:[Ljava.lang.Object;@1823a334
2026-04-21 18:23:56.795 [DBG] [oshi.util.FileUtil] Reading file {}:[Ljava.lang.Object;@49194078
2026-04-21 18:23:56.795 [DBG] [oshi.util.FileUtil] Reading file {}:[Ljava.lang.Object;@33a6e62d
2026-04-21 18:24:56.801 [DBG] [oshi.util.FileUtil] Reading file {}:[Ljava.lang.Object;@58743422
2026-04-21 18:24:56.802 [DBG] [oshi.util.FileUtil] Reading file {}:[Ljava.lang.Object;@725ebb6f
2026-04-21 18:24:56.802 [DBG] [oshi.util.FileUtil] Reading file {}:[Ljava.lang.Object;@1b9d544b
2026-04-21 18:24:56.802 [DBG] [oshi.util.FileUtil] Reading file {}:[Ljava.lang.Object;@4174443d
2026-04-21 18:24:56.802 [DBG] [oshi.util.FileUtil] Reading file {}:[Ljava.lang.Object;@3858ad15
2026-04-21 18:24:56.802 [DBG] [oshi.util.FileUtil] Reading file {}:[Ljava.lang.Object;@3fdaecb2
2026-04-21 18:25:56.807 [DBG] [oshi.util.FileUtil] Reading file {}:[Ljava.lang.Object;@1c892dfa
2026-04-21 18:25:56.807 [DBG] [oshi.util.FileUtil] Reading file {}:[Ljava.lang.Object;@64716072
2026-04-21 18:25:56.807 [DBG] [oshi.util.FileUtil] Reading file {}:[Ljava.lang.Object;@4d1ac4a8
2026-04-21 18:25:56.807 [DBG] [oshi.util.FileUtil] Reading file {}:[Ljava.lang.Object;@2003dc11
2026-04-21 18:25:56.808 [DBG] [oshi.util.FileUtil] Reading file {}:[Ljava.lang.Object;@75b0d316
2026-04-21 18:25:56.808 [DBG] [oshi.util.FileUtil] Reading file {}:[Ljava.lang.Object;@1aad4f22
2026-04-21 18:26:56.814 [DBG] [oshi.util.FileUtil] Reading file {}:[Ljava.lang.Object;@68bbe122
2026-04-21 18:26:56.814 [DBG] [oshi.util.FileUtil] Reading file {}:[Ljava.lang.Object;@52af632
2026-04-21 18:26:56.815 [DBG] [oshi.util.FileUtil] Reading file {}:[Ljava.lang.Object;@57a2f3f8
2026-04-21 18:26:56.815 [DBG] [oshi.util.FileUtil] Reading file {}:[Ljava.lang.Object;@3f0b7f0b
2026-04-21 18:26:56.815 [DBG] [oshi.util.FileUtil] Reading file {}:[Ljava.lang.Object;@88e2b39
2026-04-21 18:26:56.815 [DBG] [oshi.util.FileUtil] Reading file {}:[Ljava.lang.Object;@5a47c77c
2026-04-21 18:27:56.821 [DBG] [oshi.util.FileUtil] Reading file {}:[Ljava.lang.Object;@267925f1
2026-04-21 18:27:56.821 [DBG] [oshi.util.FileUtil] Reading file {}:[Ljava.lang.Object;@1f175b02
2026-04-21 18:27:56.822 [DBG] [oshi.util.FileUtil] Reading file {}:[Ljava.lang.Object;@21b580de
2026-04-21 18:27:56.822 [DBG] [oshi.util.FileUtil] Reading file {}:[Ljava.lang.Object;@5643aaf3
2026-04-21 18:27:56.822 [DBG] [oshi.util.FileUtil] Reading file {}:[Ljava.lang.Object;@39fa4b67
2026-04-21 18:27:56.822 [DBG] [oshi.util.FileUtil] Reading file {}:[Ljava.lang.Object;@1c90c811
2026-04-21 18:28:56.828 [DBG] [oshi.util.FileUtil] Reading file {}:[Ljava.lang.Object;@6b4aa960
2026-04-21 18:28:56.828 [DBG] [oshi.util.FileUtil] Reading file {}:[Ljava.lang.Object;@210af2d9
2026-04-21 18:28:56.828 [DBG] [oshi.util.FileUtil] Reading file {}:[Ljava.lang.Object;@10cecdb8
2026-04-21 18:28:56.828 [DBG] [oshi.util.FileUtil] Reading file {}:[Ljava.lang.Object;@544685f7
2026-04-21 18:28:56.829 [DBG] [oshi.util.FileUtil] Reading file {}:[Ljava.lang.Object;@6af937b6
2026-04-21 18:28:56.829 [DBG] [oshi.util.FileUtil] Reading file {}:[Ljava.lang.Object;@1c139c0a
2026-04-21 18:29:56.834 [DBG] [oshi.util.FileUtil] Reading file {}:[Ljava.lang.Object;@26fd069c
2026-04-21 18:29:56.834 [DBG] [oshi.util.FileUtil] Reading file {}:[Ljava.lang.Object;@532af1ed
2026-04-21 18:29:56.834 [DBG] [oshi.util.FileUtil] Reading file {}:[Ljava.lang.Object;@37cd31a3
2026-04-21 18:29:56.835 [DBG] [oshi.util.FileUtil] Reading file {}:[Ljava.lang.Object;@3bc8d224
2026-04-21 18:29:56.835 [DBG] [oshi.util.FileUtil] Reading file {}:[Ljava.lang.Object;@754ffa27
2026-04-21 18:29:56.835 [DBG] [oshi.util.FileUtil] Reading file {}:[Ljava.lang.Object;@716ec8fa
2026-04-21 18:30:56.841 [DBG] [oshi.util.FileUtil] Reading file {}:[Ljava.lang.Object;@2137c052
2026-04-21 18:30:56.841 [DBG] [oshi.util.FileUtil] Reading file {}:[Ljava.lang.Object;@2a50c1a7
2026-04-21 18:30:56.841 [DBG] [oshi.util.FileUtil] Reading file {}:[Ljava.lang.Object;@60c2c8c9
2026-04-21 18:30:56.841 [DBG] [oshi.util.FileUtil] Reading file {}:[Ljava.lang.Object;@132eeece
2026-04-21 18:30:56.841 [DBG] [oshi.util.FileUtil] Reading file {}:[Ljava.lang.Object;@c8489a9
2026-04-21 18:30:56.841 [DBG] [oshi.util.FileUtil] Reading file {}:[Ljava.lang.Object;@20753c67
2026-04-21 18:31:56.848 [DBG] [oshi.util.FileUtil] Reading file {}:[Ljava.lang.Object;@265d90cd
2026-04-21 18:31:56.848 [DBG] [oshi.util.FileUtil] Reading file {}:[Ljava.lang.Object;@44c4db5b
2026-04-21 18:31:56.848 [DBG] [oshi.util.FileUtil] Reading file {}:[Ljava.lang.Object;@565f7e95
2026-04-21 18:31:56.848 [DBG] [oshi.util.FileUtil] Reading file {}:[Ljava.lang.Object;@15399bcb
2026-04-21 18:31:56.848 [DBG] [oshi.util.FileUtil] Reading file {}:[Ljava.lang.Object;@5f28ba59
2026-04-21 18:31:56.849 [DBG] [oshi.util.FileUtil] Reading file {}:[Ljava.lang.Object;@3dd4bce4
2026-04-21 18:32:56.854 [DBG] [oshi.util.FileUtil] Reading file {}:[Ljava.lang.Object;@6adae441
2026-04-21 18:32:56.854 [DBG] [oshi.util.FileUtil] Reading file {}:[Ljava.lang.Object;@651f1f6c
2026-04-21 18:32:56.854 [DBG] [oshi.util.FileUtil] Reading file {}:[Ljava.lang.Object;@4e4d0a69
2026-04-21 18:32:56.854 [DBG] [oshi.util.FileUtil] Reading file {}:[Ljava.lang.Object;@7669949f
2026-04-21 18:32:56.855 [DBG] [oshi.util.FileUtil] Reading file {}:[Ljava.lang.Object;@4bac8eff
2026-04-21 18:32:56.855 [DBG] [oshi.util.FileUtil] Reading file {}:[Ljava.lang.Object;@56d51c99
2026-04-21 18:33:56.859 [DBG] [oshi.util.FileUtil] Reading file {}:[Ljava.lang.Object;@43dba5b9
2026-04-21 18:33:56.860 [DBG] [oshi.util.FileUtil] Reading file {}:[Ljava.lang.Object;@4ad0d38f
2026-04-21 18:33:56.860 [DBG] [oshi.util.FileUtil] Reading file {}:[Ljava.lang.Object;@7f49dee7
2026-04-21 18:33:56.860 [DBG] [oshi.util.FileUtil] Reading file {}:[Ljava.lang.Object;@78ac121b
2026-04-21 18:33:56.860 [DBG] [oshi.util.FileUtil] Reading file {}:[Ljava.lang.Object;@66c496da
2026-04-21 18:33:56.860 [DBG] [oshi.util.FileUtil] Reading file {}:[Ljava.lang.Object;@2a447d26
2026-04-21 18:34:56.865 [DBG] [oshi.util.FileUtil] Reading file {}:[Ljava.lang.Object;@37122572
2026-04-21 18:34:56.865 [DBG] [oshi.util.FileUtil] Reading file {}:[Ljava.lang.Object;@d00ac15
2026-04-21 18:34:56.865 [DBG] [oshi.util.FileUtil] Reading file {}:[Ljava.lang.Object;@691c8ce
2026-04-21 18:34:56.865 [DBG] [oshi.util.FileUtil] Reading file {}:[Ljava.lang.Object;@76ea31fc
2026-04-21 18:34:56.865 [DBG] [oshi.util.FileUtil] Reading file {}:[Ljava.lang.Object;@5075b3e6
2026-04-21 18:34:56.865 [DBG] [oshi.util.FileUtil] Reading file {}:[Ljava.lang.Object;@589dcdf9
2026-04-21 18:35:56.871 [DBG] [oshi.util.FileUtil] Reading file {}:[Ljava.lang.Object;@26ec3fb9
2026-04-21 18:35:56.871 [DBG] [oshi.util.FileUtil] Reading file {}:[Ljava.lang.Object;@4b871c57
2026-04-21 18:35:56.871 [DBG] [oshi.util.FileUtil] Reading file {}:[Ljava.lang.Object;@23c57d05
2026-04-21 18:35:56.872 [DBG] [oshi.util.FileUtil] Reading file {}:[Ljava.lang.Object;@568699d1
2026-04-21 18:35:56.872 [DBG] [oshi.util.FileUtil] Reading file {}:[Ljava.lang.Object;@1150754f
2026-04-21 18:35:56.872 [DBG] [oshi.util.FileUtil] Reading file {}:[Ljava.lang.Object;@6246a696
2026-04-21 18:36:56.877 [DBG] [oshi.util.FileUtil] Reading file {}:[Ljava.lang.Object;@2716fb90
2026-04-21 18:36:56.877 [DBG] [oshi.util.FileUtil] Reading file {}:[Ljava.lang.Object;@ba1746f
2026-04-21 18:36:56.878 [DBG] [oshi.util.FileUtil] Reading file {}:[Ljava.lang.Object;@234edd2d
2026-04-21 18:36:56.878 [DBG] [oshi.util.FileUtil] Reading file {}:[Ljava.lang.Object;@526a231f
2026-04-21 18:36:56.878 [DBG] [oshi.util.FileUtil] Reading file {}:[Ljava.lang.Object;@42b088b9
2026-04-21 18:36:56.878 [DBG] [oshi.util.FileUtil] Reading file {}:[Ljava.lang.Object;@42b29e8c
2026-04-21 18:37:56.883 [DBG] [oshi.util.FileUtil] Reading file {}:[Ljava.lang.Object;@1eadc26f
2026-04-21 18:37:56.884 [DBG] [oshi.util.FileUtil] Reading file {}:[Ljava.lang.Object;@564aee1
2026-04-21 18:37:56.884 [DBG] [oshi.util.FileUtil] Reading file {}:[Ljava.lang.Object;@5af4a061
2026-04-21 18:37:56.884 [DBG] [oshi.util.FileUtil] Reading file {}:[Ljava.lang.Object;@1d0d60e0
2026-04-21 18:37:56.884 [DBG] [oshi.util.FileUtil] Reading file {}:[Ljava.lang.Object;@6d437794
2026-04-21 18:37:56.884 [DBG] [oshi.util.FileUtil] Reading file {}:[Ljava.lang.Object;@4df0cf7b
2026-04-21 18:38:56.888 [DBG] [oshi.util.FileUtil] Reading file {}:[Ljava.lang.Object;@10a92ade
2026-04-21 18:38:56.888 [DBG] [oshi.util.FileUtil] Reading file {}:[Ljava.lang.Object;@47270e62
2026-04-21 18:38:56.888 [DBG] [oshi.util.FileUtil] Reading file {}:[Ljava.lang.Object;@7c64ba0b
2026-04-21 18:38:56.888 [DBG] [oshi.util.FileUtil] Reading file {}:[Ljava.lang.Object;@1ff683ee
2026-04-21 18:38:56.888 [DBG] [oshi.util.FileUtil] Reading file {}:[Ljava.lang.Object;@46d0b514
2026-04-21 18:38:56.888 [DBG] [oshi.util.FileUtil] Reading file {}:[Ljava.lang.Object;@397bf7b2
2026-04-21 22:22:20,712 [    755]   WARN - #c.i.p.instanceContainer - InstanceNotOverridableException: Override failed for com.intellij.openapi.project.impl.ProjectStoreFactory: com.intellij.configurationScript.providers.ConfigurationScriptProjectStoreFactory attempts to override com.intellij.configurationStore.PlatformLangProjectStoreFactory, but the existing implementation is not overriddable (not declared as 'open=true')
2026-04-21 22:22:20,729 [    772]   WARN - #c.i.p.instanceContainer - InstanceNotOverridableException: Override failed for com.intellij.modcommand.ModCommandExecutor: com.jetbrains.rdserver.ui.intentions.RemoteModCommandExecutor attempts to override com.intellij.lang.impl.modcommand.ModCommandExecutorImpl, but the existing implementation is not overriddable (not declared as 'open=true')
2026-04-21 22:22:21,210 [   1253]   WARN - #c.i.o.v.n.p.FSRecords - Records storage [/home/neel/.cache/JetBrains/IntelliJIdea2026.1/caches/records.dat] was in use by process [OwnershipInfo{owner pid: 9176, acquired at: 1776775855279}] which is not exist now (wasn't closed properly/crashed?) -> re-acquiring forcibly
2026-04-21 22:22:21,215 [   1258]   WARN - #c.i.o.v.n.p.m.c.VFSContentStorageOverMMappedFile - Content map[/home/neel/.cache/JetBrains/IntelliJIdea2026.1/caches/content.dat.hashToId] is empty (or dropped) while content storage is not: re-building map from the storage
2026-04-21 22:22:21,258 [   1301]   WARN - #c.i.o.v.n.p.PersistentFSLoader - [VFS load problem]: VFS wasn't safely shut down: records.wasClosedProperly is false
WARNING: A terminally deprecated method in sun.misc.Unsafe has been called
WARNING: sun.misc.Unsafe::allocateMemory has been called by io.netty.util.internal.PlatformDependent0$2
WARNING: Please consider reporting this to the maintainers of class io.netty.util.internal.PlatformDependent0$2
WARNING: sun.misc.Unsafe::allocateMemory will be removed in a future release
SLF4J(E): A service provider failed to instantiate:
org.slf4j.spi.SLF4JServiceProvider: org.slf4j.jul.JULServiceProvider not a subtype
2026-04-21 22:22:21,387 [   1430]   WARN - #c.i.s.c.i.StationSocketConnectionLoop - Discovery connection failed with NoSuchFileException (/run/user/1000/jb.station.sock)
2026-04-21 22:22:21,685 [   1728]   WARN - #c.i.i.u.UiThemePaletteCheckBoxScope - Theme Islands Darcula: Checkbox.Background.Default.Dark is deprecated for new UI themes, use Checkbox.Background.Default instead
2026-04-21 22:22:21,686 [   1729]   WARN - #c.i.i.u.UiThemePaletteCheckBoxScope - Theme Islands Darcula: Checkbox.Border.Default.Dark is deprecated for new UI themes, use Checkbox.Border.Default instead
2026-04-21 22:22:21,687 [   1730]   WARN - #c.i.i.u.UiThemePaletteCheckBoxScope - Theme Islands Darcula: Checkbox.Border.Selected.Dark is deprecated for new UI themes, use Checkbox.Border.Selected instead
2026-04-21 22:22:21,687 [   1730]   WARN - #c.i.i.u.UiThemePaletteCheckBoxScope - Theme Islands Darcula: Checkbox.Foreground.Selected.Dark is deprecated for new UI themes, use Checkbox.Foreground.Selected instead
2026-04-21 22:22:21,687 [   1730]   WARN - #c.i.i.u.UiThemePaletteCheckBoxScope - Theme Islands Darcula: Checkbox.Focus.Wide.Dark is deprecated for new UI themes, use Checkbox.Focus.Wide instead
2026-04-21 22:22:21,687 [   1730]   WARN - #c.i.i.u.UiThemePaletteCheckBoxScope - Theme Islands Darcula: color key Checkbox.Focus.Thin.Default.Dark is not supported and therefore ignored
2026-04-21 22:22:21,688 [   1731]   WARN - #c.i.i.u.UiThemePaletteCheckBoxScope - Theme Islands Darcula: color key Checkbox.Focus.Thin.Selected.Dark is not supported and therefore ignored
2026-04-21 22:22:21,688 [   1731]   WARN - #c.i.i.u.UiThemePaletteCheckBoxScope - Theme Islands Darcula: Checkbox.Background.Disabled.Dark is deprecated for new UI themes, use Checkbox.Background.Disabled instead
2026-04-21 22:22:21,688 [   1731]   WARN - #c.i.i.u.UiThemePaletteCheckBoxScope - Theme Islands Darcula: Checkbox.Background.Selected.Dark is deprecated for new UI themes, use Checkbox.Background.Selected instead
2026-04-21 22:22:21,688 [   1731]   WARN - #c.i.i.u.UiThemePaletteCheckBoxScope - Theme Islands Darcula: Checkbox.Border.Disabled.Dark is deprecated for new UI themes, use Checkbox.Border.Disabled instead
2026-04-21 22:22:21,689 [   1732]   WARN - #c.i.i.u.UiThemePaletteCheckBoxScope - Theme Islands Darcula: Checkbox.Foreground.Disabled.Dark is deprecated for new UI themes, use Checkbox.Foreground.Disabled instead
2026-04-21 22:22:22,331 [   2374]   WARN - #c.i.o.v.n.p.PersistentFSLoader - [VFS load problem]: NOT_CLOSED_PROPERLY recovered, no problems remain
2026-04-21 22:22:22.885 [DBG] [oshi.util.FileUtil] No {} file found from ClassLoader {}:[Ljava.lang.Object;@3793cf84
2026-04-21 22:22:22.896 [DBG] [oshi.util.FileUtil] Reading file {}:[Ljava.lang.Object;@6b972f56
2026-04-21 22:22:22.896 [DBG] [oshi.util.FileUtil] Reading file {}:[Ljava.lang.Object;@34f3ab01
2026-04-21 22:22:22.899 [DBG] [oshi.util.FileUtil] Reading file {}:[Ljava.lang.Object;@2ddbaaff
2026-04-21 22:22:22.902 [DBG] [oshi.util.FileUtil] Reading file {}:[Ljava.lang.Object;@78e0760a
2026-04-21 22:22:22.902 [DBG] [oshi.software.os.linux.LinuxOperatingSystem] os-release: {}:[Ljava.lang.Object;@242b226a
2026-04-21 22:22:22.902 [DBG] [oshi.util.FileUtil] Reading file {}:[Ljava.lang.Object;@6cec52eb
2026-04-21 22:22:22.905 [DBG] [oshi.util.FileUtil] Reading file {}:[Ljava.lang.Object;@4a71f8dd
2026-04-21 22:22:22.905 [DBG] [oshi.util.FileUtil] Reading file {}:[Ljava.lang.Object;@683b8ec8
2026-04-21 22:22:22.905 [DBG] [oshi.util.FileUtil] Reading file {}:[Ljava.lang.Object;@466cbb41
2026-04-21 22:22:22.905 [DBG] [oshi.util.FileUtil] Reading file {}:[Ljava.lang.Object;@5bbd1189
2026-04-21 22:22:22.905 [DBG] [oshi.util.FileUtil] Reading file {}:[Ljava.lang.Object;@1ecfad33
2026-04-21 22:22:22.906 [DBG] [oshi.util.FileUtil] Reading file {}:[Ljava.lang.Object;@2a362dec
2026-04-21 22:22:22.906 [DBG] [oshi.util.FileUtil] Reading file {}:[Ljava.lang.Object;@3aa144bc
2026-04-21 22:22:22.906 [DBG] [oshi.util.FileUtil] Reading file {}:[Ljava.lang.Object;@5964c0ee
2026-04-21 22:22:27,788 [   7831]   WARN - #c.i.s.c.i.StationSocketConnectionLoop - RecentProjects connection failed with NoSuchFileException (/run/user/1000/jb.station.sock)
2026-04-21 22:22:27,795 [   7838]   WARN - #c.i.v.l.u.StorageId$Directory - Failed to move /home/neel/.cache/JetBrains/IntelliJIdea2026.1/vcs-log/Teacher_f83344ca_7025d08e/index to /home/neel/.cache/JetBrains/IntelliJIdea2026.1/vcs-log/Teacher_f83344ca_7025d08e/index
java.nio.file.NoSuchFileException: /home/neel/.cache/JetBrains/IntelliJIdea2026.1/vcs-log/Teacher_f83344ca_7025d08e/index
	at java.base/sun.nio.fs.UnixException.translateToIOException(UnixException.java:94)
	at java.base/sun.nio.fs.UnixException.rethrowAsIOException(UnixException.java:108)
	at java.base/sun.nio.fs.UnixException.rethrowAsIOException(UnixException.java:114)
	at java.base/sun.nio.fs.UnixFileSystem.move(UnixFileSystem.java:845)
	at java.base/sun.nio.fs.UnixFileSystemProvider.move(UnixFileSystemProvider.java:289)
	at com.intellij.platform.core.nio.fs.TracingFileSystemProvider.move(TracingFileSystemProvider.java:170)
	at java.base/java.nio.file.Files.move(Files.java:1319)
	at com.intellij.vcs.log.util.StorageId.cleanupAllStorageFiles(PersistentUtil.kt:58)
	at com.intellij.vcs.log.data.VcsLogStorageImpl.cleanupStorageFiles(VcsLogStorageImpl.java:396)
	at com.intellij.vcs.log.data.VcsLogStorageImpl.lambda$createStorageAndIndexBackend$4(VcsLogStorageImpl.java:389)
	at com.intellij.util.io.IOUtil.openCleanOrResetBroken(IOUtil.java:318)
	at com.intellij.vcs.log.data.VcsLogStorageImpl.createStorageAndIndexBackend(VcsLogStorageImpl.java:374)
	at com.intellij.vcs.log.data.VcsLogData.createStorageAndIndex(VcsLogData.kt:360)
	at com.intellij.vcs.log.data.VcsLogData.<init>(VcsLogData.kt:181)
	at com.intellij.vcs.log.impl.VcsLogManager.<init>(VcsLogManager.kt:86)
	at com.intellij.vcs.log.impl.IdeVcsLogManager.<init>(IdeVcsLogManager.kt:36)
	at com.intellij.vcs.log.impl.IdeVcsProjectLog.createLogManager(IdeVcsProjectLog.kt:58)
	at com.intellij.vcs.log.impl.VcsProjectLogBase.getOrCreateLogManager(VcsProjectLogBase.kt:211)
	at com.intellij.vcs.log.impl.VcsProjectLogBase.access$getOrCreateLogManager(VcsProjectLogBase.kt:55)
	at com.intellij.vcs.log.impl.VcsProjectLogBase$getOrCreateLogManager$2.invokeSuspend(VcsProjectLogBase.kt:198)
	at com.intellij.vcs.log.impl.VcsProjectLogBase$getOrCreateLogManager$2.invoke(VcsProjectLogBase.kt)
	at com.intellij.vcs.log.impl.VcsProjectLogBase$getOrCreateLogManager$2.invoke(VcsProjectLogBase.kt)
	at com.intellij.platform.backend.observation.PlatformActivityTrackerService$trackConfigurationActivity$2$1.invokeSuspend(PlatformActivityTrackerService.kt:76)
	at com.intellij.platform.backend.observation.PlatformActivityTrackerService$trackConfigurationActivity$2$1.invoke(PlatformActivityTrackerService.kt)
	at com.intellij.platform.backend.observation.PlatformActivityTrackerService$trackConfigurationActivity$2$1.invoke(PlatformActivityTrackerService.kt)
	at kotlinx.coroutines.intrinsics.UndispatchedKt.startUndspatched(Undispatched.kt:67)
	at kotlinx.coroutines.intrinsics.UndispatchedKt.startUndispatchedOrReturn(Undispatched.kt:43)
	at kotlinx.coroutines.BuildersKt__Builders_commonKt.withContext(Builders.common.kt:165)
	at kotlinx.coroutines.BuildersKt.withContext(Unknown Source)
	at com.intellij.platform.backend.observation.PlatformActivityTrackerService.trackConfigurationActivity(PlatformActivityTrackerService.kt:75)
	at com.intellij.platform.backend.observation.TrackingUtil.trackActivity(util.kt:23)
	at com.intellij.vcs.log.impl.VcsProjectLogBase.getOrCreateLogManager(VcsProjectLogBase.kt:197)
	at com.intellij.vcs.log.impl.VcsProjectLogBase.reinitUnsafe(VcsProjectLogBase.kt:173)
	at com.intellij.vcs.log.impl.VcsProjectLogBase.access$reinitUnsafe(VcsProjectLogBase.kt:55)
	at com.intellij.vcs.log.impl.VcsProjectLogBase$reinitAsync$1.invokeSuspend(VcsProjectLogBase.kt:167)
	at kotlin.coroutines.jvm.internal.BaseContinuationImpl.resumeWith(ContinuationImpl.kt:34)
	at kotlinx.coroutines.DispatchedTask.run(DispatchedTask.kt:100)
	at kotlinx.coroutines.scheduling.CoroutineScheduler.runSafely(CoroutineScheduler.kt:610)
	at kotlinx.coroutines.scheduling.CoroutineScheduler$Worker.runDefaultDispatcherTask(CoroutineScheduler.kt:1194)
	at kotlinx.coroutines.scheduling.CoroutineScheduler$Worker.executeTask(CoroutineScheduler.kt:906)
	at kotlinx.coroutines.scheduling.CoroutineScheduler$Worker.runWorker(CoroutineScheduler.kt:775)
	at kotlinx.coroutines.scheduling.CoroutineScheduler$Worker.run(CoroutineScheduler.kt:762)
2026-04-21 22:22:27,950 [   7993]   WARN - #c.i.v.g.r.GitRepositoriesHolder - State of repository RepositoryId(projectId=ProjectId#8mo6cuiob0022tjknpgj, rootPath=/home/neel/PROJECTS/Teacher_Content_Portal/Teacher_Content_Portal) is not synchronized. Known repositories are: 
2026-04-21 22:23:22.913 [DBG] [oshi.util.FileUtil] Reading file {}:[Ljava.lang.Object;@46c6d909
2026-04-21 22:23:22.913 [DBG] [oshi.util.FileUtil] Reading file {}:[Ljava.lang.Object;@22beedfe
2026-04-21 22:23:22.914 [DBG] [oshi.util.FileUtil] Reading file {}:[Ljava.lang.Object;@52252b0a
2026-04-21 22:23:22.914 [DBG] [oshi.util.FileUtil] Reading file {}:[Ljava.lang.Object;@65c4d662
2026-04-21 22:23:22.914 [DBG] [oshi.util.FileUtil] Reading file {}:[Ljava.lang.Object;@153a5542
2026-04-21 22:23:22.914 [DBG] [oshi.util.FileUtil] Reading file {}:[Ljava.lang.Object;@403e9b06
2026-04-21 22:24:11,706 [ 111749]   WARN - #git4idea.annotate.GitAnnotationProvider - Git annotations are empty for file /home/neel/PROJECTS/Teacher_Content_Portal/Teacher_Content_Portal/src/main/resources/static/js/student.js in revision 211c4b9cfcbb318732bc772590ec4d33e0c95175
2026-04-21 22:24:18,807 [ 118850]   WARN - #git4idea.annotate.GitAnnotationProvider - Git annotations are empty for file /home/neel/PROJECTS/Teacher_Content_Portal/Teacher_Content_Portal/src/main/resources/static/pages/studentdashboard.html in revision 7e513cc2147e2c45822edf42e52d6ce195427dd1
2026-04-21 22:24:22.920 [DBG] [oshi.util.FileUtil] Reading file {}:[Ljava.lang.Object;@3be207a
2026-04-21 22:24:22.920 [DBG] [oshi.util.FileUtil] Reading file {}:[Ljava.lang.Object;@49bbbdd0
2026-04-21 22:24:22.920 [DBG] [oshi.util.FileUtil] Reading file {}:[Ljava.lang.Object;@3678c8
2026-04-21 22:24:22.920 [DBG] [oshi.util.FileUtil] Reading file {}:[Ljava.lang.Object;@685d26e2
2026-04-21 22:24:22.921 [DBG] [oshi.util.FileUtil] Reading file {}:[Ljava.lang.Object;@1a927663
2026-04-21 22:24:22.921 [DBG] [oshi.util.FileUtil] Reading file {}:[Ljava.lang.Object;@e530ddc
2026-04-21 22:25:22.927 [DBG] [oshi.util.FileUtil] Reading file {}:[Ljava.lang.Object;@1c7b6b77
2026-04-21 22:25:22.927 [DBG] [oshi.util.FileUtil] Reading file {}:[Ljava.lang.Object;@487cf377
2026-04-21 22:25:22.927 [DBG] [oshi.util.FileUtil] Reading file {}:[Ljava.lang.Object;@a82b885
2026-04-21 22:25:22.928 [DBG] [oshi.util.FileUtil] Reading file {}:[Ljava.lang.Object;@54ccd9a9
2026-04-21 22:25:22.928 [DBG] [oshi.util.FileUtil] Reading file {}:[Ljava.lang.Object;@13ab3094
2026-04-21 22:25:22.928 [DBG] [oshi.util.FileUtil] Reading file {}:[Ljava.lang.Object;@3ce38edd
2026-04-21 22:26:22.933 [DBG] [oshi.util.FileUtil] Reading file {}:[Ljava.lang.Object;@161a3
2026-04-21 22:26:22.933 [DBG] [oshi.util.FileUtil] Reading file {}:[Ljava.lang.Object;@2771830e
2026-04-21 22:26:22.933 [DBG] [oshi.util.FileUtil] Reading file {}:[Ljava.lang.Object;@21fc0ff8
2026-04-21 22:26:22.934 [DBG] [oshi.util.FileUtil] Reading file {}:[Ljava.lang.Object;@72166348
2026-04-21 22:26:22.934 [DBG] [oshi.util.FileUtil] Reading file {}:[Ljava.lang.Object;@799108d0
2026-04-21 22:26:22.934 [DBG] [oshi.util.FileUtil] Reading file {}:[Ljava.lang.Object;@52d39d1f
2026-04-21 22:27:22.940 [DBG] [oshi.util.FileUtil] Reading file {}:[Ljava.lang.Object;@11d8628d
2026-04-21 22:27:22.941 [DBG] [oshi.util.FileUtil] Reading file {}:[Ljava.lang.Object;@54b06e45
2026-04-21 22:27:22.941 [DBG] [oshi.util.FileUtil] Reading file {}:[Ljava.lang.Object;@7cb66fea
2026-04-21 22:27:22.941 [DBG] [oshi.util.FileUtil] Reading file {}:[Ljava.lang.Object;@6d2c01ae
2026-04-21 22:27:22.941 [DBG] [oshi.util.FileUtil] Reading file {}:[Ljava.lang.Object;@3f32da8c
2026-04-21 22:27:22.941 [DBG] [oshi.util.FileUtil] Reading file {}:[Ljava.lang.Object;@68275969
2026-04-21 22:28:22.947 [DBG] [oshi.util.FileUtil] Reading file {}:[Ljava.lang.Object;@21bfdc5d
2026-04-21 22:28:22.948 [DBG] [oshi.util.FileUtil] Reading file {}:[Ljava.lang.Object;@3bb2aba0
2026-04-21 22:28:22.948 [DBG] [oshi.util.FileUtil] Reading file {}:[Ljava.lang.Object;@77162141
2026-04-21 22:28:22.956 [DBG] [oshi.util.FileUtil] Reading file {}:[Ljava.lang.Object;@66bdf470
2026-04-21 22:28:22.956 [DBG] [oshi.util.FileUtil] Reading file {}:[Ljava.lang.Object;@39bf91ce
2026-04-21 22:28:22.956 [DBG] [oshi.util.FileUtil] Reading file {}:[Ljava.lang.Object;@177ed2f2
2026-04-21 22:29:22.962 [DBG] [oshi.util.FileUtil] Reading file {}:[Ljava.lang.Object;@41bb2d61
2026-04-21 22:29:22.962 [DBG] [oshi.util.FileUtil] Reading file {}:[Ljava.lang.Object;@60a2dc7a
2026-04-21 22:29:22.962 [DBG] [oshi.util.FileUtil] Reading file {}:[Ljava.lang.Object;@1700d71d
2026-04-21 22:29:22.963 [DBG] [oshi.util.FileUtil] Reading file {}:[Ljava.lang.Object;@ffc188c
2026-04-21 22:29:22.963 [DBG] [oshi.util.FileUtil] Reading file {}:[Ljava.lang.Object;@17b4ec37
2026-04-21 22:29:22.963 [DBG] [oshi.util.FileUtil] Reading file {}:[Ljava.lang.Object;@6103b3b7
2026-04-21 22:30:22.969 [DBG] [oshi.util.FileUtil] Reading file {}:[Ljava.lang.Object;@a7fd860
2026-04-21 22:30:22.969 [DBG] [oshi.util.FileUtil] Reading file {}:[Ljava.lang.Object;@70d881a8
2026-04-21 22:30:22.969 [DBG] [oshi.util.FileUtil] Reading file {}:[Ljava.lang.Object;@21839f4d
2026-04-21 22:30:22.969 [DBG] [oshi.util.FileUtil] Reading file {}:[Ljava.lang.Object;@5c2da95a
2026-04-21 22:30:22.970 [DBG] [oshi.util.FileUtil] Reading file {}:[Ljava.lang.Object;@2865d667
2026-04-21 22:30:22.970 [DBG] [oshi.util.FileUtil] Reading file {}:[Ljava.lang.Object;@1c84c702
2026-04-21 22:31:22.975 [DBG] [oshi.util.FileUtil] Reading file {}:[Ljava.lang.Object;@5a4069d7
2026-04-21 22:31:22.975 [DBG] [oshi.util.FileUtil] Reading file {}:[Ljava.lang.Object;@14530d10
2026-04-21 22:31:22.975 [DBG] [oshi.util.FileUtil] Reading file {}:[Ljava.lang.Object;@e815fa5
2026-04-21 22:31:22.975 [DBG] [oshi.util.FileUtil] Reading file {}:[Ljava.lang.Object;@7efd095c
2026-04-21 22:31:22.976 [DBG] [oshi.util.FileUtil] Reading file {}:[Ljava.lang.Object;@27aad985
2026-04-21 22:31:22.976 [DBG] [oshi.util.FileUtil] Reading file {}:[Ljava.lang.Object;@2b1d6bed
2026-04-21 22:32:22.980 [DBG] [oshi.util.FileUtil] Reading file {}:[Ljava.lang.Object;@74cad2a9
2026-04-21 22:32:22.980 [DBG] [oshi.util.FileUtil] Reading file {}:[Ljava.lang.Object;@73152149
2026-04-21 22:32:22.980 [DBG] [oshi.util.FileUtil] Reading file {}:[Ljava.lang.Object;@314e15b5
2026-04-21 22:32:22.981 [DBG] [oshi.util.FileUtil] Reading file {}:[Ljava.lang.Object;@7acccce0
2026-04-21 22:32:22.981 [DBG] [oshi.util.FileUtil] Reading file {}:[Ljava.lang.Object;@5831068a
2026-04-21 22:32:22.981 [DBG] [oshi.util.FileUtil] Reading file {}:[Ljava.lang.Object;@2746bac
2026-04-21 22:32:39,083 [ 619126]   WARN - org.apache.velocity.deprecation - configuration key 'resource.loader' has been deprecated in favor of 'resource.loaders'
2026-04-21 22:32:39,084 [ 619127]   WARN - org.apache.velocity.deprecation - configuration key 'includes.resource.loader.instance' has been deprecated in favor of 'resource.loader.includes.instance'
2026-04-21 22:33:22.986 [DBG] [oshi.util.FileUtil] Reading file {}:[Ljava.lang.Object;@587d9c72
2026-04-21 22:33:22.987 [DBG] [oshi.util.FileUtil] Reading file {}:[Ljava.lang.Object;@728eafaf
2026-04-21 22:33:22.987 [DBG] [oshi.util.FileUtil] Reading file {}:[Ljava.lang.Object;@3e69b6bb
2026-04-21 22:33:22.987 [DBG] [oshi.util.FileUtil] Reading file {}:[Ljava.lang.Object;@6cc7242d
2026-04-21 22:33:22.987 [DBG] [oshi.util.FileUtil] Reading file {}:[Ljava.lang.Object;@586dbbcb
2026-04-21 22:33:22.987 [DBG] [oshi.util.FileUtil] Reading file {}:[Ljava.lang.Object;@5f1994be
2026-04-21 22:34:22.993 [DBG] [oshi.util.FileUtil] Reading file {}:[Ljava.lang.Object;@62c58019
2026-04-21 22:34:22.993 [DBG] [oshi.util.FileUtil] Reading file {}:[Ljava.lang.Object;@1b1629ab
2026-04-21 22:34:22.993 [DBG] [oshi.util.FileUtil] Reading file {}:[Ljava.lang.Object;@3b36d69b
2026-04-21 22:34:22.993 [DBG] [oshi.util.FileUtil] Reading file {}:[Ljava.lang.Object;@1d81293b
2026-04-21 22:34:22.994 [DBG] [oshi.util.FileUtil] Reading file {}:[Ljava.lang.Object;@538ab7da
2026-04-21 22:34:22.994 [DBG] [oshi.util.FileUtil] Reading file {}:[Ljava.lang.Object;@79fb9771
2026-04-21 22:35:22.999 [DBG] [oshi.util.FileUtil] Reading file {}:[Ljava.lang.Object;@775743ef
2026-04-21 22:35:22.999 [DBG] [oshi.util.FileUtil] Reading file {}:[Ljava.lang.Object;@26201fa4
2026-04-21 22:35:22.999 [DBG] [oshi.util.FileUtil] Reading file {}:[Ljava.lang.Object;@42480181
2026-04-21 22:35:22.999 [DBG] [oshi.util.FileUtil] Reading file {}:[Ljava.lang.Object;@5d868a1e
2026-04-21 22:35:23.000 [DBG] [oshi.util.FileUtil] Reading file {}:[Ljava.lang.Object;@1083e27a
2026-04-21 22:35:23.000 [DBG] [oshi.util.FileUtil] Reading file {}:[Ljava.lang.Object;@367812f1
2026-04-21 22:36:23.005 [DBG] [oshi.util.FileUtil] Reading file {}:[Ljava.lang.Object;@2e6a7815
2026-04-21 22:36:23.005 [DBG] [oshi.util.FileUtil] Reading file {}:[Ljava.lang.Object;@37a69149
2026-04-21 22:36:23.005 [DBG] [oshi.util.FileUtil] Reading file {}:[Ljava.lang.Object;@240b5f32
2026-04-21 22:36:23.006 [DBG] [oshi.util.FileUtil] Reading file {}:[Ljava.lang.Object;@431c3c33
2026-04-21 22:36:23.006 [DBG] [oshi.util.FileUtil] Reading file {}:[Ljava.lang.Object;@3e4b5e95
2026-04-21 22:36:23.006 [DBG] [oshi.util.FileUtil] Reading file {}:[Ljava.lang.Object;@3de4accc
2026-04-21 22:37:23.011 [DBG] [oshi.util.FileUtil] Reading file {}:[Ljava.lang.Object;@2cb07cb5
2026-04-21 22:37:23.011 [DBG] [oshi.util.FileUtil] Reading file {}:[Ljava.lang.Object;@13d7734d
2026-04-21 22:37:23.011 [DBG] [oshi.util.FileUtil] Reading file {}:[Ljava.lang.Object;@b498efb
2026-04-21 22:37:23.011 [DBG] [oshi.util.FileUtil] Reading file {}:[Ljava.lang.Object;@481e12c5
2026-04-21 22:37:23.011 [DBG] [oshi.util.FileUtil] Reading file {}:[Ljava.lang.Object;@67649aa7
2026-04-21 22:37:23.012 [DBG] [oshi.util.FileUtil] Reading file {}:[Ljava.lang.Object;@4f81c01d
2026-04-21 22:37:26,702 [ 906745]   WARN - #c.i.h.e.i.e.HttpRequestHandlerV2 - Connection refused: localhost/[0:0:0:0:0:0:0:1]:8080
io.netty.channel.AbstractChannel$AnnotatedConnectException: Connection refused: localhost/[0:0:0:0:0:0:0:1]:8080
Caused by: java.net.ConnectException: Connection refused
	at java.base/sun.nio.ch.Net.pollConnect(Native Method)
	at java.base/sun.nio.ch.Net.pollConnectNow(Net.java:639)
	at java.base/sun.nio.ch.SocketChannelImpl.finishConnect(SocketChannelImpl.java:1046)
	at io.netty.channel.socket.nio.NioSocketChannel.doFinishConnect(NioSocketChannel.java:330)
	at io.netty.channel.nio.AbstractNioChannel$AbstractNioUnsafe.finishConnect(AbstractNioChannel.java:384)
	at io.netty.channel.nio.AbstractNioChannel$AbstractNioUnsafe.handle(AbstractNioChannel.java:431)
	at io.netty.channel.nio.NioIoHandler$DefaultNioRegistration.handle(NioIoHandler.java:386)
	at io.netty.channel.nio.NioIoHandler.processSelectedKey(NioIoHandler.java:585)
	at io.netty.channel.nio.NioIoHandler.processSelectedKeysOptimized(NioIoHandler.java:560)
	at io.netty.channel.nio.NioIoHandler.processSelectedKeys(NioIoHandler.java:501)
	at io.netty.channel.nio.NioIoHandler.run(NioIoHandler.java:478)
	at io.netty.channel.SingleThreadIoEventLoop.runIo(SingleThreadIoEventLoop.java:203)
	at io.netty.channel.SingleThreadIoEventLoop.run(SingleThreadIoEventLoop.java:174)
	at io.netty.util.concurrent.SingleThreadEventExecutor$5.run(SingleThreadEventExecutor.java:1123)
	at io.netty.util.internal.ThreadExecutorMap$2.run(ThreadExecutorMap.java:74)
	at com.intellij.util.concurrency.ChildContext$runInChildContext$1.invoke(propagation.kt:192)
	at com.intellij.util.concurrency.ChildContext$runInChildContext$1.invoke(propagation.kt:192)
	at com.intellij.util.concurrency.ChildContext.runInChildContext(propagation.kt:198)
	at com.intellij.util.concurrency.ChildContext.runInChildContext(propagation.kt:192)
	at com.intellij.util.concurrency.ContextRunnable.lambda$run$0(ContextRunnable.java:26)
	at com.intellij.concurrency.ThreadContext.resetThreadContext(threadContext.kt:294)
	at com.intellij.util.concurrency.ContextRunnable.run(ContextRunnable.java:25)
	at com.intellij.util.concurrency.BoundedTaskExecutor.doRun(BoundedTaskExecutor.java:271)
	at com.intellij.util.concurrency.BoundedTaskExecutor.access$200(BoundedTaskExecutor.java:44)
	at com.intellij.util.concurrency.BoundedTaskExecutor$1.executeFirstTaskAndHelpQueue(BoundedTaskExecutor.java:249)
	at com.intellij.util.ConcurrencyUtil.runUnderThreadName(ConcurrencyUtil.java:265)
	at com.intellij.util.concurrency.BoundedTaskExecutor$1.run(BoundedTaskExecutor.java:234)
	at java.base/java.util.concurrent.ThreadPoolExecutor.runWorker(ThreadPoolExecutor.java:1090)
	at java.base/java.util.concurrent.ThreadPoolExecutor$Worker.run(ThreadPoolExecutor.java:614)
	at java.base/java.util.concurrent.Executors$PrivilegedThreadFactory$1.run(Executors.java:649)
	at java.base/java.lang.Thread.run(Thread.java:1474)
2026-04-21 22:37:26,704 [ 906747]   WARN - #c.i.h.e.c.RunContext - Suppressed a frequent exception logged for the 2nd time: Connection refused: localhost/[0:0:0:0:0:0:0:1]:8080
2026-04-21 22:37:45,884 [ 925927]   WARN - #c.i.p.u.w.JavaProfilerWidgetLiveChart - Premature EOF
java.io.IOException: Premature EOF
	at jdk.attach/sun.tools.attach.HotSpotVirtualMachine.readInt(HotSpotVirtualMachine.java:450)
	at jdk.attach/sun.tools.attach.HotSpotVirtualMachine.processCompletionStatus(HotSpotVirtualMachine.java:487)
	at jdk.attach/sun.tools.attach.VirtualMachineImpl.execute(VirtualMachineImpl.java:193)
	at jdk.attach/sun.tools.attach.HotSpotVirtualMachine.executeCommand(HotSpotVirtualMachine.java:334)
	at jdk.attach/sun.tools.attach.HotSpotVirtualMachine.executeJCmd(HotSpotVirtualMachine.java:316)
	at jdk.attach/sun.tools.attach.HotSpotVirtualMachine.startLocalManagementAgent(HotSpotVirtualMachine.java:275)
	at com.intellij.profiler.api.monitor.JMXProcessMonitor._init_$lambda$0(ProcessMonitor.kt:77)
	at java.base/java.util.concurrent.FutureTask.run(FutureTask.java:328)
	at java.base/java.util.concurrent.ThreadPoolExecutor.runWorker(ThreadPoolExecutor.java:1090)
	at java.base/java.util.concurrent.ThreadPoolExecutor$Worker.run(ThreadPoolExecutor.java:614)
	at java.base/java.lang.Thread.run(Thread.java:1474)
2026-04-21 22:38:23.017 [DBG] [oshi.util.FileUtil] Reading file {}:[Ljava.lang.Object;@346c004a
2026-04-21 22:38:23.018 [DBG] [oshi.util.FileUtil] Reading file {}:[Ljava.lang.Object;@7205581
2026-04-21 22:38:23.018 [DBG] [oshi.util.FileUtil] Reading file {}:[Ljava.lang.Object;@513bfc0e
2026-04-21 22:38:23.018 [DBG] [oshi.util.FileUtil] Reading file {}:[Ljava.lang.Object;@302c91ba
2026-04-21 22:38:23.018 [DBG] [oshi.util.FileUtil] Reading file {}:[Ljava.lang.Object;@6416b9a5
2026-04-21 22:38:23.018 [DBG] [oshi.util.FileUtil] Reading file {}:[Ljava.lang.Object;@619f74fb
2026-04-21 22:39:23.024 [DBG] [oshi.util.FileUtil] Reading file {}:[Ljava.lang.Object;@44987df2
2026-04-21 22:39:23.024 [DBG] [oshi.util.FileUtil] Reading file {}:[Ljava.lang.Object;@55367d8d
2026-04-21 22:39:23.025 [DBG] [oshi.util.FileUtil] Reading file {}:[Ljava.lang.Object;@6e67184a
2026-04-21 22:39:23.025 [DBG] [oshi.util.FileUtil] Reading file {}:[Ljava.lang.Object;@785a06
2026-04-21 22:39:23.025 [DBG] [oshi.util.FileUtil] Reading file {}:[Ljava.lang.Object;@788d016
2026-04-21 22:39:23.025 [DBG] [oshi.util.FileUtil] Reading file {}:[Ljava.lang.Object;@61b41f7f
2026-04-21 22:40:23.031 [DBG] [oshi.util.FileUtil] Reading file {}:[Ljava.lang.Object;@26844ccd
2026-04-21 22:40:23.031 [DBG] [oshi.util.FileUtil] Reading file {}:[Ljava.lang.Object;@382ed9b2
2026-04-21 22:40:23.031 [DBG] [oshi.util.FileUtil] Reading file {}:[Ljava.lang.Object;@46e852d4
2026-04-21 22:40:23.031 [DBG] [oshi.util.FileUtil] Reading file {}:[Ljava.lang.Object;@1a731cb3
2026-04-21 22:40:23.031 [DBG] [oshi.util.FileUtil] Reading file {}:[Ljava.lang.Object;@1e15c914
2026-04-21 22:40:23.031 [DBG] [oshi.util.FileUtil] Reading file {}:[Ljava.lang.Object;@5038602d
2026-04-21 22:41:23.037 [DBG] [oshi.util.FileUtil] Reading file {}:[Ljava.lang.Object;@4ec8825
2026-04-21 22:41:23.037 [DBG] [oshi.util.FileUtil] Reading file {}:[Ljava.lang.Object;@1eb05def
2026-04-21 22:41:23.037 [DBG] [oshi.util.FileUtil] Reading file {}:[Ljava.lang.Object;@1cb0197f
2026-04-21 22:41:23.037 [DBG] [oshi.util.FileUtil] Reading file {}:[Ljava.lang.Object;@623df593
2026-04-21 22:41:23.037 [DBG] [oshi.util.FileUtil] Reading file {}:[Ljava.lang.Object;@2f0f451
2026-04-21 22:41:23.037 [DBG] [oshi.util.FileUtil] Reading file {}:[Ljava.lang.Object;@1eb38ec5
2026-04-21 22:42:23.043 [DBG] [oshi.util.FileUtil] Reading file {}:[Ljava.lang.Object;@5327e5eb
2026-04-21 22:42:23.043 [DBG] [oshi.util.FileUtil] Reading file {}:[Ljava.lang.Object;@1cf5f4f4
2026-04-21 22:42:23.043 [DBG] [oshi.util.FileUtil] Reading file {}:[Ljava.lang.Object;@2b3b72b6
2026-04-21 22:42:23.044 [DBG] [oshi.util.FileUtil] Reading file {}:[Ljava.lang.Object;@48acc808
2026-04-21 22:42:23.044 [DBG] [oshi.util.FileUtil] Reading file {}:[Ljava.lang.Object;@24c8744b
2026-04-21 22:42:23.044 [DBG] [oshi.util.FileUtil] Reading file {}:[Ljava.lang.Object;@17a97672
2026-04-21 22:43:23.049 [DBG] [oshi.util.FileUtil] Reading file {}:[Ljava.lang.Object;@2d048d2b
2026-04-21 22:43:23.049 [DBG] [oshi.util.FileUtil] Reading file {}:[Ljava.lang.Object;@1b7b90a7
2026-04-21 22:43:23.049 [DBG] [oshi.util.FileUtil] Reading file {}:[Ljava.lang.Object;@54a88402
2026-04-21 22:43:23.049 [DBG] [oshi.util.FileUtil] Reading file {}:[Ljava.lang.Object;@71b4d4e8
2026-04-21 22:43:23.049 [DBG] [oshi.util.FileUtil] Reading file {}:[Ljava.lang.Object;@78d07220
2026-04-21 22:43:23.049 [DBG] [oshi.util.FileUtil] Reading file {}:[Ljava.lang.Object;@3f693b35
2026-04-21 22:44:23.055 [DBG] [oshi.util.FileUtil] Reading file {}:[Ljava.lang.Object;@49576b3f
2026-04-21 22:44:23.055 [DBG] [oshi.util.FileUtil] Reading file {}:[Ljava.lang.Object;@3222aed8
2026-04-21 22:44:23.055 [DBG] [oshi.util.FileUtil] Reading file {}:[Ljava.lang.Object;@300c4eda
2026-04-21 22:44:23.055 [DBG] [oshi.util.FileUtil] Reading file {}:[Ljava.lang.Object;@387b2f
2026-04-21 22:44:23.055 [DBG] [oshi.util.FileUtil] Reading file {}:[Ljava.lang.Object;@72c4e684
2026-04-21 22:44:23.055 [DBG] [oshi.util.FileUtil] Reading file {}:[Ljava.lang.Object;@5537c26a
2026-04-21 22:45:23.061 [DBG] [oshi.util.FileUtil] Reading file {}:[Ljava.lang.Object;@440da48c
2026-04-21 22:45:23.061 [DBG] [oshi.util.FileUtil] Reading file {}:[Ljava.lang.Object;@468f658c
2026-04-21 22:45:23.062 [DBG] [oshi.util.FileUtil] Reading file {}:[Ljava.lang.Object;@55476cc5
2026-04-21 22:45:23.062 [DBG] [oshi.util.FileUtil] Reading file {}:[Ljava.lang.Object;@cfe178b
2026-04-21 22:45:23.062 [DBG] [oshi.util.FileUtil] Reading file {}:[Ljava.lang.Object;@257eeb5c
2026-04-21 22:45:23.062 [DBG] [oshi.util.FileUtil] Reading file {}:[Ljava.lang.Object;@1860497a
2026-04-21 22:46:23.067 [DBG] [oshi.util.FileUtil] Reading file {}:[Ljava.lang.Object;@4843b8a8
2026-04-21 22:46:23.067 [DBG] [oshi.util.FileUtil] Reading file {}:[Ljava.lang.Object;@3d1a5a2b
2026-04-21 22:46:23.067 [DBG] [oshi.util.FileUtil] Reading file {}:[Ljava.lang.Object;@8bbaf70
2026-04-21 22:46:23.067 [DBG] [oshi.util.FileUtil] Reading file {}:[Ljava.lang.Object;@3e3b897b
2026-04-21 22:46:23.067 [DBG] [oshi.util.FileUtil] Reading file {}:[Ljava.lang.Object;@6be8e0ec
2026-04-21 22:46:23.067 [DBG] [oshi.util.FileUtil] Reading file {}:[Ljava.lang.Object;@44c34b8
2026-04-21 22:47:23.072 [DBG] [oshi.util.FileUtil] Reading file {}:[Ljava.lang.Object;@7939cdf8
2026-04-21 22:47:23.072 [DBG] [oshi.util.FileUtil] Reading file {}:[Ljava.lang.Object;@718b5128
2026-04-21 22:47:23.072 [DBG] [oshi.util.FileUtil] Reading file {}:[Ljava.lang.Object;@84d4be3
2026-04-21 22:47:23.073 [DBG] [oshi.util.FileUtil] Reading file {}:[Ljava.lang.Object;@363f380
2026-04-21 22:47:23.073 [DBG] [oshi.util.FileUtil] Reading file {}:[Ljava.lang.Object;@3402b819
2026-04-21 22:47:23.073 [DBG] [oshi.util.FileUtil] Reading file {}:[Ljava.lang.Object;@1f2bbda0
2026-04-22 00:21:20,579 [    401]   WARN - #c.i.p.instanceContainer - InstanceNotOverridableException: Override failed for com.intellij.openapi.project.impl.ProjectStoreFactory: com.intellij.configurationScript.providers.ConfigurationScriptProjectStoreFactory attempts to override com.intellij.configurationStore.PlatformLangProjectStoreFactory, but the existing implementation is not overriddable (not declared as 'open=true')
2026-04-22 00:21:20,594 [    416]   WARN - #c.i.p.instanceContainer - InstanceNotOverridableException: Override failed for com.intellij.modcommand.ModCommandExecutor: com.jetbrains.rdserver.ui.intentions.RemoteModCommandExecutor attempts to override com.intellij.lang.impl.modcommand.ModCommandExecutorImpl, but the existing implementation is not overriddable (not declared as 'open=true')
2026-04-22 00:21:20,920 [    742]   WARN - #c.i.o.v.n.p.FSRecords - Records storage [/home/neel/.cache/JetBrains/IntelliJIdea2026.1/caches/records.dat] was in use by process [OwnershipInfo{owner pid: 5726, acquired at: 1776790341209}] which is not exist now (wasn't closed properly/crashed?) -> re-acquiring forcibly
2026-04-22 00:21:20,922 [    744]   WARN - #c.i.o.v.n.p.m.c.VFSContentStorageOverMMappedFile - Content map[/home/neel/.cache/JetBrains/IntelliJIdea2026.1/caches/content.dat.hashToId] is empty (or dropped) while content storage is not: re-building map from the storage
2026-04-22 00:21:20,945 [    767]   WARN - #c.i.o.v.n.p.PersistentFSLoader - [VFS load problem]: VFS wasn't safely shut down: records.wasClosedProperly is false
WARNING: A terminally deprecated method in sun.misc.Unsafe has been called
WARNING: sun.misc.Unsafe::allocateMemory has been called by io.netty.util.internal.PlatformDependent0$2
WARNING: Please consider reporting this to the maintainers of class io.netty.util.internal.PlatformDependent0$2
WARNING: sun.misc.Unsafe::allocateMemory will be removed in a future release
SLF4J(E): A service provider failed to instantiate:
org.slf4j.spi.SLF4JServiceProvider: org.slf4j.jul.JULServiceProvider not a subtype
2026-04-22 00:21:21,205 [   1027]   WARN - #c.i.i.u.UiThemePaletteCheckBoxScope - Theme Islands Darcula: Checkbox.Background.Default.Dark is deprecated for new UI themes, use Checkbox.Background.Default instead
2026-04-22 00:21:21,205 [   1027]   WARN - #c.i.i.u.UiThemePaletteCheckBoxScope - Theme Islands Darcula: Checkbox.Border.Default.Dark is deprecated for new UI themes, use Checkbox.Border.Default instead
2026-04-22 00:21:21,205 [   1027]   WARN - #c.i.i.u.UiThemePaletteCheckBoxScope - Theme Islands Darcula: Checkbox.Border.Selected.Dark is deprecated for new UI themes, use Checkbox.Border.Selected instead
2026-04-22 00:21:21,205 [   1027]   WARN - #c.i.i.u.UiThemePaletteCheckBoxScope - Theme Islands Darcula: Checkbox.Foreground.Selected.Dark is deprecated for new UI themes, use Checkbox.Foreground.Selected instead
2026-04-22 00:21:21,205 [   1027]   WARN - #c.i.i.u.UiThemePaletteCheckBoxScope - Theme Islands Darcula: Checkbox.Focus.Wide.Dark is deprecated for new UI themes, use Checkbox.Focus.Wide instead
2026-04-22 00:21:21,205 [   1027]   WARN - #c.i.i.u.UiThemePaletteCheckBoxScope - Theme Islands Darcula: color key Checkbox.Focus.Thin.Default.Dark is not supported and therefore ignored
2026-04-22 00:21:21,205 [   1027]   WARN - #c.i.i.u.UiThemePaletteCheckBoxScope - Theme Islands Darcula: color key Checkbox.Focus.Thin.Selected.Dark is not supported and therefore ignored
2026-04-22 00:21:21,206 [   1028]   WARN - #c.i.i.u.UiThemePaletteCheckBoxScope - Theme Islands Darcula: Checkbox.Background.Disabled.Dark is deprecated for new UI themes, use Checkbox.Background.Disabled instead
2026-04-22 00:21:21,206 [   1028]   WARN - #c.i.i.u.UiThemePaletteCheckBoxScope - Theme Islands Darcula: Checkbox.Background.Selected.Dark is deprecated for new UI themes, use Checkbox.Background.Selected instead
2026-04-22 00:21:21,206 [   1028]   WARN - #c.i.i.u.UiThemePaletteCheckBoxScope - Theme Islands Darcula: Checkbox.Border.Disabled.Dark is deprecated for new UI themes, use Checkbox.Border.Disabled instead
2026-04-22 00:21:21,206 [   1028]   WARN - #c.i.i.u.UiThemePaletteCheckBoxScope - Theme Islands Darcula: Checkbox.Foreground.Disabled.Dark is deprecated for new UI themes, use Checkbox.Foreground.Disabled instead
2026-04-22 00:21:21,206 [   1028]   WARN - #c.i.s.c.i.StationSocketConnectionLoop - Discovery connection failed with NoSuchFileException (/run/user/1000/jb.station.sock)
2026-04-22 00:21:21,653 [   1475]   WARN - #c.i.o.v.n.p.PersistentFSLoader - [VFS load problem]: NOT_CLOSED_PROPERLY recovered, no problems remain
2026-04-22 00:21:22.410 [DBG] [oshi.util.FileUtil] No {} file found from ClassLoader {}:[Ljava.lang.Object;@7f5ae22b
2026-04-22 00:21:22.417 [DBG] [oshi.util.FileUtil] Reading file {}:[Ljava.lang.Object;@5e4a4a6a
2026-04-22 00:21:22.418 [DBG] [oshi.util.FileUtil] Reading file {}:[Ljava.lang.Object;@2d844c06
2026-04-22 00:21:22.420 [DBG] [oshi.util.FileUtil] Reading file {}:[Ljava.lang.Object;@37b511f0
2026-04-22 00:21:22.422 [DBG] [oshi.util.FileUtil] Reading file {}:[Ljava.lang.Object;@28e615f9
2026-04-22 00:21:22.422 [DBG] [oshi.software.os.linux.LinuxOperatingSystem] os-release: {}:[Ljava.lang.Object;@79f8130d
2026-04-22 00:21:22.423 [DBG] [oshi.util.FileUtil] Reading file {}:[Ljava.lang.Object;@40cb9862
2026-04-22 00:21:22.426 [DBG] [oshi.util.FileUtil] Reading file {}:[Ljava.lang.Object;@65344252
2026-04-22 00:21:22.426 [DBG] [oshi.util.FileUtil] Reading file {}:[Ljava.lang.Object;@34975e15
2026-04-22 00:21:22.426 [DBG] [oshi.util.FileUtil] Reading file {}:[Ljava.lang.Object;@5847dd7a
2026-04-22 00:21:22.426 [DBG] [oshi.util.FileUtil] Reading file {}:[Ljava.lang.Object;@1fac42c
2026-04-22 00:21:22.427 [DBG] [oshi.util.FileUtil] Reading file {}:[Ljava.lang.Object;@469b2093
2026-04-22 00:21:22.427 [DBG] [oshi.util.FileUtil] Reading file {}:[Ljava.lang.Object;@48f2a9a3
2026-04-22 00:21:22.427 [DBG] [oshi.util.FileUtil] Reading file {}:[Ljava.lang.Object;@79346b95
2026-04-22 00:21:22.427 [DBG] [oshi.util.FileUtil] Reading file {}:[Ljava.lang.Object;@66b44398
2026-04-22 00:21:26,233 [   6055]   WARN - #c.i.s.c.i.StationSocketConnectionLoop - RecentProjects connection failed with NoSuchFileException (/run/user/1000/jb.station.sock)
2026-04-22 00:21:26,556 [   6378]   WARN - #c.i.v.l.u.StorageId$Directory - Failed to move /home/neel/.cache/JetBrains/IntelliJIdea2026.1/vcs-log/Teacher_f83344ca_7025d08e/index to /home/neel/.cache/JetBrains/IntelliJIdea2026.1/vcs-log/Teacher_f83344ca_7025d08e/index
java.nio.file.NoSuchFileException: /home/neel/.cache/JetBrains/IntelliJIdea2026.1/vcs-log/Teacher_f83344ca_7025d08e/index
	at java.base/sun.nio.fs.UnixException.translateToIOException(UnixException.java:94)
	at java.base/sun.nio.fs.UnixException.rethrowAsIOException(UnixException.java:108)
	at java.base/sun.nio.fs.UnixException.rethrowAsIOException(UnixException.java:114)
	at java.base/sun.nio.fs.UnixFileSystem.move(UnixFileSystem.java:845)
	at java.base/sun.nio.fs.UnixFileSystemProvider.move(UnixFileSystemProvider.java:289)
	at com.intellij.platform.core.nio.fs.TracingFileSystemProvider.move(TracingFileSystemProvider.java:170)
	at java.base/java.nio.file.Files.move(Files.java:1319)
	at com.intellij.vcs.log.util.StorageId.cleanupAllStorageFiles(PersistentUtil.kt:58)
	at com.intellij.vcs.log.data.VcsLogStorageImpl.cleanupStorageFiles(VcsLogStorageImpl.java:396)
	at com.intellij.vcs.log.data.VcsLogStorageImpl.lambda$createStorageAndIndexBackend$4(VcsLogStorageImpl.java:389)
	at com.intellij.util.io.IOUtil.openCleanOrResetBroken(IOUtil.java:318)
	at com.intellij.vcs.log.data.VcsLogStorageImpl.createStorageAndIndexBackend(VcsLogStorageImpl.java:374)
	at com.intellij.vcs.log.data.VcsLogData.createStorageAndIndex(VcsLogData.kt:360)
	at com.intellij.vcs.log.data.VcsLogData.<init>(VcsLogData.kt:181)
	at com.intellij.vcs.log.impl.VcsLogManager.<init>(VcsLogManager.kt:86)
	at com.intellij.vcs.log.impl.IdeVcsLogManager.<init>(IdeVcsLogManager.kt:36)
	at com.intellij.vcs.log.impl.IdeVcsProjectLog.createLogManager(IdeVcsProjectLog.kt:58)
	at com.intellij.vcs.log.impl.VcsProjectLogBase.getOrCreateLogManager(VcsProjectLogBase.kt:211)
	at com.intellij.vcs.log.impl.VcsProjectLogBase.access$getOrCreateLogManager(VcsProjectLogBase.kt:55)
	at com.intellij.vcs.log.impl.VcsProjectLogBase$getOrCreateLogManager$2.invokeSuspend(VcsProjectLogBase.kt:198)
	at com.intellij.vcs.log.impl.VcsProjectLogBase$getOrCreateLogManager$2.invoke(VcsProjectLogBase.kt)
	at com.intellij.vcs.log.impl.VcsProjectLogBase$getOrCreateLogManager$2.invoke(VcsProjectLogBase.kt)
	at com.intellij.platform.backend.observation.PlatformActivityTrackerService$trackConfigurationActivity$2$1.invokeSuspend(PlatformActivityTrackerService.kt:76)
	at com.intellij.platform.backend.observation.PlatformActivityTrackerService$trackConfigurationActivity$2$1.invoke(PlatformActivityTrackerService.kt)
	at com.intellij.platform.backend.observation.PlatformActivityTrackerService$trackConfigurationActivity$2$1.invoke(PlatformActivityTrackerService.kt)
	at kotlinx.coroutines.intrinsics.UndispatchedKt.startUndspatched(Undispatched.kt:67)
	at kotlinx.coroutines.intrinsics.UndispatchedKt.startUndispatchedOrReturn(Undispatched.kt:43)
	at kotlinx.coroutines.BuildersKt__Builders_commonKt.withContext(Builders.common.kt:165)
	at kotlinx.coroutines.BuildersKt.withContext(Unknown Source)
	at com.intellij.platform.backend.observation.PlatformActivityTrackerService.trackConfigurationActivity(PlatformActivityTrackerService.kt:75)
	at com.intellij.platform.backend.observation.TrackingUtil.trackActivity(util.kt:23)
	at com.intellij.vcs.log.impl.VcsProjectLogBase.getOrCreateLogManager(VcsProjectLogBase.kt:197)
	at com.intellij.vcs.log.impl.VcsProjectLogBase.reinitUnsafe(VcsProjectLogBase.kt:173)
	at com.intellij.vcs.log.impl.VcsProjectLogBase.access$reinitUnsafe(VcsProjectLogBase.kt:55)
	at com.intellij.vcs.log.impl.VcsProjectLogBase$reinitAsync$1.invokeSuspend(VcsProjectLogBase.kt:167)
	at kotlin.coroutines.jvm.internal.BaseContinuationImpl.resumeWith(ContinuationImpl.kt:34)
	at kotlinx.coroutines.DispatchedTask.run(DispatchedTask.kt:100)
	at kotlinx.coroutines.scheduling.CoroutineScheduler.runSafely(CoroutineScheduler.kt:610)
	at kotlinx.coroutines.scheduling.CoroutineScheduler$Worker.runDefaultDispatcherTask(CoroutineScheduler.kt:1194)
	at kotlinx.coroutines.scheduling.CoroutineScheduler$Worker.executeTask(CoroutineScheduler.kt:906)
	at kotlinx.coroutines.scheduling.CoroutineScheduler$Worker.runWorker(CoroutineScheduler.kt:775)
	at kotlinx.coroutines.scheduling.CoroutineScheduler$Worker.run(CoroutineScheduler.kt:762)
2026-04-22 00:21:26,606 [   6428]   WARN - #c.i.v.g.r.GitRepositoriesHolder - State of repository RepositoryId(projectId=ProjectId#hhgtio1uu6n74l276v83, rootPath=/home/neel/PROJECTS/Teacher_Content_Portal/Teacher_Content_Portal) is not synchronized. Known repositories are: 
2026-04-22 00:22:22.432 [DBG] [oshi.util.FileUtil] Reading file {}:[Ljava.lang.Object;@77b129d2
2026-04-22 00:22:22.433 [DBG] [oshi.util.FileUtil] Reading file {}:[Ljava.lang.Object;@74e6f552
2026-04-22 00:22:22.433 [DBG] [oshi.util.FileUtil] Reading file {}:[Ljava.lang.Object;@2009e1d9
2026-04-22 00:22:22.433 [DBG] [oshi.util.FileUtil] Reading file {}:[Ljava.lang.Object;@5fb2d8d9
2026-04-22 00:22:22.433 [DBG] [oshi.util.FileUtil] Reading file {}:[Ljava.lang.Object;@21338544
2026-04-22 00:22:22.433 [DBG] [oshi.util.FileUtil] Reading file {}:[Ljava.lang.Object;@62bcb855
2026-04-22 00:23:22.439 [DBG] [oshi.util.FileUtil] Reading file {}:[Ljava.lang.Object;@56d1273f
2026-04-22 00:23:22.439 [DBG] [oshi.util.FileUtil] Reading file {}:[Ljava.lang.Object;@7781cf37
2026-04-22 00:23:22.439 [DBG] [oshi.util.FileUtil] Reading file {}:[Ljava.lang.Object;@1ce40328
2026-04-22 00:23:22.439 [DBG] [oshi.util.FileUtil] Reading file {}:[Ljava.lang.Object;@2779e3e9
2026-04-22 00:23:22.440 [DBG] [oshi.util.FileUtil] Reading file {}:[Ljava.lang.Object;@78cec0e6
2026-04-22 00:23:22.440 [DBG] [oshi.util.FileUtil] Reading file {}:[Ljava.lang.Object;@14f50bf
2026-04-22 00:24:22.445 [DBG] [oshi.util.FileUtil] Reading file {}:[Ljava.lang.Object;@1729830f
2026-04-22 00:24:22.445 [DBG] [oshi.util.FileUtil] Reading file {}:[Ljava.lang.Object;@14553ebc
2026-04-22 00:24:22.445 [DBG] [oshi.util.FileUtil] Reading file {}:[Ljava.lang.Object;@7759e5c8
2026-04-22 00:24:22.446 [DBG] [oshi.util.FileUtil] Reading file {}:[Ljava.lang.Object;@3b630c63
2026-04-22 00:24:22.446 [DBG] [oshi.util.FileUtil] Reading file {}:[Ljava.lang.Object;@6009c1fb
2026-04-22 00:24:22.446 [DBG] [oshi.util.FileUtil] Reading file {}:[Ljava.lang.Object;@5d94b398
2026-04-22 00:25:22.450 [DBG] [oshi.util.FileUtil] Reading file {}:[Ljava.lang.Object;@1d3dbfc6
2026-04-22 00:25:22.451 [DBG] [oshi.util.FileUtil] Reading file {}:[Ljava.lang.Object;@6e35e42b
2026-04-22 00:25:22.451 [DBG] [oshi.util.FileUtil] Reading file {}:[Ljava.lang.Object;@7f1fa66a
2026-04-22 00:25:22.451 [DBG] [oshi.util.FileUtil] Reading file {}:[Ljava.lang.Object;@61d9509
2026-04-22 00:25:22.451 [DBG] [oshi.util.FileUtil] Reading file {}:[Ljava.lang.Object;@76aec983
2026-04-22 00:25:22.451 [DBG] [oshi.util.FileUtil] Reading file {}:[Ljava.lang.Object;@377b7fc1
2026-04-22 00:26:22.455 [DBG] [oshi.util.FileUtil] Reading file {}:[Ljava.lang.Object;@56e064fb
2026-04-22 00:26:22.456 [DBG] [oshi.util.FileUtil] Reading file {}:[Ljava.lang.Object;@5e703689
2026-04-22 00:26:22.456 [DBG] [oshi.util.FileUtil] Reading file {}:[Ljava.lang.Object;@3705158a
2026-04-22 00:26:22.456 [DBG] [oshi.util.FileUtil] Reading file {}:[Ljava.lang.Object;@52c9d31
2026-04-22 00:26:22.456 [DBG] [oshi.util.FileUtil] Reading file {}:[Ljava.lang.Object;@50bee6d3
2026-04-22 00:26:22.456 [DBG] [oshi.util.FileUtil] Reading file {}:[Ljava.lang.Object;@fa55633
2026-04-22 00:27:22.460 [DBG] [oshi.util.FileUtil] Reading file {}:[Ljava.lang.Object;@67a90774
2026-04-22 00:27:22.460 [DBG] [oshi.util.FileUtil] Reading file {}:[Ljava.lang.Object;@6bc62d08
2026-04-22 00:27:22.460 [DBG] [oshi.util.FileUtil] Reading file {}:[Ljava.lang.Object;@62c85365
2026-04-22 00:27:22.460 [DBG] [oshi.util.FileUtil] Reading file {}:[Ljava.lang.Object;@8c96c60
2026-04-22 00:27:22.460 [DBG] [oshi.util.FileUtil] Reading file {}:[Ljava.lang.Object;@277458aa
2026-04-22 00:27:22.461 [DBG] [oshi.util.FileUtil] Reading file {}:[Ljava.lang.Object;@7d009f21
2026-04-22 00:28:22.464 [DBG] [oshi.util.FileUtil] Reading file {}:[Ljava.lang.Object;@3f8b9e6e
2026-04-22 00:28:22.464 [DBG] [oshi.util.FileUtil] Reading file {}:[Ljava.lang.Object;@5bffb073
2026-04-22 00:28:22.465 [DBG] [oshi.util.FileUtil] Reading file {}:[Ljava.lang.Object;@410bc372
2026-04-22 00:28:22.465 [DBG] [oshi.util.FileUtil] Reading file {}:[Ljava.lang.Object;@2d003f47
2026-04-22 00:28:22.465 [DBG] [oshi.util.FileUtil] Reading file {}:[Ljava.lang.Object;@4e9bbc67
2026-04-22 00:28:22.465 [DBG] [oshi.util.FileUtil] Reading file {}:[Ljava.lang.Object;@6841e1ef
2026-04-22 00:29:22.469 [DBG] [oshi.util.FileUtil] Reading file {}:[Ljava.lang.Object;@54b97699
2026-04-22 00:29:22.469 [DBG] [oshi.util.FileUtil] Reading file {}:[Ljava.lang.Object;@5eb4278e
2026-04-22 00:29:22.469 [DBG] [oshi.util.FileUtil] Reading file {}:[Ljava.lang.Object;@4e4f67e6
2026-04-22 00:29:22.470 [DBG] [oshi.util.FileUtil] Reading file {}:[Ljava.lang.Object;@7f391314
2026-04-22 00:29:22.470 [DBG] [oshi.util.FileUtil] Reading file {}:[Ljava.lang.Object;@60abafd4
2026-04-22 00:29:22.470 [DBG] [oshi.util.FileUtil] Reading file {}:[Ljava.lang.Object;@1f5c6c18
2026-04-22 00:30:22.474 [DBG] [oshi.util.FileUtil] Reading file {}:[Ljava.lang.Object;@2e5127ec
2026-04-22 00:30:22.474 [DBG] [oshi.util.FileUtil] Reading file {}:[Ljava.lang.Object;@324603f2
2026-04-22 00:30:22.475 [DBG] [oshi.util.FileUtil] Reading file {}:[Ljava.lang.Object;@488d1e3c
2026-04-22 00:30:22.475 [DBG] [oshi.util.FileUtil] Reading file {}:[Ljava.lang.Object;@708fdf71
2026-04-22 00:30:22.475 [DBG] [oshi.util.FileUtil] Reading file {}:[Ljava.lang.Object;@57c6e8cb
2026-04-22 00:30:22.475 [DBG] [oshi.util.FileUtil] Reading file {}:[Ljava.lang.Object;@551d3852
2026-04-22 00:31:22.479 [DBG] [oshi.util.FileUtil] Reading file {}:[Ljava.lang.Object;@6db1d0bf
2026-04-22 00:31:22.479 [DBG] [oshi.util.FileUtil] Reading file {}:[Ljava.lang.Object;@59cd020b
2026-04-22 00:31:22.479 [DBG] [oshi.util.FileUtil] Reading file {}:[Ljava.lang.Object;@22ac24ea
2026-04-22 00:31:22.479 [DBG] [oshi.util.FileUtil] Reading file {}:[Ljava.lang.Object;@63f49cdd
2026-04-22 00:31:22.479 [DBG] [oshi.util.FileUtil] Reading file {}:[Ljava.lang.Object;@239c34
2026-04-22 00:31:22.479 [DBG] [oshi.util.FileUtil] Reading file {}:[Ljava.lang.Object;@31cf1b61
2026-04-22 00:32:22.483 [DBG] [oshi.util.FileUtil] Reading file {}:[Ljava.lang.Object;@5bbaea4b
2026-04-22 00:32:22.483 [DBG] [oshi.util.FileUtil] Reading file {}:[Ljava.lang.Object;@4de23406
2026-04-22 00:32:22.483 [DBG] [oshi.util.FileUtil] Reading file {}:[Ljava.lang.Object;@18e2167d
2026-04-22 00:32:22.483 [DBG] [oshi.util.FileUtil] Reading file {}:[Ljava.lang.Object;@2088ceed
2026-04-22 00:32:22.484 [DBG] [oshi.util.FileUtil] Reading file {}:[Ljava.lang.Object;@2cec8005
2026-04-22 00:32:22.484 [DBG] [oshi.util.FileUtil] Reading file {}:[Ljava.lang.Object;@70f2c39a
2026-04-22 00:33:22.487 [DBG] [oshi.util.FileUtil] Reading file {}:[Ljava.lang.Object;@1992f554
2026-04-22 00:33:22.487 [DBG] [oshi.util.FileUtil] Reading file {}:[Ljava.lang.Object;@6d12f8f4
2026-04-22 00:33:22.488 [DBG] [oshi.util.FileUtil] Reading file {}:[Ljava.lang.Object;@585b5141
2026-04-22 00:33:22.488 [DBG] [oshi.util.FileUtil] Reading file {}:[Ljava.lang.Object;@58831faa
2026-04-22 00:33:22.488 [DBG] [oshi.util.FileUtil] Reading file {}:[Ljava.lang.Object;@563569bb
2026-04-22 00:33:22.488 [DBG] [oshi.util.FileUtil] Reading file {}:[Ljava.lang.Object;@2c9aeed1
2026-04-22 00:34:22.492 [DBG] [oshi.util.FileUtil] Reading file {}:[Ljava.lang.Object;@28d6cc56
2026-04-22 00:34:22.492 [DBG] [oshi.util.FileUtil] Reading file {}:[Ljava.lang.Object;@57c322c7
2026-04-22 00:34:22.492 [DBG] [oshi.util.FileUtil] Reading file {}:[Ljava.lang.Object;@598fc273
2026-04-22 00:34:22.492 [DBG] [oshi.util.FileUtil] Reading file {}:[Ljava.lang.Object;@832a58b
2026-04-22 00:34:22.492 [DBG] [oshi.util.FileUtil] Reading file {}:[Ljava.lang.Object;@16986ca7
2026-04-22 00:34:22.492 [DBG] [oshi.util.FileUtil] Reading file {}:[Ljava.lang.Object;@5803a1a9
2026-04-22 00:35:22.496 [DBG] [oshi.util.FileUtil] Reading file {}:[Ljava.lang.Object;@2fcc950e
2026-04-22 00:35:22.496 [DBG] [oshi.util.FileUtil] Reading file {}:[Ljava.lang.Object;@53218869
2026-04-22 00:35:22.496 [DBG] [oshi.util.FileUtil] Reading file {}:[Ljava.lang.Object;@48529bda
2026-04-22 00:35:22.496 [DBG] [oshi.util.FileUtil] Reading file {}:[Ljava.lang.Object;@613b08e7
2026-04-22 00:35:22.496 [DBG] [oshi.util.FileUtil] Reading file {}:[Ljava.lang.Object;@2a14952b
2026-04-22 00:35:22.496 [DBG] [oshi.util.FileUtil] Reading file {}:[Ljava.lang.Object;@75a922c0
2026-04-22 00:36:22.499 [DBG] [oshi.util.FileUtil] Reading file {}:[Ljava.lang.Object;@5326e55c
2026-04-22 00:36:22.500 [DBG] [oshi.util.FileUtil] Reading file {}:[Ljava.lang.Object;@1b5c752b
2026-04-22 00:36:22.500 [DBG] [oshi.util.FileUtil] Reading file {}:[Ljava.lang.Object;@3b7fb88b
2026-04-22 00:36:22.500 [DBG] [oshi.util.FileUtil] Reading file {}:[Ljava.lang.Object;@381de945
2026-04-22 00:36:22.500 [DBG] [oshi.util.FileUtil] Reading file {}:[Ljava.lang.Object;@5cf5e71f
2026-04-22 00:36:22.500 [DBG] [oshi.util.FileUtil] Reading file {}:[Ljava.lang.Object;@24782487
2026-04-22 00:37:22.503 [DBG] [oshi.util.FileUtil] Reading file {}:[Ljava.lang.Object;@58a3daeb
2026-04-22 00:37:22.503 [DBG] [oshi.util.FileUtil] Reading file {}:[Ljava.lang.Object;@7f417ec8
2026-04-22 00:37:22.503 [DBG] [oshi.util.FileUtil] Reading file {}:[Ljava.lang.Object;@2cf6181a
2026-04-22 00:37:22.504 [DBG] [oshi.util.FileUtil] Reading file {}:[Ljava.lang.Object;@6dd6046
2026-04-22 00:37:22.504 [DBG] [oshi.util.FileUtil] Reading file {}:[Ljava.lang.Object;@40ef96f4
2026-04-22 00:37:22.504 [DBG] [oshi.util.FileUtil] Reading file {}:[Ljava.lang.Object;@34ac171f
2026-04-22 00:38:22.508 [DBG] [oshi.util.FileUtil] Reading file {}:[Ljava.lang.Object;@6b6fea2b
2026-04-22 00:38:22.508 [DBG] [oshi.util.FileUtil] Reading file {}:[Ljava.lang.Object;@7dfce085
2026-04-22 00:38:22.508 [DBG] [oshi.util.FileUtil] Reading file {}:[Ljava.lang.Object;@1d470ac8
2026-04-22 00:38:22.508 [DBG] [oshi.util.FileUtil] Reading file {}:[Ljava.lang.Object;@12bc4890
2026-04-22 00:38:22.508 [DBG] [oshi.util.FileUtil] Reading file {}:[Ljava.lang.Object;@696c65e
2026-04-22 00:38:22.508 [DBG] [oshi.util.FileUtil] Reading file {}:[Ljava.lang.Object;@1c74f6c1
2026-04-22 00:39:22.511 [DBG] [oshi.util.FileUtil] Reading file {}:[Ljava.lang.Object;@5f6e312f
2026-04-22 00:39:22.512 [DBG] [oshi.util.FileUtil] Reading file {}:[Ljava.lang.Object;@2c84e524
2026-04-22 00:39:22.512 [DBG] [oshi.util.FileUtil] Reading file {}:[Ljava.lang.Object;@5aeeecc
2026-04-22 00:39:22.512 [DBG] [oshi.util.FileUtil] Reading file {}:[Ljava.lang.Object;@2d5b65b
2026-04-22 00:39:22.512 [DBG] [oshi.util.FileUtil] Reading file {}:[Ljava.lang.Object;@2c1c0867
2026-04-22 00:39:22.512 [DBG] [oshi.util.FileUtil] Reading file {}:[Ljava.lang.Object;@273a7505
2026-04-22 00:40:22.515 [DBG] [oshi.util.FileUtil] Reading file {}:[Ljava.lang.Object;@46d00e5d
2026-04-22 00:40:22.516 [DBG] [oshi.util.FileUtil] Reading file {}:[Ljava.lang.Object;@7272ae23
2026-04-22 00:40:22.516 [DBG] [oshi.util.FileUtil] Reading file {}:[Ljava.lang.Object;@469c9f70
2026-04-22 00:40:22.516 [DBG] [oshi.util.FileUtil] Reading file {}:[Ljava.lang.Object;@6f601cfe
2026-04-22 00:40:22.516 [DBG] [oshi.util.FileUtil] Reading file {}:[Ljava.lang.Object;@298445a9
2026-04-22 00:40:22.516 [DBG] [oshi.util.FileUtil] Reading file {}:[Ljava.lang.Object;@4e60e50c
2026-04-22 00:41:22.519 [DBG] [oshi.util.FileUtil] Reading file {}:[Ljava.lang.Object;@388bfd45
2026-04-22 00:41:22.519 [DBG] [oshi.util.FileUtil] Reading file {}:[Ljava.lang.Object;@70646c56
2026-04-22 00:41:22.519 [DBG] [oshi.util.FileUtil] Reading file {}:[Ljava.lang.Object;@1629b28e
2026-04-22 00:41:22.519 [DBG] [oshi.util.FileUtil] Reading file {}:[Ljava.lang.Object;@506b828d
2026-04-22 00:41:22.520 [DBG] [oshi.util.FileUtil] Reading file {}:[Ljava.lang.Object;@37ed3c10
2026-04-22 00:41:22.520 [DBG] [oshi.util.FileUtil] Reading file {}:[Ljava.lang.Object;@6438f067
2026-04-22 00:42:22.523 [DBG] [oshi.util.FileUtil] Reading file {}:[Ljava.lang.Object;@5d4da95b
2026-04-22 00:42:22.523 [DBG] [oshi.util.FileUtil] Reading file {}:[Ljava.lang.Object;@48d4b8e7
2026-04-22 00:42:22.523 [DBG] [oshi.util.FileUtil] Reading file {}:[Ljava.lang.Object;@22b6dcd4
2026-04-22 00:42:22.523 [DBG] [oshi.util.FileUtil] Reading file {}:[Ljava.lang.Object;@1a626ffa
2026-04-22 00:42:22.523 [DBG] [oshi.util.FileUtil] Reading file {}:[Ljava.lang.Object;@2ad50a9c
2026-04-22 00:42:22.523 [DBG] [oshi.util.FileUtil] Reading file {}:[Ljava.lang.Object;@472b9ca1
2026-04-22 00:43:22.527 [DBG] [oshi.util.FileUtil] Reading file {}:[Ljava.lang.Object;@21a7132b
2026-04-22 00:43:22.527 [DBG] [oshi.util.FileUtil] Reading file {}:[Ljava.lang.Object;@b7ece8e
2026-04-22 00:43:22.528 [DBG] [oshi.util.FileUtil] Reading file {}:[Ljava.lang.Object;@2dd3ffb
2026-04-22 00:43:22.528 [DBG] [oshi.util.FileUtil] Reading file {}:[Ljava.lang.Object;@68892242
2026-04-22 00:43:22.528 [DBG] [oshi.util.FileUtil] Reading file {}:[Ljava.lang.Object;@712e4a33
2026-04-22 00:43:22.528 [DBG] [oshi.util.FileUtil] Reading file {}:[Ljava.lang.Object;@c59f026
2026-04-22 00:44:22.531 [DBG] [oshi.util.FileUtil] Reading file {}:[Ljava.lang.Object;@1d6635ba
2026-04-22 00:44:22.531 [DBG] [oshi.util.FileUtil] Reading file {}:[Ljava.lang.Object;@5834d68b
2026-04-22 00:44:22.532 [DBG] [oshi.util.FileUtil] Reading file {}:[Ljava.lang.Object;@3b0abd8f
2026-04-22 00:44:22.532 [DBG] [oshi.util.FileUtil] Reading file {}:[Ljava.lang.Object;@239ddba7
2026-04-22 00:44:22.532 [DBG] [oshi.util.FileUtil] Reading file {}:[Ljava.lang.Object;@f7ae18b
2026-04-22 00:44:22.532 [DBG] [oshi.util.FileUtil] Reading file {}:[Ljava.lang.Object;@7184fe61
2026-04-22 00:45:22.536 [DBG] [oshi.util.FileUtil] Reading file {}:[Ljava.lang.Object;@16b2af37
2026-04-22 00:45:22.536 [DBG] [oshi.util.FileUtil] Reading file {}:[Ljava.lang.Object;@46f4e7dd
2026-04-22 00:45:22.537 [DBG] [oshi.util.FileUtil] Reading file {}:[Ljava.lang.Object;@2819e941
2026-04-22 00:45:22.537 [DBG] [oshi.util.FileUtil] Reading file {}:[Ljava.lang.Object;@231a8ffc
2026-04-22 00:45:22.537 [DBG] [oshi.util.FileUtil] Reading file {}:[Ljava.lang.Object;@20d257bf
2026-04-22 00:45:22.537 [DBG] [oshi.util.FileUtil] Reading file {}:[Ljava.lang.Object;@41799677
2026-04-22 00:46:22.541 [DBG] [oshi.util.FileUtil] Reading file {}:[Ljava.lang.Object;@63d5885b
2026-04-22 00:46:22.541 [DBG] [oshi.util.FileUtil] Reading file {}:[Ljava.lang.Object;@1f6ea9a5
2026-04-22 00:46:22.541 [DBG] [oshi.util.FileUtil] Reading file {}:[Ljava.lang.Object;@3e39a759
2026-04-22 00:46:22.541 [DBG] [oshi.util.FileUtil] Reading file {}:[Ljava.lang.Object;@74e59706
2026-04-22 00:46:22.541 [DBG] [oshi.util.FileUtil] Reading file {}:[Ljava.lang.Object;@3bbd4e91
2026-04-22 00:46:22.541 [DBG] [oshi.util.FileUtil] Reading file {}:[Ljava.lang.Object;@51f4ebc2
2026-04-22 00:47:22.544 [DBG] [oshi.util.FileUtil] Reading file {}:[Ljava.lang.Object;@322501cc
2026-04-22 00:47:22.544 [DBG] [oshi.util.FileUtil] Reading file {}:[Ljava.lang.Object;@1977e5b1
2026-04-22 00:47:22.544 [DBG] [oshi.util.FileUtil] Reading file {}:[Ljava.lang.Object;@473c0e10
2026-04-22 00:47:22.544 [DBG] [oshi.util.FileUtil] Reading file {}:[Ljava.lang.Object;@3891ad18
2026-04-22 00:47:22.544 [DBG] [oshi.util.FileUtil] Reading file {}:[Ljava.lang.Object;@22a0e0a7
2026-04-22 00:47:22.545 [DBG] [oshi.util.FileUtil] Reading file {}:[Ljava.lang.Object;@45cd32f
2026-04-22 00:48:22.548 [DBG] [oshi.util.FileUtil] Reading file {}:[Ljava.lang.Object;@7c5fe4b7
2026-04-22 00:48:22.548 [DBG] [oshi.util.FileUtil] Reading file {}:[Ljava.lang.Object;@fc8cd21
2026-04-22 00:48:22.548 [DBG] [oshi.util.FileUtil] Reading file {}:[Ljava.lang.Object;@30ff851d
2026-04-22 00:48:22.548 [DBG] [oshi.util.FileUtil] Reading file {}:[Ljava.lang.Object;@4d8ad02e
2026-04-22 00:48:22.548 [DBG] [oshi.util.FileUtil] Reading file {}:[Ljava.lang.Object;@4e73ff74
2026-04-22 00:48:22.548 [DBG] [oshi.util.FileUtil] Reading file {}:[Ljava.lang.Object;@79b825e
2026-04-22 00:49:22.551 [DBG] [oshi.util.FileUtil] Reading file {}:[Ljava.lang.Object;@5095adf5
2026-04-22 00:49:22.551 [DBG] [oshi.util.FileUtil] Reading file {}:[Ljava.lang.Object;@460c9d37
2026-04-22 00:49:22.552 [DBG] [oshi.util.FileUtil] Reading file {}:[Ljava.lang.Object;@7eb5b830
2026-04-22 00:49:22.552 [DBG] [oshi.util.FileUtil] Reading file {}:[Ljava.lang.Object;@532f49b2
2026-04-22 00:49:22.552 [DBG] [oshi.util.FileUtil] Reading file {}:[Ljava.lang.Object;@2e28bc27
2026-04-22 00:49:22.552 [DBG] [oshi.util.FileUtil] Reading file {}:[Ljava.lang.Object;@cef69f0
2026-04-22 00:50:22.555 [DBG] [oshi.util.FileUtil] Reading file {}:[Ljava.lang.Object;@2d151905
2026-04-22 00:50:22.555 [DBG] [oshi.util.FileUtil] Reading file {}:[Ljava.lang.Object;@14f275a9
2026-04-22 00:50:22.555 [DBG] [oshi.util.FileUtil] Reading file {}:[Ljava.lang.Object;@2b6f4b17
2026-04-22 00:50:22.555 [DBG] [oshi.util.FileUtil] Reading file {}:[Ljava.lang.Object;@e5cf868
2026-04-22 00:50:22.555 [DBG] [oshi.util.FileUtil] Reading file {}:[Ljava.lang.Object;@b040597
2026-04-22 00:50:22.555 [DBG] [oshi.util.FileUtil] Reading file {}:[Ljava.lang.Object;@c5c6663
2026-04-22 00:51:22.559 [DBG] [oshi.util.FileUtil] Reading file {}:[Ljava.lang.Object;@7f0fc05d
2026-04-22 00:51:22.559 [DBG] [oshi.util.FileUtil] Reading file {}:[Ljava.lang.Object;@48e3002b
2026-04-22 00:51:22.559 [DBG] [oshi.util.FileUtil] Reading file {}:[Ljava.lang.Object;@76a1aeee
2026-04-22 00:51:22.559 [DBG] [oshi.util.FileUtil] Reading file {}:[Ljava.lang.Object;@29209582
2026-04-22 00:51:22.559 [DBG] [oshi.util.FileUtil] Reading file {}:[Ljava.lang.Object;@28aca5d3
2026-04-22 00:51:22.559 [DBG] [oshi.util.FileUtil] Reading file {}:[Ljava.lang.Object;@781e1ab5
2026-04-22 00:52:22.563 [DBG] [oshi.util.FileUtil] Reading file {}:[Ljava.lang.Object;@17fa152b
2026-04-22 00:52:22.563 [DBG] [oshi.util.FileUtil] Reading file {}:[Ljava.lang.Object;@164b1441
2026-04-22 00:52:22.563 [DBG] [oshi.util.FileUtil] Reading file {}:[Ljava.lang.Object;@4a4cef3
2026-04-22 00:52:22.563 [DBG] [oshi.util.FileUtil] Reading file {}:[Ljava.lang.Object;@23f8ea65
2026-04-22 00:52:22.564 [DBG] [oshi.util.FileUtil] Reading file {}:[Ljava.lang.Object;@64ece07c
2026-04-22 00:52:22.564 [DBG] [oshi.util.FileUtil] Reading file {}:[Ljava.lang.Object;@2a4b09bc
2026-04-22 00:53:22.567 [DBG] [oshi.util.FileUtil] Reading file {}:[Ljava.lang.Object;@891b04b
2026-04-22 00:53:22.567 [DBG] [oshi.util.FileUtil] Reading file {}:[Ljava.lang.Object;@740d3360
2026-04-22 00:53:22.567 [DBG] [oshi.util.FileUtil] Reading file {}:[Ljava.lang.Object;@6586f145
2026-04-22 00:53:22.567 [DBG] [oshi.util.FileUtil] Reading file {}:[Ljava.lang.Object;@4da76121
2026-04-22 00:53:22.568 [DBG] [oshi.util.FileUtil] Reading file {}:[Ljava.lang.Object;@48319336
2026-04-22 00:53:22.568 [DBG] [oshi.util.FileUtil] Reading file {}:[Ljava.lang.Object;@553a2f63
2026-04-22 00:54:22.571 [DBG] [oshi.util.FileUtil] Reading file {}:[Ljava.lang.Object;@1e02f77b
2026-04-22 00:54:22.571 [DBG] [oshi.util.FileUtil] Reading file {}:[Ljava.lang.Object;@1cdaa4c2
2026-04-22 00:54:22.572 [DBG] [oshi.util.FileUtil] Reading file {}:[Ljava.lang.Object;@1e4a6e70
2026-04-22 00:54:22.572 [DBG] [oshi.util.FileUtil] Reading file {}:[Ljava.lang.Object;@3215cff
2026-04-22 00:54:22.572 [DBG] [oshi.util.FileUtil] Reading file {}:[Ljava.lang.Object;@a11dacf
2026-04-22 00:54:22.572 [DBG] [oshi.util.FileUtil] Reading file {}:[Ljava.lang.Object;@432493fb
2026-04-22 00:55:22.602 [DBG] [oshi.util.FileUtil] Reading file {}:[Ljava.lang.Object;@6f9e0063
2026-04-22 00:55:22.602 [DBG] [oshi.util.FileUtil] Reading file {}:[Ljava.lang.Object;@71d016e2
2026-04-22 00:55:22.603 [DBG] [oshi.util.FileUtil] Reading file {}:[Ljava.lang.Object;@64a5d94
2026-04-22 00:55:22.603 [DBG] [oshi.util.FileUtil] Reading file {}:[Ljava.lang.Object;@20a4c031
2026-04-22 00:55:22.603 [DBG] [oshi.util.FileUtil] Reading file {}:[Ljava.lang.Object;@3f26415e
2026-04-22 00:55:22.603 [DBG] [oshi.util.FileUtil] Reading file {}:[Ljava.lang.Object;@4eb0275e
2026-04-22 00:56:22.607 [DBG] [oshi.util.FileUtil] Reading file {}:[Ljava.lang.Object;@59f030a
2026-04-22 00:56:22.607 [DBG] [oshi.util.FileUtil] Reading file {}:[Ljava.lang.Object;@7db14c32
2026-04-22 00:56:22.607 [DBG] [oshi.util.FileUtil] Reading file {}:[Ljava.lang.Object;@7f2dc5e4
2026-04-22 00:56:22.607 [DBG] [oshi.util.FileUtil] Reading file {}:[Ljava.lang.Object;@5bcb7bf9
2026-04-22 00:56:22.607 [DBG] [oshi.util.FileUtil] Reading file {}:[Ljava.lang.Object;@2631b4d9
2026-04-22 00:56:22.607 [DBG] [oshi.util.FileUtil] Reading file {}:[Ljava.lang.Object;@5116acf1
2026-04-22 00:57:22.611 [DBG] [oshi.util.FileUtil] Reading file {}:[Ljava.lang.Object;@741084d4
2026-04-22 00:57:22.612 [DBG] [oshi.util.FileUtil] Reading file {}:[Ljava.lang.Object;@1bec5119
2026-04-22 00:57:22.612 [DBG] [oshi.util.FileUtil] Reading file {}:[Ljava.lang.Object;@3d4a28ea
2026-04-22 00:57:22.612 [DBG] [oshi.util.FileUtil] Reading file {}:[Ljava.lang.Object;@39ade4c
2026-04-22 00:57:22.612 [DBG] [oshi.util.FileUtil] Reading file {}:[Ljava.lang.Object;@735cdccf
2026-04-22 00:57:22.612 [DBG] [oshi.util.FileUtil] Reading file {}:[Ljava.lang.Object;@ac12f24
2026-04-22 00:58:22.615 [DBG] [oshi.util.FileUtil] Reading file {}:[Ljava.lang.Object;@5f76267c
2026-04-22 00:58:22.615 [DBG] [oshi.util.FileUtil] Reading file {}:[Ljava.lang.Object;@196562ae
2026-04-22 00:58:22.615 [DBG] [oshi.util.FileUtil] Reading file {}:[Ljava.lang.Object;@338750ae
2026-04-22 00:58:22.615 [DBG] [oshi.util.FileUtil] Reading file {}:[Ljava.lang.Object;@387ddb60
2026-04-22 00:58:22.615 [DBG] [oshi.util.FileUtil] Reading file {}:[Ljava.lang.Object;@56565fd5
2026-04-22 00:58:22.615 [DBG] [oshi.util.FileUtil] Reading file {}:[Ljava.lang.Object;@649437a3
2026-04-22 00:59:22.620 [DBG] [oshi.util.FileUtil] Reading file {}:[Ljava.lang.Object;@5d195742
2026-04-22 00:59:22.620 [DBG] [oshi.util.FileUtil] Reading file {}:[Ljava.lang.Object;@65e59e13
2026-04-22 00:59:22.621 [DBG] [oshi.util.FileUtil] Reading file {}:[Ljava.lang.Object;@7be36784
2026-04-22 00:59:22.621 [DBG] [oshi.util.FileUtil] Reading file {}:[Ljava.lang.Object;@434a8377
2026-04-22 00:59:22.621 [DBG] [oshi.util.FileUtil] Reading file {}:[Ljava.lang.Object;@54fe6f1b
2026-04-22 00:59:22.621 [DBG] [oshi.util.FileUtil] Reading file {}:[Ljava.lang.Object;@1d227691
2026-04-22 01:00:22.625 [DBG] [oshi.util.FileUtil] Reading file {}:[Ljava.lang.Object;@2fb2b2cc
2026-04-22 01:00:22.625 [DBG] [oshi.util.FileUtil] Reading file {}:[Ljava.lang.Object;@29e46a30
2026-04-22 01:00:22.626 [DBG] [oshi.util.FileUtil] Reading file {}:[Ljava.lang.Object;@30fedfdc
2026-04-22 01:00:22.626 [DBG] [oshi.util.FileUtil] Reading file {}:[Ljava.lang.Object;@4f598d6e
2026-04-22 01:00:22.626 [DBG] [oshi.util.FileUtil] Reading file {}:[Ljava.lang.Object;@75c7729b
2026-04-22 01:00:22.626 [DBG] [oshi.util.FileUtil] Reading file {}:[Ljava.lang.Object;@7f7833f9
2026-04-22 01:00:52.682 [TRC] [daemon-client-ws] /system/events/handleUri/8129 incoming exception java.util.concurrent.CancellationException: Job was cancelled
2026-04-22 01:00:52.683 [TRC] [daemon-client-ws] /system/events/handleUri/8129 request failed kotlinx.coroutines.JobCancellationException: Job was cancelled
2026-04-22 08:34:57,148 [    953]   WARN - #c.i.p.instanceContainer - InstanceNotOverridableException: Override failed for com.intellij.openapi.project.impl.ProjectStoreFactory: com.intellij.configurationScript.providers.ConfigurationScriptProjectStoreFactory attempts to override com.intellij.configurationStore.PlatformLangProjectStoreFactory, but the existing implementation is not overriddable (not declared as 'open=true')
2026-04-22 08:34:57,162 [    967]   WARN - #c.i.p.instanceContainer - InstanceNotOverridableException: Override failed for com.intellij.modcommand.ModCommandExecutor: com.jetbrains.rdserver.ui.intentions.RemoteModCommandExecutor attempts to override com.intellij.lang.impl.modcommand.ModCommandExecutorImpl, but the existing implementation is not overriddable (not declared as 'open=true')
2026-04-22 08:34:57,645 [   1450]   WARN - #c.i.i.u.UiThemePaletteCheckBoxScope - Theme Islands Darcula: Checkbox.Background.Default.Dark is deprecated for new UI themes, use Checkbox.Background.Default instead
2026-04-22 08:34:57,646 [   1451]   WARN - #c.i.i.u.UiThemePaletteCheckBoxScope - Theme Islands Darcula: Checkbox.Border.Default.Dark is deprecated for new UI themes, use Checkbox.Border.Default instead
2026-04-22 08:34:57,646 [   1451]   WARN - #c.i.i.u.UiThemePaletteCheckBoxScope - Theme Islands Darcula: Checkbox.Border.Selected.Dark is deprecated for new UI themes, use Checkbox.Border.Selected instead
2026-04-22 08:34:57,646 [   1451]   WARN - #c.i.i.u.UiThemePaletteCheckBoxScope - Theme Islands Darcula: Checkbox.Foreground.Selected.Dark is deprecated for new UI themes, use Checkbox.Foreground.Selected instead
2026-04-22 08:34:57,646 [   1451]   WARN - #c.i.i.u.UiThemePaletteCheckBoxScope - Theme Islands Darcula: Checkbox.Focus.Wide.Dark is deprecated for new UI themes, use Checkbox.Focus.Wide instead
2026-04-22 08:34:57,646 [   1451]   WARN - #c.i.i.u.UiThemePaletteCheckBoxScope - Theme Islands Darcula: color key Checkbox.Focus.Thin.Default.Dark is not supported and therefore ignored
2026-04-22 08:34:57,646 [   1451]   WARN - #c.i.i.u.UiThemePaletteCheckBoxScope - Theme Islands Darcula: color key Checkbox.Focus.Thin.Selected.Dark is not supported and therefore ignored
2026-04-22 08:34:57,646 [   1451]   WARN - #c.i.i.u.UiThemePaletteCheckBoxScope - Theme Islands Darcula: Checkbox.Background.Disabled.Dark is deprecated for new UI themes, use Checkbox.Background.Disabled instead
2026-04-22 08:34:57,647 [   1452]   WARN - #c.i.i.u.UiThemePaletteCheckBoxScope - Theme Islands Darcula: Checkbox.Background.Selected.Dark is deprecated for new UI themes, use Checkbox.Background.Selected instead
2026-04-22 08:34:57,647 [   1452]   WARN - #c.i.i.u.UiThemePaletteCheckBoxScope - Theme Islands Darcula: Checkbox.Border.Disabled.Dark is deprecated for new UI themes, use Checkbox.Border.Disabled instead
2026-04-22 08:34:57,647 [   1452]   WARN - #c.i.i.u.UiThemePaletteCheckBoxScope - Theme Islands Darcula: Checkbox.Foreground.Disabled.Dark is deprecated for new UI themes, use Checkbox.Foreground.Disabled instead
WARNING: A terminally deprecated method in sun.misc.Unsafe has been called
WARNING: sun.misc.Unsafe::allocateMemory has been called by io.netty.util.internal.PlatformDependent0$2
WARNING: Please consider reporting this to the maintainers of class io.netty.util.internal.PlatformDependent0$2
WARNING: sun.misc.Unsafe::allocateMemory will be removed in a future release
SLF4J(E): A service provider failed to instantiate:
org.slf4j.spi.SLF4JServiceProvider: org.slf4j.jul.JULServiceProvider not a subtype
2026-04-22 08:34:57,778 [   1583]   WARN - #c.i.s.c.i.StationSocketConnectionLoop - Discovery connection failed with NoSuchFileException (/run/user/1000/jb.station.sock)
2026-04-22 08:34:59.099 [DBG] [oshi.util.FileUtil] No {} file found from ClassLoader {}:[Ljava.lang.Object;@448e9a3e
2026-04-22 08:34:59.113 [DBG] [oshi.util.FileUtil] Reading file {}:[Ljava.lang.Object;@5ba1274f
2026-04-22 08:34:59.114 [DBG] [oshi.util.FileUtil] Reading file {}:[Ljava.lang.Object;@c2b9d
2026-04-22 08:34:59.119 [DBG] [oshi.util.FileUtil] Reading file {}:[Ljava.lang.Object;@dc0f99f
2026-04-22 08:34:59.125 [DBG] [oshi.util.FileUtil] Reading file {}:[Ljava.lang.Object;@6bf7c853
2026-04-22 08:34:59.125 [DBG] [oshi.software.os.linux.LinuxOperatingSystem] os-release: {}:[Ljava.lang.Object;@6a5d5399
2026-04-22 08:34:59.125 [DBG] [oshi.util.FileUtil] Reading file {}:[Ljava.lang.Object;@3d499d5d
2026-04-22 08:34:59.131 [DBG] [oshi.util.FileUtil] Reading file {}:[Ljava.lang.Object;@59422094
2026-04-22 08:34:59.131 [DBG] [oshi.util.FileUtil] Reading file {}:[Ljava.lang.Object;@363f0829
2026-04-22 08:34:59.132 [DBG] [oshi.util.FileUtil] Reading file {}:[Ljava.lang.Object;@c9bfa09
2026-04-22 08:34:59.132 [DBG] [oshi.util.FileUtil] Reading file {}:[Ljava.lang.Object;@2640fffd
2026-04-22 08:34:59.132 [DBG] [oshi.util.FileUtil] Reading file {}:[Ljava.lang.Object;@6e4e3d21
2026-04-22 08:34:59.132 [DBG] [oshi.util.FileUtil] Reading file {}:[Ljava.lang.Object;@20fe0e81
2026-04-22 08:34:59.133 [DBG] [oshi.util.FileUtil] Reading file {}:[Ljava.lang.Object;@52f845a3
2026-04-22 08:34:59.133 [DBG] [oshi.util.FileUtil] Reading file {}:[Ljava.lang.Object;@4d40dde8
2026-04-22 08:35:02,948 [   6753]   WARN - #c.i.s.c.i.StationSocketConnectionLoop - RecentProjects connection failed with NoSuchFileException (/run/user/1000/jb.station.sock)
2026-04-22 08:35:03,057 [   6862]   WARN - #c.i.v.g.r.GitRepositoriesHolder - State of repository RepositoryId(projectId=ProjectId#ck8n4alfoe0ffak4lj3u, rootPath=/home/neel/PROJECTS/Teacher_Content_Portal/Teacher_Content_Portal) is not synchronized. Known repositories are: 
2026-04-22 08:35:59.140 [DBG] [oshi.util.FileUtil] Reading file {}:[Ljava.lang.Object;@24a3c4d
2026-04-22 08:35:59.140 [DBG] [oshi.util.FileUtil] Reading file {}:[Ljava.lang.Object;@25a5cba3
2026-04-22 08:35:59.140 [DBG] [oshi.util.FileUtil] Reading file {}:[Ljava.lang.Object;@4ce7160
2026-04-22 08:35:59.141 [DBG] [oshi.util.FileUtil] Reading file {}:[Ljava.lang.Object;@80a95bc
2026-04-22 08:35:59.141 [DBG] [oshi.util.FileUtil] Reading file {}:[Ljava.lang.Object;@5b7178a4
2026-04-22 08:35:59.141 [DBG] [oshi.util.FileUtil] Reading file {}:[Ljava.lang.Object;@508258ba
2026-04-22 08:36:59.147 [DBG] [oshi.util.FileUtil] Reading file {}:[Ljava.lang.Object;@4c3a5156
2026-04-22 08:36:59.147 [DBG] [oshi.util.FileUtil] Reading file {}:[Ljava.lang.Object;@135c342a
2026-04-22 08:36:59.148 [DBG] [oshi.util.FileUtil] Reading file {}:[Ljava.lang.Object;@3342bb69
2026-04-22 08:36:59.148 [DBG] [oshi.util.FileUtil] Reading file {}:[Ljava.lang.Object;@207422e7
2026-04-22 08:36:59.148 [DBG] [oshi.util.FileUtil] Reading file {}:[Ljava.lang.Object;@3e5a775e
2026-04-22 08:36:59.148 [DBG] [oshi.util.FileUtil] Reading file {}:[Ljava.lang.Object;@4cd5f9db
2026-04-22 08:37:59.161 [DBG] [oshi.util.FileUtil] Reading file {}:[Ljava.lang.Object;@7aa4053c
2026-04-22 08:37:59.162 [DBG] [oshi.util.FileUtil] Reading file {}:[Ljava.lang.Object;@628ee1f0
2026-04-22 08:37:59.163 [DBG] [oshi.util.FileUtil] Reading file {}:[Ljava.lang.Object;@6e6333fc
2026-04-22 08:37:59.163 [DBG] [oshi.util.FileUtil] Reading file {}:[Ljava.lang.Object;@f41c62f
2026-04-22 08:37:59.164 [DBG] [oshi.util.FileUtil] Reading file {}:[Ljava.lang.Object;@5516af1e
2026-04-22 08:37:59.164 [DBG] [oshi.util.FileUtil] Reading file {}:[Ljava.lang.Object;@4002552d
2026-04-22 08:38:59.170 [DBG] [oshi.util.FileUtil] Reading file {}:[Ljava.lang.Object;@1a40bc6b
2026-04-22 08:38:59.171 [DBG] [oshi.util.FileUtil] Reading file {}:[Ljava.lang.Object;@106ea440
2026-04-22 08:38:59.171 [DBG] [oshi.util.FileUtil] Reading file {}:[Ljava.lang.Object;@7326735b
2026-04-22 08:38:59.171 [DBG] [oshi.util.FileUtil] Reading file {}:[Ljava.lang.Object;@28f9178d
2026-04-22 08:38:59.171 [DBG] [oshi.util.FileUtil] Reading file {}:[Ljava.lang.Object;@37c5551d
2026-04-22 08:38:59.171 [DBG] [oshi.util.FileUtil] Reading file {}:[Ljava.lang.Object;@526cab01
2026-04-22 08:39:59.176 [DBG] [oshi.util.FileUtil] Reading file {}:[Ljava.lang.Object;@29862580
2026-04-22 08:39:59.176 [DBG] [oshi.util.FileUtil] Reading file {}:[Ljava.lang.Object;@223523b1
2026-04-22 08:39:59.176 [DBG] [oshi.util.FileUtil] Reading file {}:[Ljava.lang.Object;@1552ed19
2026-04-22 08:39:59.176 [DBG] [oshi.util.FileUtil] Reading file {}:[Ljava.lang.Object;@430acb34
2026-04-22 08:39:59.177 [DBG] [oshi.util.FileUtil] Reading file {}:[Ljava.lang.Object;@5b385cf0
2026-04-22 08:39:59.177 [DBG] [oshi.util.FileUtil] Reading file {}:[Ljava.lang.Object;@501bd48d
2026-04-22 08:40:39,953 [ 343758]   WARN - org.apache.velocity.deprecation - configuration key 'resource.loader' has been deprecated in favor of 'resource.loaders'
2026-04-22 08:40:39,955 [ 343760]   WARN - org.apache.velocity.deprecation - configuration key 'includes.resource.loader.class' has been deprecated in favor of 'resource.loader.includes.class'
2026-04-22 08:40:40,002 [ 343807]   WARN - org.apache.velocity.introspection - Cannot retrieve method getPropertyName from object of class java.lang.Class due to security restrictions.
2026-04-22 08:40:40,010 [ 343815]   WARN - org.apache.velocity.introspection - Cannot retrieve method sanitizeJavaIdentifier from object of class java.lang.Class due to security restrictions.
2026-04-22 08:40:40,011 [ 343816]   WARN - org.apache.velocity.introspection - Cannot retrieve method capitalizeWithJavaBeanConvention from object of class java.lang.Class due to security restrictions.
2026-04-22 08:40:40,136 [ 343941]   WARN - org.apache.velocity.introspection - Cannot retrieve method getPropertyName from object of class java.lang.Class due to security restrictions.
2026-04-22 08:40:40,137 [ 343942]   WARN - org.apache.velocity.introspection - Cannot retrieve method sanitizeJavaIdentifier from object of class java.lang.Class due to security restrictions.
2026-04-22 08:40:40,137 [ 343942]   WARN - org.apache.velocity.introspection - Cannot retrieve method capitalizeWithJavaBeanConvention from object of class java.lang.Class due to security restrictions.
2026-04-22 08:40:40,166 [ 343971]   WARN - org.apache.velocity.introspection - Cannot retrieve method getPropertyName from object of class java.lang.Class due to security restrictions.
2026-04-22 08:40:40,166 [ 343971]   WARN - org.apache.velocity.introspection - Cannot retrieve method sanitizeJavaIdentifier from object of class java.lang.Class due to security restrictions.
2026-04-22 08:40:40,166 [ 343971]   WARN - org.apache.velocity.introspection - Cannot retrieve method capitalizeWithJavaBeanConvention from object of class java.lang.Class due to security restrictions.
2026-04-22 08:40:40,291 [ 344096]   WARN - org.apache.velocity.introspection - Cannot retrieve method getPropertyName from object of class java.lang.Class due to security restrictions.
2026-04-22 08:40:40,292 [ 344097]   WARN - org.apache.velocity.introspection - Cannot retrieve method sanitizeJavaIdentifier from object of class java.lang.Class due to security restrictions.
2026-04-22 08:40:40,292 [ 344097]   WARN - org.apache.velocity.introspection - Cannot retrieve method capitalizeWithJavaBeanConvention from object of class java.lang.Class due to security restrictions.
2026-04-22 08:40:40,305 [ 344110]   WARN - org.apache.velocity.introspection - Cannot retrieve method getPropertyName from object of class java.lang.Class due to security restrictions.
2026-04-22 08:40:40,306 [ 344111]   WARN - org.apache.velocity.introspection - Cannot retrieve method sanitizeJavaIdentifier from object of class java.lang.Class due to security restrictions.
2026-04-22 08:40:40,306 [ 344111]   WARN - org.apache.velocity.introspection - Cannot retrieve method capitalizeWithJavaBeanConvention from object of class java.lang.Class due to security restrictions.
2026-04-22 08:40:40,418 [ 344223]   WARN - org.apache.velocity.introspection - Cannot retrieve method getPropertyName from object of class java.lang.Class due to security restrictions.
2026-04-22 08:40:40,419 [ 344224]   WARN - org.apache.velocity.introspection - Cannot retrieve method sanitizeJavaIdentifier from object of class java.lang.Class due to security restrictions.
2026-04-22 08:40:40,419 [ 344224]   WARN - org.apache.velocity.introspection - Cannot retrieve method capitalizeWithJavaBeanConvention from object of class java.lang.Class due to security restrictions.
2026-04-22 08:40:40,429 [ 344234]   WARN - org.apache.velocity.introspection - Cannot retrieve method getPropertyName from object of class java.lang.Class due to security restrictions.
2026-04-22 08:40:40,429 [ 344234]   WARN - org.apache.velocity.introspection - Cannot retrieve method sanitizeJavaIdentifier from object of class java.lang.Class due to security restrictions.
2026-04-22 08:40:40,429 [ 344234]   WARN - org.apache.velocity.introspection - Cannot retrieve method capitalizeWithJavaBeanConvention from object of class java.lang.Class due to security restrictions.
2026-04-22 08:40:40,704 [ 344509]   WARN - org.apache.velocity.introspection - Cannot retrieve method getPropertyName from object of class java.lang.Class due to security restrictions.
2026-04-22 08:40:40,704 [ 344509]   WARN - org.apache.velocity.introspection - Cannot retrieve method sanitizeJavaIdentifier from object of class java.lang.Class due to security restrictions.
2026-04-22 08:40:40,704 [ 344509]   WARN - org.apache.velocity.introspection - Cannot retrieve method capitalizeWithJavaBeanConvention from object of class java.lang.Class due to security restrictions.
2026-04-22 08:40:40,714 [ 344519]   WARN - org.apache.velocity.introspection - Cannot retrieve method getPropertyName from object of class java.lang.Class due to security restrictions.
2026-04-22 08:40:40,714 [ 344519]   WARN - org.apache.velocity.introspection - Cannot retrieve method sanitizeJavaIdentifier from object of class java.lang.Class due to security restrictions.
2026-04-22 08:40:40,714 [ 344519]   WARN - org.apache.velocity.introspection - Cannot retrieve method capitalizeWithJavaBeanConvention from object of class java.lang.Class due to security restrictions.
2026-04-22 08:40:40,795 [ 344600]   WARN - org.apache.velocity.introspection - Cannot retrieve method getPropertyName from object of class java.lang.Class due to security restrictions.
2026-04-22 08:40:40,796 [ 344601]   WARN - org.apache.velocity.introspection - Cannot retrieve method sanitizeJavaIdentifier from object of class java.lang.Class due to security restrictions.
2026-04-22 08:40:40,796 [ 344601]   WARN - org.apache.velocity.introspection - Cannot retrieve method capitalizeWithJavaBeanConvention from object of class java.lang.Class due to security restrictions.
2026-04-22 08:40:40,806 [ 344611]   WARN - org.apache.velocity.introspection - Cannot retrieve method getPropertyName from object of class java.lang.Class due to security restrictions.
2026-04-22 08:40:40,806 [ 344611]   WARN - org.apache.velocity.introspection - Cannot retrieve method sanitizeJavaIdentifier from object of class java.lang.Class due to security restrictions.
2026-04-22 08:40:40,806 [ 344611]   WARN - org.apache.velocity.introspection - Cannot retrieve method capitalizeWithJavaBeanConvention from object of class java.lang.Class due to security restrictions.
2026-04-22 08:40:40,866 [ 344671]   WARN - org.apache.velocity.introspection - Cannot retrieve method getPropertyName from object of class java.lang.Class due to security restrictions.
2026-04-22 08:40:40,866 [ 344671]   WARN - org.apache.velocity.introspection - Cannot retrieve method sanitizeJavaIdentifier from object of class java.lang.Class due to security restrictions.
2026-04-22 08:40:40,867 [ 344672]   WARN - org.apache.velocity.introspection - Cannot retrieve method capitalizeWithJavaBeanConvention from object of class java.lang.Class due to security restrictions.
2026-04-22 08:40:40,875 [ 344680]   WARN - org.apache.velocity.introspection - Cannot retrieve method getPropertyName from object of class java.lang.Class due to security restrictions.
2026-04-22 08:40:40,875 [ 344680]   WARN - org.apache.velocity.introspection - Cannot retrieve method sanitizeJavaIdentifier from object of class java.lang.Class due to security restrictions.
2026-04-22 08:40:40,875 [ 344680]   WARN - org.apache.velocity.introspection - Cannot retrieve method capitalizeWithJavaBeanConvention from object of class java.lang.Class due to security restrictions.
2026-04-22 08:40:41,997 [ 345802]   WARN - org.apache.velocity.introspection - Cannot retrieve method getPropertyName from object of class java.lang.Class due to security restrictions.
2026-04-22 08:40:41,997 [ 345802]   WARN - org.apache.velocity.introspection - Cannot retrieve method sanitizeJavaIdentifier from object of class java.lang.Class due to security restrictions.
2026-04-22 08:40:41,997 [ 345802]   WARN - org.apache.velocity.introspection - Cannot retrieve method capitalizeWithJavaBeanConvention from object of class java.lang.Class due to security restrictions.
2026-04-22 08:40:42,006 [ 345811]   WARN - org.apache.velocity.introspection - Cannot retrieve method getPropertyName from object of class java.lang.Class due to security restrictions.
2026-04-22 08:40:42,007 [ 345812]   WARN - org.apache.velocity.introspection - Cannot retrieve method sanitizeJavaIdentifier from object of class java.lang.Class due to security restrictions.
2026-04-22 08:40:42,007 [ 345812]   WARN - org.apache.velocity.introspection - Cannot retrieve method capitalizeWithJavaBeanConvention from object of class java.lang.Class due to security restrictions.
2026-04-22 08:40:42,564 [ 346369]   WARN - org.apache.velocity.introspection - Cannot retrieve method getPropertyName from object of class java.lang.Class due to security restrictions.
2026-04-22 08:40:42,564 [ 346369]   WARN - org.apache.velocity.introspection - Cannot retrieve method sanitizeJavaIdentifier from object of class java.lang.Class due to security restrictions.
2026-04-22 08:40:42,564 [ 346369]   WARN - org.apache.velocity.introspection - Cannot retrieve method capitalizeWithJavaBeanConvention from object of class java.lang.Class due to security restrictions.
2026-04-22 08:40:42,578 [ 346383]   WARN - org.apache.velocity.introspection - Cannot retrieve method getPropertyName from object of class java.lang.Class due to security restrictions.
2026-04-22 08:40:42,578 [ 346383]   WARN - org.apache.velocity.introspection - Cannot retrieve method sanitizeJavaIdentifier from object of class java.lang.Class due to security restrictions.
2026-04-22 08:40:42,578 [ 346383]   WARN - org.apache.velocity.introspection - Cannot retrieve method capitalizeWithJavaBeanConvention from object of class java.lang.Class due to security restrictions.
2026-04-22 08:40:42,715 [ 346520]   WARN - org.apache.velocity.introspection - Cannot retrieve method getPropertyName from object of class java.lang.Class due to security restrictions.
2026-04-22 08:40:42,716 [ 346521]   WARN - org.apache.velocity.introspection - Cannot retrieve method sanitizeJavaIdentifier from object of class java.lang.Class due to security restrictions.
2026-04-22 08:40:42,716 [ 346521]   WARN - org.apache.velocity.introspection - Cannot retrieve method capitalizeWithJavaBeanConvention from object of class java.lang.Class due to security restrictions.
2026-04-22 08:40:42,730 [ 346535]   WARN - org.apache.velocity.introspection - Cannot retrieve method getPropertyName from object of class java.lang.Class due to security restrictions.
2026-04-22 08:40:42,730 [ 346535]   WARN - org.apache.velocity.introspection - Cannot retrieve method sanitizeJavaIdentifier from object of class java.lang.Class due to security restrictions.
2026-04-22 08:40:42,731 [ 346536]   WARN - org.apache.velocity.introspection - Cannot retrieve method capitalizeWithJavaBeanConvention from object of class java.lang.Class due to security restrictions.
2026-04-22 08:40:42,848 [ 346653]   WARN - org.apache.velocity.introspection - Cannot retrieve method getPropertyName from object of class java.lang.Class due to security restrictions.
2026-04-22 08:40:42,848 [ 346653]   WARN - org.apache.velocity.introspection - Cannot retrieve method sanitizeJavaIdentifier from object of class java.lang.Class due to security restrictions.
2026-04-22 08:40:42,848 [ 346653]   WARN - org.apache.velocity.introspection - Cannot retrieve method capitalizeWithJavaBeanConvention from object of class java.lang.Class due to security restrictions.
2026-04-22 08:40:42,861 [ 346666]   WARN - org.apache.velocity.introspection - Cannot retrieve method getPropertyName from object of class java.lang.Class due to security restrictions.
2026-04-22 08:40:42,861 [ 346666]   WARN - org.apache.velocity.introspection - Cannot retrieve method sanitizeJavaIdentifier from object of class java.lang.Class due to security restrictions.
2026-04-22 08:40:42,862 [ 346667]   WARN - org.apache.velocity.introspection - Cannot retrieve method capitalizeWithJavaBeanConvention from object of class java.lang.Class due to security restrictions.
2026-04-22 08:40:43,461 [ 347266]   WARN - org.apache.velocity.introspection - Cannot retrieve method getPropertyName from object of class java.lang.Class due to security restrictions.
2026-04-22 08:40:43,462 [ 347267]   WARN - org.apache.velocity.introspection - Cannot retrieve method sanitizeJavaIdentifier from object of class java.lang.Class due to security restrictions.
2026-04-22 08:40:43,462 [ 347267]   WARN - org.apache.velocity.introspection - Cannot retrieve method capitalizeWithJavaBeanConvention from object of class java.lang.Class due to security restrictions.
2026-04-22 08:40:43,473 [ 347278]   WARN - org.apache.velocity.introspection - Cannot retrieve method getPropertyName from object of class java.lang.Class due to security restrictions.
2026-04-22 08:40:43,473 [ 347278]   WARN - org.apache.velocity.introspection - Cannot retrieve method sanitizeJavaIdentifier from object of class java.lang.Class due to security restrictions.
2026-04-22 08:40:43,474 [ 347279]   WARN - org.apache.velocity.introspection - Cannot retrieve method capitalizeWithJavaBeanConvention from object of class java.lang.Class due to security restrictions.
2026-04-22 08:40:44,335 [ 348140]   WARN - org.apache.velocity.introspection - Cannot retrieve method getPropertyName from object of class java.lang.Class due to security restrictions.
2026-04-22 08:40:44,335 [ 348140]   WARN - org.apache.velocity.introspection - Cannot retrieve method sanitizeJavaIdentifier from object of class java.lang.Class due to security restrictions.
2026-04-22 08:40:44,335 [ 348140]   WARN - org.apache.velocity.introspection - Cannot retrieve method capitalizeWithJavaBeanConvention from object of class java.lang.Class due to security restrictions.
2026-04-22 08:40:44,346 [ 348151]   WARN - org.apache.velocity.introspection - Cannot retrieve method getPropertyName from object of class java.lang.Class due to security restrictions.
2026-04-22 08:40:44,346 [ 348151]   WARN - org.apache.velocity.introspection - Cannot retrieve method sanitizeJavaIdentifier from object of class java.lang.Class due to security restrictions.
2026-04-22 08:40:44,346 [ 348151]   WARN - org.apache.velocity.introspection - Cannot retrieve method capitalizeWithJavaBeanConvention from object of class java.lang.Class due to security restrictions.
2026-04-22 08:40:44,432 [ 348237]   WARN - org.apache.velocity.introspection - Cannot retrieve method getPropertyName from object of class java.lang.Class due to security restrictions.
2026-04-22 08:40:44,432 [ 348237]   WARN - org.apache.velocity.introspection - Cannot retrieve method sanitizeJavaIdentifier from object of class java.lang.Class due to security restrictions.
2026-04-22 08:40:44,436 [ 348241]   WARN - org.apache.velocity.introspection - Cannot retrieve method capitalizeWithJavaBeanConvention from object of class java.lang.Class due to security restrictions.
2026-04-22 08:40:44,447 [ 348252]   WARN - org.apache.velocity.introspection - Cannot retrieve method getPropertyName from object of class java.lang.Class due to security restrictions.
2026-04-22 08:40:44,447 [ 348252]   WARN - org.apache.velocity.introspection - Cannot retrieve method sanitizeJavaIdentifier from object of class java.lang.Class due to security restrictions.
2026-04-22 08:40:44,447 [ 348252]   WARN - org.apache.velocity.introspection - Cannot retrieve method capitalizeWithJavaBeanConvention from object of class java.lang.Class due to security restrictions.
2026-04-22 08:40:44,533 [ 348338]   WARN - org.apache.velocity.introspection - Cannot retrieve method getPropertyName from object of class java.lang.Class due to security restrictions.
2026-04-22 08:40:44,533 [ 348338]   WARN - org.apache.velocity.introspection - Cannot retrieve method sanitizeJavaIdentifier from object of class java.lang.Class due to security restrictions.
2026-04-22 08:40:44,533 [ 348338]   WARN - org.apache.velocity.introspection - Cannot retrieve method capitalizeWithJavaBeanConvention from object of class java.lang.Class due to security restrictions.
2026-04-22 08:40:44,545 [ 348350]   WARN - org.apache.velocity.introspection - Cannot retrieve method getPropertyName from object of class java.lang.Class due to security restrictions.
2026-04-22 08:40:44,545 [ 348350]   WARN - org.apache.velocity.introspection - Cannot retrieve method sanitizeJavaIdentifier from object of class java.lang.Class due to security restrictions.
2026-04-22 08:40:44,546 [ 348351]   WARN - org.apache.velocity.introspection - Cannot retrieve method capitalizeWithJavaBeanConvention from object of class java.lang.Class due to security restrictions.
2026-04-22 08:40:44,593 [ 348398]   WARN - org.apache.velocity.introspection - Cannot retrieve method getPropertyName from object of class java.lang.Class due to security restrictions.
2026-04-22 08:40:44,593 [ 348398]   WARN - org.apache.velocity.introspection - Cannot retrieve method sanitizeJavaIdentifier from object of class java.lang.Class due to security restrictions.
2026-04-22 08:40:44,593 [ 348398]   WARN - org.apache.velocity.introspection - Cannot retrieve method capitalizeWithJavaBeanConvention from object of class java.lang.Class due to security restrictions.
2026-04-22 08:40:44,601 [ 348406]   WARN - org.apache.velocity.introspection - Cannot retrieve method getPropertyName from object of class java.lang.Class due to security restrictions.
2026-04-22 08:40:44,601 [ 348406]   WARN - org.apache.velocity.introspection - Cannot retrieve method sanitizeJavaIdentifier from object of class java.lang.Class due to security restrictions.
2026-04-22 08:40:44,601 [ 348406]   WARN - org.apache.velocity.introspection - Cannot retrieve method capitalizeWithJavaBeanConvention from object of class java.lang.Class due to security restrictions.
2026-04-22 08:40:44,939 [ 348744]   WARN - org.apache.velocity.introspection - Cannot retrieve method getPropertyName from object of class java.lang.Class due to security restrictions.
2026-04-22 08:40:44,939 [ 348744]   WARN - org.apache.velocity.introspection - Cannot retrieve method sanitizeJavaIdentifier from object of class java.lang.Class due to security restrictions.
2026-04-22 08:40:44,939 [ 348744]   WARN - org.apache.velocity.introspection - Cannot retrieve method capitalizeWithJavaBeanConvention from object of class java.lang.Class due to security restrictions.
2026-04-22 08:40:44,948 [ 348753]   WARN - org.apache.velocity.introspection - Cannot retrieve method getPropertyName from object of class java.lang.Class due to security restrictions.
2026-04-22 08:40:44,948 [ 348753]   WARN - org.apache.velocity.introspection - Cannot retrieve method sanitizeJavaIdentifier from object of class java.lang.Class due to security restrictions.
2026-04-22 08:40:44,948 [ 348753]   WARN - org.apache.velocity.introspection - Cannot retrieve method capitalizeWithJavaBeanConvention from object of class java.lang.Class due to security restrictions.
2026-04-22 08:40:45,063 [ 348868]   WARN - org.apache.velocity.introspection - Cannot retrieve method getPropertyName from object of class java.lang.Class due to security restrictions.
2026-04-22 08:40:45,063 [ 348868]   WARN - org.apache.velocity.introspection - Cannot retrieve method sanitizeJavaIdentifier from object of class java.lang.Class due to security restrictions.
2026-04-22 08:40:45,063 [ 348868]   WARN - org.apache.velocity.introspection - Cannot retrieve method capitalizeWithJavaBeanConvention from object of class java.lang.Class due to security restrictions.
2026-04-22 08:40:45,084 [ 348889]   WARN - org.apache.velocity.introspection - Cannot retrieve method getPropertyName from object of class java.lang.Class due to security restrictions.
2026-04-22 08:40:45,084 [ 348889]   WARN - org.apache.velocity.introspection - Cannot retrieve method sanitizeJavaIdentifier from object of class java.lang.Class due to security restrictions.
2026-04-22 08:40:45,084 [ 348889]   WARN - org.apache.velocity.introspection - Cannot retrieve method capitalizeWithJavaBeanConvention from object of class java.lang.Class due to security restrictions.
2026-04-22 08:40:45,124 [ 348929]   WARN - org.apache.velocity.introspection - Cannot retrieve method getPropertyName from object of class java.lang.Class due to security restrictions.
2026-04-22 08:40:45,124 [ 348929]   WARN - org.apache.velocity.introspection - Cannot retrieve method sanitizeJavaIdentifier from object of class java.lang.Class due to security restrictions.
2026-04-22 08:40:45,124 [ 348929]   WARN - org.apache.velocity.introspection - Cannot retrieve method capitalizeWithJavaBeanConvention from object of class java.lang.Class due to security restrictions.
2026-04-22 08:40:45,129 [ 348934]   WARN - org.apache.velocity.introspection - Cannot retrieve method getPropertyName from object of class java.lang.Class due to security restrictions.
2026-04-22 08:40:45,129 [ 348934]   WARN - org.apache.velocity.introspection - Cannot retrieve method sanitizeJavaIdentifier from object of class java.lang.Class due to security restrictions.
2026-04-22 08:40:45,129 [ 348934]   WARN - org.apache.velocity.introspection - Cannot retrieve method capitalizeWithJavaBeanConvention from object of class java.lang.Class due to security restrictions.
2026-04-22 08:40:45,205 [ 349010]   WARN - org.apache.velocity.introspection - Cannot retrieve method getPropertyName from object of class java.lang.Class due to security restrictions.
2026-04-22 08:40:45,205 [ 349010]   WARN - org.apache.velocity.introspection - Cannot retrieve method sanitizeJavaIdentifier from object of class java.lang.Class due to security restrictions.
2026-04-22 08:40:45,205 [ 349010]   WARN - org.apache.velocity.introspection - Cannot retrieve method capitalizeWithJavaBeanConvention from object of class java.lang.Class due to security restrictions.
2026-04-22 08:40:45,215 [ 349020]   WARN - org.apache.velocity.introspection - Cannot retrieve method getPropertyName from object of class java.lang.Class due to security restrictions.
2026-04-22 08:40:45,216 [ 349021]   WARN - org.apache.velocity.introspection - Cannot retrieve method sanitizeJavaIdentifier from object of class java.lang.Class due to security restrictions.
2026-04-22 08:40:45,216 [ 349021]   WARN - org.apache.velocity.introspection - Cannot retrieve method capitalizeWithJavaBeanConvention from object of class java.lang.Class due to security restrictions.
2026-04-22 08:40:45,358 [ 349163]   WARN - org.apache.velocity.introspection - Cannot retrieve method getPropertyName from object of class java.lang.Class due to security restrictions.
2026-04-22 08:40:45,358 [ 349163]   WARN - org.apache.velocity.introspection - Cannot retrieve method sanitizeJavaIdentifier from object of class java.lang.Class due to security restrictions.
2026-04-22 08:40:45,358 [ 349163]   WARN - org.apache.velocity.introspection - Cannot retrieve method capitalizeWithJavaBeanConvention from object of class java.lang.Class due to security restrictions.
2026-04-22 08:40:45,367 [ 349172]   WARN - org.apache.velocity.introspection - Cannot retrieve method getPropertyName from object of class java.lang.Class due to security restrictions.
2026-04-22 08:40:45,367 [ 349172]   WARN - org.apache.velocity.introspection - Cannot retrieve method sanitizeJavaIdentifier from object of class java.lang.Class due to security restrictions.
2026-04-22 08:40:45,367 [ 349172]   WARN - org.apache.velocity.introspection - Cannot retrieve method capitalizeWithJavaBeanConvention from object of class java.lang.Class due to security restrictions.
2026-04-22 08:40:45,502 [ 349307]   WARN - org.apache.velocity.introspection - Cannot retrieve method getPropertyName from object of class java.lang.Class due to security restrictions.
2026-04-22 08:40:45,502 [ 349307]   WARN - org.apache.velocity.introspection - Cannot retrieve method sanitizeJavaIdentifier from object of class java.lang.Class due to security restrictions.
2026-04-22 08:40:45,502 [ 349307]   WARN - org.apache.velocity.introspection - Cannot retrieve method capitalizeWithJavaBeanConvention from object of class java.lang.Class due to security restrictions.
2026-04-22 08:40:45,510 [ 349315]   WARN - org.apache.velocity.introspection - Cannot retrieve method getPropertyName from object of class java.lang.Class due to security restrictions.
2026-04-22 08:40:45,510 [ 349315]   WARN - org.apache.velocity.introspection - Cannot retrieve method sanitizeJavaIdentifier from object of class java.lang.Class due to security restrictions.
2026-04-22 08:40:45,510 [ 349315]   WARN - org.apache.velocity.introspection - Cannot retrieve method capitalizeWithJavaBeanConvention from object of class java.lang.Class due to security restrictions.
2026-04-22 08:40:45,643 [ 349448]   WARN - org.apache.velocity.introspection - Cannot retrieve method getPropertyName from object of class java.lang.Class due to security restrictions.
2026-04-22 08:40:45,643 [ 349448]   WARN - org.apache.velocity.introspection - Cannot retrieve method sanitizeJavaIdentifier from object of class java.lang.Class due to security restrictions.
2026-04-22 08:40:45,643 [ 349448]   WARN - org.apache.velocity.introspection - Cannot retrieve method capitalizeWithJavaBeanConvention from object of class java.lang.Class due to security restrictions.
2026-04-22 08:40:45,651 [ 349456]   WARN - org.apache.velocity.introspection - Cannot retrieve method getPropertyName from object of class java.lang.Class due to security restrictions.
2026-04-22 08:40:45,651 [ 349456]   WARN - org.apache.velocity.introspection - Cannot retrieve method sanitizeJavaIdentifier from object of class java.lang.Class due to security restrictions.
2026-04-22 08:40:45,652 [ 349457]   WARN - org.apache.velocity.introspection - Cannot retrieve method capitalizeWithJavaBeanConvention from object of class java.lang.Class due to security restrictions.
2026-04-22 08:40:45,694 [ 349499]   WARN - org.apache.velocity.introspection - Cannot retrieve method getPropertyName from object of class java.lang.Class due to security restrictions.
2026-04-22 08:40:45,694 [ 349499]   WARN - org.apache.velocity.introspection - Cannot retrieve method sanitizeJavaIdentifier from object of class java.lang.Class due to security restrictions.
2026-04-22 08:40:45,694 [ 349499]   WARN - org.apache.velocity.introspection - Cannot retrieve method capitalizeWithJavaBeanConvention from object of class java.lang.Class due to security restrictions.
2026-04-22 08:40:45,703 [ 349508]   WARN - org.apache.velocity.introspection - Cannot retrieve method getPropertyName from object of class java.lang.Class due to security restrictions.
2026-04-22 08:40:45,703 [ 349508]   WARN - org.apache.velocity.introspection - Cannot retrieve method sanitizeJavaIdentifier from object of class java.lang.Class due to security restrictions.
2026-04-22 08:40:45,704 [ 349509]   WARN - org.apache.velocity.introspection - Cannot retrieve method capitalizeWithJavaBeanConvention from object of class java.lang.Class due to security restrictions.
2026-04-22 08:40:45,792 [ 349597]   WARN - org.apache.velocity.introspection - Cannot retrieve method getPropertyName from object of class java.lang.Class due to security restrictions.
2026-04-22 08:40:45,792 [ 349597]   WARN - org.apache.velocity.introspection - Cannot retrieve method sanitizeJavaIdentifier from object of class java.lang.Class due to security restrictions.
2026-04-22 08:40:45,792 [ 349597]   WARN - org.apache.velocity.introspection - Cannot retrieve method capitalizeWithJavaBeanConvention from object of class java.lang.Class due to security restrictions.
2026-04-22 08:40:45,800 [ 349605]   WARN - org.apache.velocity.introspection - Cannot retrieve method getPropertyName from object of class java.lang.Class due to security restrictions.
2026-04-22 08:40:45,800 [ 349605]   WARN - org.apache.velocity.introspection - Cannot retrieve method sanitizeJavaIdentifier from object of class java.lang.Class due to security restrictions.
2026-04-22 08:40:45,801 [ 349606]   WARN - org.apache.velocity.introspection - Cannot retrieve method capitalizeWithJavaBeanConvention from object of class java.lang.Class due to security restrictions.
2026-04-22 08:40:45,936 [ 349741]   WARN - org.apache.velocity.introspection - Cannot retrieve method getPropertyName from object of class java.lang.Class due to security restrictions.
2026-04-22 08:40:45,936 [ 349741]   WARN - org.apache.velocity.introspection - Cannot retrieve method sanitizeJavaIdentifier from object of class java.lang.Class due to security restrictions.
2026-04-22 08:40:45,936 [ 349741]   WARN - org.apache.velocity.introspection - Cannot retrieve method capitalizeWithJavaBeanConvention from object of class java.lang.Class due to security restrictions.
2026-04-22 08:40:45,944 [ 349749]   WARN - org.apache.velocity.introspection - Cannot retrieve method getPropertyName from object of class java.lang.Class due to security restrictions.
2026-04-22 08:40:45,944 [ 349749]   WARN - org.apache.velocity.introspection - Cannot retrieve method sanitizeJavaIdentifier from object of class java.lang.Class due to security restrictions.
2026-04-22 08:40:45,944 [ 349749]   WARN - org.apache.velocity.introspection - Cannot retrieve method capitalizeWithJavaBeanConvention from object of class java.lang.Class due to security restrictions.
2026-04-22 08:40:46,816 [ 350621]   WARN - org.apache.velocity.introspection - Cannot retrieve method getPropertyName from object of class java.lang.Class due to security restrictions.
2026-04-22 08:40:46,816 [ 350621]   WARN - org.apache.velocity.introspection - Cannot retrieve method sanitizeJavaIdentifier from object of class java.lang.Class due to security restrictions.
2026-04-22 08:40:46,817 [ 350622]   WARN - org.apache.velocity.introspection - Cannot retrieve method capitalizeWithJavaBeanConvention from object of class java.lang.Class due to security restrictions.
2026-04-22 08:40:46,827 [ 350632]   WARN - org.apache.velocity.introspection - Cannot retrieve method getPropertyName from object of class java.lang.Class due to security restrictions.
2026-04-22 08:40:46,827 [ 350632]   WARN - org.apache.velocity.introspection - Cannot retrieve method sanitizeJavaIdentifier from object of class java.lang.Class due to security restrictions.
2026-04-22 08:40:46,827 [ 350632]   WARN - org.apache.velocity.introspection - Cannot retrieve method capitalizeWithJavaBeanConvention from object of class java.lang.Class due to security restrictions.
2026-04-22 08:40:47,002 [ 350807]   WARN - org.apache.velocity.introspection - Cannot retrieve method getPropertyName from object of class java.lang.Class due to security restrictions.
2026-04-22 08:40:47,002 [ 350807]   WARN - org.apache.velocity.introspection - Cannot retrieve method sanitizeJavaIdentifier from object of class java.lang.Class due to security restrictions.
2026-04-22 08:40:47,003 [ 350808]   WARN - org.apache.velocity.introspection - Cannot retrieve method capitalizeWithJavaBeanConvention from object of class java.lang.Class due to security restrictions.
2026-04-22 08:40:47,012 [ 350817]   WARN - org.apache.velocity.introspection - Cannot retrieve method getPropertyName from object of class java.lang.Class due to security restrictions.
2026-04-22 08:40:47,013 [ 350818]   WARN - org.apache.velocity.introspection - Cannot retrieve method sanitizeJavaIdentifier from object of class java.lang.Class due to security restrictions.
2026-04-22 08:40:47,013 [ 350818]   WARN - org.apache.velocity.introspection - Cannot retrieve method capitalizeWithJavaBeanConvention from object of class java.lang.Class due to security restrictions.
2026-04-22 08:40:47,059 [ 350864]   WARN - org.apache.velocity.introspection - Cannot retrieve method getPropertyName from object of class java.lang.Class due to security restrictions.
2026-04-22 08:40:47,059 [ 350864]   WARN - org.apache.velocity.introspection - Cannot retrieve method sanitizeJavaIdentifier from object of class java.lang.Class due to security restrictions.
2026-04-22 08:40:47,059 [ 350864]   WARN - org.apache.velocity.introspection - Cannot retrieve method capitalizeWithJavaBeanConvention from object of class java.lang.Class due to security restrictions.
2026-04-22 08:40:47,066 [ 350871]   WARN - org.apache.velocity.introspection - Cannot retrieve method getPropertyName from object of class java.lang.Class due to security restrictions.
2026-04-22 08:40:47,066 [ 350871]   WARN - org.apache.velocity.introspection - Cannot retrieve method sanitizeJavaIdentifier from object of class java.lang.Class due to security restrictions.
2026-04-22 08:40:47,067 [ 350872]   WARN - org.apache.velocity.introspection - Cannot retrieve method capitalizeWithJavaBeanConvention from object of class java.lang.Class due to security restrictions.
2026-04-22 08:40:47,615 [ 351420]   WARN - org.apache.velocity.introspection - Cannot retrieve method getPropertyName from object of class java.lang.Class due to security restrictions.
2026-04-22 08:40:47,615 [ 351420]   WARN - org.apache.velocity.introspection - Cannot retrieve method sanitizeJavaIdentifier from object of class java.lang.Class due to security restrictions.
2026-04-22 08:40:47,616 [ 351421]   WARN - org.apache.velocity.introspection - Cannot retrieve method capitalizeWithJavaBeanConvention from object of class java.lang.Class due to security restrictions.
2026-04-22 08:40:47,625 [ 351430]   WARN - org.apache.velocity.introspection - Cannot retrieve method getPropertyName from object of class java.lang.Class due to security restrictions.
2026-04-22 08:40:47,626 [ 351431]   WARN - org.apache.velocity.introspection - Cannot retrieve method sanitizeJavaIdentifier from object of class java.lang.Class due to security restrictions.
2026-04-22 08:40:47,626 [ 351431]   WARN - org.apache.velocity.introspection - Cannot retrieve method capitalizeWithJavaBeanConvention from object of class java.lang.Class due to security restrictions.
2026-04-22 08:40:59.181 [DBG] [oshi.util.FileUtil] Reading file {}:[Ljava.lang.Object;@4ec4bac5
2026-04-22 08:40:59.182 [DBG] [oshi.util.FileUtil] Reading file {}:[Ljava.lang.Object;@6a23ff7d
2026-04-22 08:40:59.182 [DBG] [oshi.util.FileUtil] Reading file {}:[Ljava.lang.Object;@7317c2c7
2026-04-22 08:40:59.182 [DBG] [oshi.util.FileUtil] Reading file {}:[Ljava.lang.Object;@71473441
2026-04-22 08:40:59.182 [DBG] [oshi.util.FileUtil] Reading file {}:[Ljava.lang.Object;@1a3eba3e
2026-04-22 08:40:59.182 [DBG] [oshi.util.FileUtil] Reading file {}:[Ljava.lang.Object;@6f937613
2026-04-22 08:41:59.189 [DBG] [oshi.util.FileUtil] Reading file {}:[Ljava.lang.Object;@6005ff12
2026-04-22 08:41:59.189 [DBG] [oshi.util.FileUtil] Reading file {}:[Ljava.lang.Object;@239c5049
2026-04-22 08:41:59.189 [DBG] [oshi.util.FileUtil] Reading file {}:[Ljava.lang.Object;@2d0b0cf1
2026-04-22 08:41:59.190 [DBG] [oshi.util.FileUtil] Reading file {}:[Ljava.lang.Object;@6f2ec7d5
2026-04-22 08:41:59.190 [DBG] [oshi.util.FileUtil] Reading file {}:[Ljava.lang.Object;@201c484d
2026-04-22 08:41:59.190 [DBG] [oshi.util.FileUtil] Reading file {}:[Ljava.lang.Object;@61c34a1f
2026-04-22 08:42:59.197 [DBG] [oshi.util.FileUtil] Reading file {}:[Ljava.lang.Object;@704a7036
2026-04-22 08:42:59.197 [DBG] [oshi.util.FileUtil] Reading file {}:[Ljava.lang.Object;@295de50f
2026-04-22 08:42:59.197 [DBG] [oshi.util.FileUtil] Reading file {}:[Ljava.lang.Object;@399ad823
2026-04-22 08:42:59.197 [DBG] [oshi.util.FileUtil] Reading file {}:[Ljava.lang.Object;@24c4e8cc
2026-04-22 08:42:59.198 [DBG] [oshi.util.FileUtil] Reading file {}:[Ljava.lang.Object;@72ce7a2
2026-04-22 08:42:59.198 [DBG] [oshi.util.FileUtil] Reading file {}:[Ljava.lang.Object;@411f0fd5
2026-04-22 08:43:59.201 [DBG] [oshi.util.FileUtil] Reading file {}:[Ljava.lang.Object;@2e8218c
2026-04-22 08:43:59.202 [DBG] [oshi.util.FileUtil] Reading file {}:[Ljava.lang.Object;@54d80d4d
2026-04-22 08:43:59.202 [DBG] [oshi.util.FileUtil] Reading file {}:[Ljava.lang.Object;@5518ef4f
2026-04-22 08:43:59.202 [DBG] [oshi.util.FileUtil] Reading file {}:[Ljava.lang.Object;@1555e25d
2026-04-22 08:43:59.202 [DBG] [oshi.util.FileUtil] Reading file {}:[Ljava.lang.Object;@5672553a
2026-04-22 08:43:59.202 [DBG] [oshi.util.FileUtil] Reading file {}:[Ljava.lang.Object;@425488dc
2026-04-22 08:44:59.207 [DBG] [oshi.util.FileUtil] Reading file {}:[Ljava.lang.Object;@5dbd64f0
2026-04-22 08:44:59.207 [DBG] [oshi.util.FileUtil] Reading file {}:[Ljava.lang.Object;@64ba3abb
2026-04-22 08:44:59.207 [DBG] [oshi.util.FileUtil] Reading file {}:[Ljava.lang.Object;@729cce6
2026-04-22 08:44:59.208 [DBG] [oshi.util.FileUtil] Reading file {}:[Ljava.lang.Object;@5af77606
2026-04-22 08:44:59.208 [DBG] [oshi.util.FileUtil] Reading file {}:[Ljava.lang.Object;@6c5b134c
2026-04-22 08:44:59.208 [DBG] [oshi.util.FileUtil] Reading file {}:[Ljava.lang.Object;@5981839e
2026-04-22 08:45:59.214 [DBG] [oshi.util.FileUtil] Reading file {}:[Ljava.lang.Object;@4936efeb
2026-04-22 08:45:59.214 [DBG] [oshi.util.FileUtil] Reading file {}:[Ljava.lang.Object;@5fc7c196
2026-04-22 08:45:59.214 [DBG] [oshi.util.FileUtil] Reading file {}:[Ljava.lang.Object;@4b530711
2026-04-22 08:45:59.214 [DBG] [oshi.util.FileUtil] Reading file {}:[Ljava.lang.Object;@42aea80b
2026-04-22 08:45:59.214 [DBG] [oshi.util.FileUtil] Reading file {}:[Ljava.lang.Object;@3c994e02
2026-04-22 08:45:59.214 [DBG] [oshi.util.FileUtil] Reading file {}:[Ljava.lang.Object;@5db3e376
2026-04-22 08:46:34,535 [ 698340]   WARN - org.apache.velocity.deprecation - configuration key 'resource.loader' has been deprecated in favor of 'resource.loaders'
2026-04-22 08:46:34,535 [ 698340]   WARN - org.apache.velocity.deprecation - configuration key 'includes.resource.loader.instance' has been deprecated in favor of 'resource.loader.includes.instance'
2026-04-22 08:46:59.220 [DBG] [oshi.util.FileUtil] Reading file {}:[Ljava.lang.Object;@7166f96b
2026-04-22 08:46:59.220 [DBG] [oshi.util.FileUtil] Reading file {}:[Ljava.lang.Object;@3f4e05de
2026-04-22 08:46:59.221 [DBG] [oshi.util.FileUtil] Reading file {}:[Ljava.lang.Object;@53333b62
2026-04-22 08:46:59.221 [DBG] [oshi.util.FileUtil] Reading file {}:[Ljava.lang.Object;@26d9a9d2
2026-04-22 08:46:59.221 [DBG] [oshi.util.FileUtil] Reading file {}:[Ljava.lang.Object;@60b2a1c3
2026-04-22 08:46:59.221 [DBG] [oshi.util.FileUtil] Reading file {}:[Ljava.lang.Object;@2f9d28fe
2026-04-22 08:47:59.227 [DBG] [oshi.util.FileUtil] Reading file {}:[Ljava.lang.Object;@5dceb2d1
2026-04-22 08:47:59.228 [DBG] [oshi.util.FileUtil] Reading file {}:[Ljava.lang.Object;@2a41ea41
2026-04-22 08:47:59.228 [DBG] [oshi.util.FileUtil] Reading file {}:[Ljava.lang.Object;@59dd020c
2026-04-22 08:47:59.228 [DBG] [oshi.util.FileUtil] Reading file {}:[Ljava.lang.Object;@47fb5d92
2026-04-22 08:47:59.228 [DBG] [oshi.util.FileUtil] Reading file {}:[Ljava.lang.Object;@6f8b3786
2026-04-22 08:47:59.228 [DBG] [oshi.util.FileUtil] Reading file {}:[Ljava.lang.Object;@4a3dcbd4
2026-04-22 08:48:59.232 [DBG] [oshi.util.FileUtil] Reading file {}:[Ljava.lang.Object;@474cb203
2026-04-22 08:48:59.232 [DBG] [oshi.util.FileUtil] Reading file {}:[Ljava.lang.Object;@2a5a88f1
2026-04-22 08:48:59.232 [DBG] [oshi.util.FileUtil] Reading file {}:[Ljava.lang.Object;@654d0609
2026-04-22 08:48:59.232 [DBG] [oshi.util.FileUtil] Reading file {}:[Ljava.lang.Object;@676bb4bb
2026-04-22 08:48:59.232 [DBG] [oshi.util.FileUtil] Reading file {}:[Ljava.lang.Object;@4595ceff
2026-04-22 08:48:59.232 [DBG] [oshi.util.FileUtil] Reading file {}:[Ljava.lang.Object;@3b76dbbc
2026-04-22 08:49:59.236 [DBG] [oshi.util.FileUtil] Reading file {}:[Ljava.lang.Object;@74960fc
2026-04-22 08:49:59.236 [DBG] [oshi.util.FileUtil] Reading file {}:[Ljava.lang.Object;@15fa7fbc
2026-04-22 08:49:59.236 [DBG] [oshi.util.FileUtil] Reading file {}:[Ljava.lang.Object;@b197ab6
2026-04-22 08:49:59.236 [DBG] [oshi.util.FileUtil] Reading file {}:[Ljava.lang.Object;@a861dc1
2026-04-22 08:49:59.236 [DBG] [oshi.util.FileUtil] Reading file {}:[Ljava.lang.Object;@4604d2ed
2026-04-22 08:49:59.237 [DBG] [oshi.util.FileUtil] Reading file {}:[Ljava.lang.Object;@c5520e
2026-04-22 08:50:59.241 [DBG] [oshi.util.FileUtil] Reading file {}:[Ljava.lang.Object;@5d2f1d87
2026-04-22 08:50:59.242 [DBG] [oshi.util.FileUtil] Reading file {}:[Ljava.lang.Object;@7ddcf781
2026-04-22 08:50:59.242 [DBG] [oshi.util.FileUtil] Reading file {}:[Ljava.lang.Object;@697b5d16
2026-04-22 08:50:59.242 [DBG] [oshi.util.FileUtil] Reading file {}:[Ljava.lang.Object;@114ecb37
2026-04-22 08:50:59.242 [DBG] [oshi.util.FileUtil] Reading file {}:[Ljava.lang.Object;@34283fbc
2026-04-22 08:50:59.242 [DBG] [oshi.util.FileUtil] Reading file {}:[Ljava.lang.Object;@2e52a647
2026-04-22 08:51:59.248 [DBG] [oshi.util.FileUtil] Reading file {}:[Ljava.lang.Object;@6821f723
2026-04-22 08:51:59.248 [DBG] [oshi.util.FileUtil] Reading file {}:[Ljava.lang.Object;@39ab4e1b
2026-04-22 08:51:59.248 [DBG] [oshi.util.FileUtil] Reading file {}:[Ljava.lang.Object;@2ce8d2e7
2026-04-22 08:51:59.248 [DBG] [oshi.util.FileUtil] Reading file {}:[Ljava.lang.Object;@5c23445d
2026-04-22 08:51:59.249 [DBG] [oshi.util.FileUtil] Reading file {}:[Ljava.lang.Object;@3b5c3815
2026-04-22 08:51:59.249 [DBG] [oshi.util.FileUtil] Reading file {}:[Ljava.lang.Object;@586462f3
2026-04-22 08:52:59.255 [DBG] [oshi.util.FileUtil] Reading file {}:[Ljava.lang.Object;@7429a7b5
2026-04-22 08:52:59.255 [DBG] [oshi.util.FileUtil] Reading file {}:[Ljava.lang.Object;@55e9e88f
2026-04-22 08:52:59.255 [DBG] [oshi.util.FileUtil] Reading file {}:[Ljava.lang.Object;@37a35f6b
2026-04-22 08:52:59.255 [DBG] [oshi.util.FileUtil] Reading file {}:[Ljava.lang.Object;@63053c70
2026-04-22 08:52:59.256 [DBG] [oshi.util.FileUtil] Reading file {}:[Ljava.lang.Object;@5a282baa
2026-04-22 08:52:59.256 [DBG] [oshi.util.FileUtil] Reading file {}:[Ljava.lang.Object;@409f1df0
2026-04-22 08:53:06,628 [1090433] SEVERE - sun.awt.wl.WLToolkit - Wayland protocol I/O error
2026-04-22 08:53:06,632 [1090437] SEVERE - #c.i.concurrency - Thread context was already set: InstalledThreadContext(snapshot=null, context=EmptyCoroutineContext). 
 Most likely, you are using 'runBlocking' instead of 'runBlockingCancellable' somewhere in the asynchronous stack. 
Also, if you have any kind of manual event queue draining/pumping/flushing/etc 
you have to wrap the loop with `resetThreadContext().use { // your queue draining code }`. 
See usages of resetThreadContext().
java.lang.Throwable: Thread context was already set: InstalledThreadContext(snapshot=null, context=EmptyCoroutineContext). 
 Most likely, you are using 'runBlocking' instead of 'runBlockingCancellable' somewhere in the asynchronous stack. 
Also, if you have any kind of manual event queue draining/pumping/flushing/etc 
you have to wrap the loop with `resetThreadContext().use { // your queue draining code }`. 
See usages of resetThreadContext().
	at com.intellij.concurrency.ThreadContext.installThreadContext$lambda$1(threadContext.kt:321)
	at com.intellij.concurrency.ThreadContext.withThreadLocal(threadContext.kt:409)
	at com.intellij.concurrency.ThreadContext.installThreadContext(threadContext.kt:317)
	at com.intellij.concurrency.ThreadContext.installThreadContext(threadContext.kt:304)
	at com.intellij.concurrency.ThreadContext.installThreadContext$default(threadContext.kt:303)
	at com.intellij.openapi.wm.impl.WindowCloseListener.windowClosing(ProjectFrameHelper.kt:671)
	at java.desktop/java.awt.AWTEventMulticaster.windowClosing(AWTEventMulticaster.java:359)
	at java.desktop/java.awt.AWTEventMulticaster.windowClosing(AWTEventMulticaster.java:359)
	at java.desktop/java.awt.AWTEventMulticaster.windowClosing(AWTEventMulticaster.java:359)
	at java.desktop/java.awt.Window.processWindowEvent(Window.java:2037)
	at java.desktop/javax.swing.JFrame.processWindowEvent(JFrame.java:298)
	at java.desktop/java.awt.Window.processEvent(Window.java:1996)
	at java.desktop/java.awt.Component.dispatchEventImpl(Component.java:5008)
	at java.desktop/java.awt.Container.dispatchEventImpl(Container.java:2318)
	at java.desktop/java.awt.Window.dispatchEventImpl(Window.java:2713)
	at java.desktop/java.awt.Component.dispatchEvent(Component.java:4836)
	at java.desktop/sun.awt.wl.WLToolkit.lambda$shutDownAfterServerError$1(WLToolkit.java:342)
	at java.base/java.util.Arrays$ArrayList.forEach(Arrays.java:4264)
	at java.desktop/sun.awt.wl.WLToolkit.lambda$shutDownAfterServerError$0(WLToolkit.java:342)
	at com.intellij.util.concurrency.ChildContext$runInChildContext$1.invoke(propagation.kt:192)
	at com.intellij.util.concurrency.ChildContext$runInChildContext$1.invoke(propagation.kt:192)
	at com.intellij.util.concurrency.ChildContext.runInChildContext(propagation.kt:198)
	at com.intellij.util.concurrency.ChildContext.runInChildContext(propagation.kt:192)
	at com.intellij.util.concurrency.ContextRunnable.lambda$run$0(ContextRunnable.java:26)
	at com.intellij.concurrency.ThreadContext.resetThreadContext(threadContext.kt:294)
	at com.intellij.util.concurrency.ContextRunnable.run(ContextRunnable.java:25)
	at java.desktop/java.awt.event.InvocationEvent.dispatch(InvocationEvent.java:323)
	at java.desktop/java.awt.EventQueue.dispatchEventImpl(EventQueue.java:732)
	at java.desktop/java.awt.EventQueue.dispatchEvent(EventQueue.java:711)
	at com.intellij.ide.IdeEventQueue.defaultDispatchEvent(IdeEventQueue.kt:720)
	at com.intellij.ide.IdeEventQueue._dispatchEvent(IdeEventQueue.kt:573)
	at com.intellij.ide.IdeEventQueue.dispatchEvent$lambda$0$0$0$0(IdeEventQueue.kt:381)
	at com.intellij.openapi.progress.impl.CoreProgressManager.computePrioritized(CoreProgressManager.java:928)
	at com.intellij.ide.IdeEventQueue.dispatchEvent$lambda$0$0$0(IdeEventQueue.kt:380)
	at com.intellij.ide.IdeEventQueueKt.performActivity$lambda$0(IdeEventQueue.kt:1110)
	at com.intellij.openapi.application.TransactionGuardImpl.performActivity(TransactionGuardImpl.java:106)
	at com.intellij.ide.IdeEventQueueKt.performActivity(IdeEventQueue.kt:1110)
	at com.intellij.ide.IdeEventQueue.dispatchEvent$lambda$0(IdeEventQueue.kt:375)
	at com.intellij.ide.IdeEventQueue.dispatchEvent(IdeEventQueue.kt:415)
	at java.desktop/java.awt.EventDispatchThread.pumpOneEventForFilters(EventDispatchThread.java:207)
	at java.desktop/java.awt.EventDispatchThread.pumpEventsForFilter(EventDispatchThread.java:128)
	at java.desktop/java.awt.EventDispatchThread.pumpEventsForHierarchy(EventDispatchThread.java:117)
	at java.desktop/java.awt.EventDispatchThread.pumpEvents(EventDispatchThread.java:113)
	at java.desktop/java.awt.EventDispatchThread.pumpEvents(EventDispatchThread.java:105)
	at java.desktop/java.awt.EventDispatchThread.run(EventDispatchThread.java:92)
	Suppressed: java.lang.Throwable: To enable stack trace recording set log category '#com.intellij.concurrency' to 'trace'
		at com.intellij.concurrency.ThreadContext.tracingHint(threadContext.kt:517)
		at com.intellij.concurrency.ThreadContext.installThreadContext$lambda$1(threadContext.kt:326)
		... 44 more
2026-04-22 08:53:06,634 [1090439] SEVERE - #c.i.concurrency - IntelliJ IDEA 2026.1  Build #IU-261.22158.277
2026-04-22 08:53:06,634 [1090439] SEVERE - #c.i.concurrency - JDK: 25.0.2; VM: OpenJDK 64-Bit Server VM; Vendor: JetBrains s.r.o.
2026-04-22 08:53:06,634 [1090439] SEVERE - #c.i.concurrency - OS: Linux
2026-04-22 08:53:06,634 [1090439] SEVERE - #c.i.concurrency - Last Action: EditorBackSpace
2026-04-22 11:22:00,195 [    740]   WARN - #c.i.p.instanceContainer - InstanceNotOverridableException: Override failed for com.intellij.openapi.project.impl.ProjectStoreFactory: com.intellij.configurationScript.providers.ConfigurationScriptProjectStoreFactory attempts to override com.intellij.configurationStore.PlatformLangProjectStoreFactory, but the existing implementation is not overriddable (not declared as 'open=true')
2026-04-22 11:22:00,209 [    754]   WARN - #c.i.p.instanceContainer - InstanceNotOverridableException: Override failed for com.intellij.modcommand.ModCommandExecutor: com.jetbrains.rdserver.ui.intentions.RemoteModCommandExecutor attempts to override com.intellij.lang.impl.modcommand.ModCommandExecutorImpl, but the existing implementation is not overriddable (not declared as 'open=true')
2026-04-22 11:22:00,619 [   1164]   WARN - #c.i.o.v.n.p.FSRecords - Records storage [/home/neel/.cache/JetBrains/IntelliJIdea2026.1/caches/records.dat] was in use by process [OwnershipInfo{owner pid: 6831, acquired at: 1776827097498}] which is not exist now (wasn't closed properly/crashed?) -> re-acquiring forcibly
2026-04-22 11:22:00,623 [   1168]   WARN - #c.i.o.v.n.p.m.c.VFSContentStorageOverMMappedFile - Content map[/home/neel/.cache/JetBrains/IntelliJIdea2026.1/caches/content.dat.hashToId] is empty (or dropped) while content storage is not: re-building map from the storage
2026-04-22 11:22:00,664 [   1209]   WARN - #c.i.o.v.n.p.PersistentFSLoader - [VFS load problem]: VFS wasn't safely shut down: records.wasClosedProperly is false
WARNING: A terminally deprecated method in sun.misc.Unsafe has been called
WARNING: sun.misc.Unsafe::allocateMemory has been called by io.netty.util.internal.PlatformDependent0$2
WARNING: Please consider reporting this to the maintainers of class io.netty.util.internal.PlatformDependent0$2
WARNING: sun.misc.Unsafe::allocateMemory will be removed in a future release
SLF4J(E): A service provider failed to instantiate:
org.slf4j.spi.SLF4JServiceProvider: org.slf4j.jul.JULServiceProvider not a subtype
2026-04-22 11:22:00,960 [   1505]   WARN - #c.i.i.u.UiThemePaletteCheckBoxScope - Theme Islands Darcula: Checkbox.Background.Default.Dark is deprecated for new UI themes, use Checkbox.Background.Default instead
2026-04-22 11:22:00,961 [   1506]   WARN - #c.i.i.u.UiThemePaletteCheckBoxScope - Theme Islands Darcula: Checkbox.Border.Default.Dark is deprecated for new UI themes, use Checkbox.Border.Default instead
2026-04-22 11:22:00,961 [   1506]   WARN - #c.i.i.u.UiThemePaletteCheckBoxScope - Theme Islands Darcula: Checkbox.Border.Selected.Dark is deprecated for new UI themes, use Checkbox.Border.Selected instead
2026-04-22 11:22:00,961 [   1506]   WARN - #c.i.i.u.UiThemePaletteCheckBoxScope - Theme Islands Darcula: Checkbox.Foreground.Selected.Dark is deprecated for new UI themes, use Checkbox.Foreground.Selected instead
2026-04-22 11:22:00,961 [   1506]   WARN - #c.i.i.u.UiThemePaletteCheckBoxScope - Theme Islands Darcula: Checkbox.Focus.Wide.Dark is deprecated for new UI themes, use Checkbox.Focus.Wide instead
2026-04-22 11:22:00,961 [   1506]   WARN - #c.i.i.u.UiThemePaletteCheckBoxScope - Theme Islands Darcula: color key Checkbox.Focus.Thin.Default.Dark is not supported and therefore ignored
2026-04-22 11:22:00,962 [   1507]   WARN - #c.i.i.u.UiThemePaletteCheckBoxScope - Theme Islands Darcula: color key Checkbox.Focus.Thin.Selected.Dark is not supported and therefore ignored
2026-04-22 11:22:00,962 [   1507]   WARN - #c.i.i.u.UiThemePaletteCheckBoxScope - Theme Islands Darcula: Checkbox.Background.Disabled.Dark is deprecated for new UI themes, use Checkbox.Background.Disabled instead
2026-04-22 11:22:00,962 [   1507]   WARN - #c.i.i.u.UiThemePaletteCheckBoxScope - Theme Islands Darcula: Checkbox.Background.Selected.Dark is deprecated for new UI themes, use Checkbox.Background.Selected instead
2026-04-22 11:22:00,962 [   1507]   WARN - #c.i.i.u.UiThemePaletteCheckBoxScope - Theme Islands Darcula: Checkbox.Border.Disabled.Dark is deprecated for new UI themes, use Checkbox.Border.Disabled instead
2026-04-22 11:22:00,963 [   1508]   WARN - #c.i.i.u.UiThemePaletteCheckBoxScope - Theme Islands Darcula: Checkbox.Foreground.Disabled.Dark is deprecated for new UI themes, use Checkbox.Foreground.Disabled instead
2026-04-22 11:22:00,963 [   1508]   WARN - #c.i.s.c.i.StationSocketConnectionLoop - Discovery connection failed with NoSuchFileException (/run/user/1000/jb.station.sock)
2026-04-22 11:22:01,569 [   2114]   WARN - #c.i.o.v.n.p.PersistentFSLoader - [VFS load problem]: NOT_CLOSED_PROPERLY recovered, no problems remain
2026-04-22 11:22:02.209 [DBG] [oshi.util.FileUtil] No {} file found from ClassLoader {}:[Ljava.lang.Object;@45b67179
2026-04-22 11:22:02.217 [DBG] [oshi.util.FileUtil] Reading file {}:[Ljava.lang.Object;@48399eb7
2026-04-22 11:22:02.218 [DBG] [oshi.util.FileUtil] Reading file {}:[Ljava.lang.Object;@66ded3ac
2026-04-22 11:22:02.221 [DBG] [oshi.util.FileUtil] Reading file {}:[Ljava.lang.Object;@6be7759d
2026-04-22 11:22:02.223 [DBG] [oshi.util.FileUtil] Reading file {}:[Ljava.lang.Object;@53540fe9
2026-04-22 11:22:02.224 [DBG] [oshi.software.os.linux.LinuxOperatingSystem] os-release: {}:[Ljava.lang.Object;@633968a
2026-04-22 11:22:02.224 [DBG] [oshi.util.FileUtil] Reading file {}:[Ljava.lang.Object;@42794e03
2026-04-22 11:22:02.227 [DBG] [oshi.util.FileUtil] Reading file {}:[Ljava.lang.Object;@29268f19
2026-04-22 11:22:02.227 [DBG] [oshi.util.FileUtil] Reading file {}:[Ljava.lang.Object;@5c916fd5
2026-04-22 11:22:02.227 [DBG] [oshi.util.FileUtil] Reading file {}:[Ljava.lang.Object;@5a5881bf
2026-04-22 11:22:02.227 [DBG] [oshi.util.FileUtil] Reading file {}:[Ljava.lang.Object;@20c87492
2026-04-22 11:22:02.227 [DBG] [oshi.util.FileUtil] Reading file {}:[Ljava.lang.Object;@3d8b69d5
2026-04-22 11:22:02.228 [DBG] [oshi.util.FileUtil] Reading file {}:[Ljava.lang.Object;@6a334676
2026-04-22 11:22:02.228 [DBG] [oshi.util.FileUtil] Reading file {}:[Ljava.lang.Object;@17f7f11f
2026-04-22 11:22:02.228 [DBG] [oshi.util.FileUtil] Reading file {}:[Ljava.lang.Object;@7154e7f5
2026-04-22 11:22:06,921 [   7466]   WARN - #c.i.s.c.i.StationSocketConnectionLoop - RecentProjects connection failed with NoSuchFileException (/run/user/1000/jb.station.sock)
2026-04-22 11:22:07,086 [   7631]   WARN - #c.i.v.g.r.GitRepositoriesHolder - State of repository RepositoryId(projectId=ProjectId#g7olj1950kp2dql6e5jf, rootPath=/home/neel/PROJECTS/Teacher_Content_Portal/Teacher_Content_Portal) is not synchronized. Known repositories are: 
2026-04-22 11:23:02.236 [DBG] [oshi.util.FileUtil] Reading file {}:[Ljava.lang.Object;@7bc52eb7
2026-04-22 11:23:02.236 [DBG] [oshi.util.FileUtil] Reading file {}:[Ljava.lang.Object;@563a41d7
2026-04-22 11:23:02.236 [DBG] [oshi.util.FileUtil] Reading file {}:[Ljava.lang.Object;@8d30749
2026-04-22 11:23:02.237 [DBG] [oshi.util.FileUtil] Reading file {}:[Ljava.lang.Object;@1811da5c
2026-04-22 11:23:02.237 [DBG] [oshi.util.FileUtil] Reading file {}:[Ljava.lang.Object;@4a73ff7f
2026-04-22 11:23:02.237 [DBG] [oshi.util.FileUtil] Reading file {}:[Ljava.lang.Object;@4ec32b1f
2026-04-22 11:24:02.244 [DBG] [oshi.util.FileUtil] Reading file {}:[Ljava.lang.Object;@2c63b337
2026-04-22 11:24:02.245 [DBG] [oshi.util.FileUtil] Reading file {}:[Ljava.lang.Object;@35d49ebe
2026-04-22 11:24:02.245 [DBG] [oshi.util.FileUtil] Reading file {}:[Ljava.lang.Object;@46fb872
2026-04-22 11:24:02.245 [DBG] [oshi.util.FileUtil] Reading file {}:[Ljava.lang.Object;@7d1634f8
2026-04-22 11:24:02.246 [DBG] [oshi.util.FileUtil] Reading file {}:[Ljava.lang.Object;@4cddca66
2026-04-22 11:24:02.246 [DBG] [oshi.util.FileUtil] Reading file {}:[Ljava.lang.Object;@5d6d8c2d
2026-04-22 11:25:02.252 [DBG] [oshi.util.FileUtil] Reading file {}:[Ljava.lang.Object;@49bcddac
2026-04-22 11:25:02.252 [DBG] [oshi.util.FileUtil] Reading file {}:[Ljava.lang.Object;@70a3213
2026-04-22 11:25:02.253 [DBG] [oshi.util.FileUtil] Reading file {}:[Ljava.lang.Object;@4dff2736
2026-04-22 11:25:02.253 [DBG] [oshi.util.FileUtil] Reading file {}:[Ljava.lang.Object;@5281b43c
2026-04-22 11:25:02.253 [DBG] [oshi.util.FileUtil] Reading file {}:[Ljava.lang.Object;@7dff527d
2026-04-22 11:25:02.253 [DBG] [oshi.util.FileUtil] Reading file {}:[Ljava.lang.Object;@2bb36d7b
2026-04-22 11:26:02.259 [DBG] [oshi.util.FileUtil] Reading file {}:[Ljava.lang.Object;@300af1d1
2026-04-22 11:26:02.259 [DBG] [oshi.util.FileUtil] Reading file {}:[Ljava.lang.Object;@11a3df61
2026-04-22 11:26:02.259 [DBG] [oshi.util.FileUtil] Reading file {}:[Ljava.lang.Object;@5166aeb4
2026-04-22 11:26:02.259 [DBG] [oshi.util.FileUtil] Reading file {}:[Ljava.lang.Object;@7575a997
2026-04-22 11:26:02.260 [DBG] [oshi.util.FileUtil] Reading file {}:[Ljava.lang.Object;@12965a91
2026-04-22 11:26:02.260 [DBG] [oshi.util.FileUtil] Reading file {}:[Ljava.lang.Object;@1dc1d775
2026-04-22 11:27:02.265 [DBG] [oshi.util.FileUtil] Reading file {}:[Ljava.lang.Object;@7cf00db1
2026-04-22 11:27:02.265 [DBG] [oshi.util.FileUtil] Reading file {}:[Ljava.lang.Object;@6771ef7a
2026-04-22 11:27:02.265 [DBG] [oshi.util.FileUtil] Reading file {}:[Ljava.lang.Object;@377ee630
2026-04-22 11:27:02.265 [DBG] [oshi.util.FileUtil] Reading file {}:[Ljava.lang.Object;@5e7da78e
2026-04-22 11:27:02.265 [DBG] [oshi.util.FileUtil] Reading file {}:[Ljava.lang.Object;@229ca475
2026-04-22 11:27:02.265 [DBG] [oshi.util.FileUtil] Reading file {}:[Ljava.lang.Object;@4afe8563
2026-04-22 11:28:02.269 [DBG] [oshi.util.FileUtil] Reading file {}:[Ljava.lang.Object;@74c63e2e
2026-04-22 11:28:02.269 [DBG] [oshi.util.FileUtil] Reading file {}:[Ljava.lang.Object;@16317454
2026-04-22 11:28:02.270 [DBG] [oshi.util.FileUtil] Reading file {}:[Ljava.lang.Object;@5fe4efd5
2026-04-22 11:28:02.270 [DBG] [oshi.util.FileUtil] Reading file {}:[Ljava.lang.Object;@1cbc8663
2026-04-22 11:28:02.270 [DBG] [oshi.util.FileUtil] Reading file {}:[Ljava.lang.Object;@594efc94
2026-04-22 11:28:02.270 [DBG] [oshi.util.FileUtil] Reading file {}:[Ljava.lang.Object;@4440a03d
2026-04-22 11:29:02.276 [DBG] [oshi.util.FileUtil] Reading file {}:[Ljava.lang.Object;@71fba3c4
2026-04-22 11:29:02.276 [DBG] [oshi.util.FileUtil] Reading file {}:[Ljava.lang.Object;@51fcfa85
2026-04-22 11:29:02.277 [DBG] [oshi.util.FileUtil] Reading file {}:[Ljava.lang.Object;@eb2f339
2026-04-22 11:29:02.277 [DBG] [oshi.util.FileUtil] Reading file {}:[Ljava.lang.Object;@5cdee1a3
2026-04-22 11:29:02.277 [DBG] [oshi.util.FileUtil] Reading file {}:[Ljava.lang.Object;@70178c7f
2026-04-22 11:29:02.277 [DBG] [oshi.util.FileUtil] Reading file {}:[Ljava.lang.Object;@4609782a
2026-04-22 11:30:02.283 [DBG] [oshi.util.FileUtil] Reading file {}:[Ljava.lang.Object;@2567ec5d
2026-04-22 11:30:02.283 [DBG] [oshi.util.FileUtil] Reading file {}:[Ljava.lang.Object;@211aea6b
2026-04-22 11:30:02.283 [DBG] [oshi.util.FileUtil] Reading file {}:[Ljava.lang.Object;@5294c3c4
2026-04-22 11:30:02.283 [DBG] [oshi.util.FileUtil] Reading file {}:[Ljava.lang.Object;@41541f85
2026-04-22 11:30:02.284 [DBG] [oshi.util.FileUtil] Reading file {}:[Ljava.lang.Object;@5b4b16f6
2026-04-22 11:30:02.284 [DBG] [oshi.util.FileUtil] Reading file {}:[Ljava.lang.Object;@2df4e646
2026-04-22 11:31:02.289 [DBG] [oshi.util.FileUtil] Reading file {}:[Ljava.lang.Object;@5ebd6c12
2026-04-22 11:31:02.289 [DBG] [oshi.util.FileUtil] Reading file {}:[Ljava.lang.Object;@615d9a97
2026-04-22 11:31:02.290 [DBG] [oshi.util.FileUtil] Reading file {}:[Ljava.lang.Object;@7604fb41
2026-04-22 11:31:02.290 [DBG] [oshi.util.FileUtil] Reading file {}:[Ljava.lang.Object;@4721dc89
2026-04-22 11:31:02.290 [DBG] [oshi.util.FileUtil] Reading file {}:[Ljava.lang.Object;@72c9e583
2026-04-22 11:31:02.290 [DBG] [oshi.util.FileUtil] Reading file {}:[Ljava.lang.Object;@7fcd506f
2026-04-22 11:32:02.296 [DBG] [oshi.util.FileUtil] Reading file {}:[Ljava.lang.Object;@35c8b433
2026-04-22 11:32:02.296 [DBG] [oshi.util.FileUtil] Reading file {}:[Ljava.lang.Object;@440c4aff
2026-04-22 11:32:02.297 [DBG] [oshi.util.FileUtil] Reading file {}:[Ljava.lang.Object;@7fcdf925
2026-04-22 11:32:02.297 [DBG] [oshi.util.FileUtil] Reading file {}:[Ljava.lang.Object;@5e85002b
2026-04-22 11:32:02.297 [DBG] [oshi.util.FileUtil] Reading file {}:[Ljava.lang.Object;@2e1c4ee4
2026-04-22 11:32:02.297 [DBG] [oshi.util.FileUtil] Reading file {}:[Ljava.lang.Object;@861b26a
2026-04-22 11:33:02.302 [DBG] [oshi.util.FileUtil] Reading file {}:[Ljava.lang.Object;@4948ef08
2026-04-22 11:33:02.302 [DBG] [oshi.util.FileUtil] Reading file {}:[Ljava.lang.Object;@1343fbea
2026-04-22 11:33:02.302 [DBG] [oshi.util.FileUtil] Reading file {}:[Ljava.lang.Object;@7ce8a944
2026-04-22 11:33:02.303 [DBG] [oshi.util.FileUtil] Reading file {}:[Ljava.lang.Object;@309d7cc6
2026-04-22 11:33:02.303 [DBG] [oshi.util.FileUtil] Reading file {}:[Ljava.lang.Object;@3e23f572
2026-04-22 11:33:02.303 [DBG] [oshi.util.FileUtil] Reading file {}:[Ljava.lang.Object;@32b3c5f7
2026-04-22 11:34:02.309 [DBG] [oshi.util.FileUtil] Reading file {}:[Ljava.lang.Object;@3391cc61
2026-04-22 11:34:02.309 [DBG] [oshi.util.FileUtil] Reading file {}:[Ljava.lang.Object;@56ec533a
2026-04-22 11:34:02.309 [DBG] [oshi.util.FileUtil] Reading file {}:[Ljava.lang.Object;@6b1122d6
2026-04-22 11:34:02.309 [DBG] [oshi.util.FileUtil] Reading file {}:[Ljava.lang.Object;@5f2d6b60
2026-04-22 11:34:02.310 [DBG] [oshi.util.FileUtil] Reading file {}:[Ljava.lang.Object;@62e25620
2026-04-22 11:34:02.310 [DBG] [oshi.util.FileUtil] Reading file {}:[Ljava.lang.Object;@5623acc5
2026-04-22 11:35:02.315 [DBG] [oshi.util.FileUtil] Reading file {}:[Ljava.lang.Object;@258d97da
2026-04-22 11:35:02.315 [DBG] [oshi.util.FileUtil] Reading file {}:[Ljava.lang.Object;@159c165a
2026-04-22 11:35:02.316 [DBG] [oshi.util.FileUtil] Reading file {}:[Ljava.lang.Object;@3c3e06cd
2026-04-22 11:35:02.316 [DBG] [oshi.util.FileUtil] Reading file {}:[Ljava.lang.Object;@381da43e
2026-04-22 11:35:02.316 [DBG] [oshi.util.FileUtil] Reading file {}:[Ljava.lang.Object;@71e7d7a0
2026-04-22 11:35:02.316 [DBG] [oshi.util.FileUtil] Reading file {}:[Ljava.lang.Object;@43c2100
2026-04-22 11:36:02.321 [DBG] [oshi.util.FileUtil] Reading file {}:[Ljava.lang.Object;@3dfa1180
2026-04-22 11:36:02.321 [DBG] [oshi.util.FileUtil] Reading file {}:[Ljava.lang.Object;@3652030f
2026-04-22 11:36:02.322 [DBG] [oshi.util.FileUtil] Reading file {}:[Ljava.lang.Object;@5235e462
2026-04-22 11:36:02.322 [DBG] [oshi.util.FileUtil] Reading file {}:[Ljava.lang.Object;@1fe31e26
2026-04-22 11:36:02.322 [DBG] [oshi.util.FileUtil] Reading file {}:[Ljava.lang.Object;@72f86a4b
2026-04-22 11:36:02.322 [DBG] [oshi.util.FileUtil] Reading file {}:[Ljava.lang.Object;@54144560
2026-04-22 11:37:02.327 [DBG] [oshi.util.FileUtil] Reading file {}:[Ljava.lang.Object;@19b43c0b
2026-04-22 11:37:02.327 [DBG] [oshi.util.FileUtil] Reading file {}:[Ljava.lang.Object;@9a819d4
2026-04-22 11:37:02.328 [DBG] [oshi.util.FileUtil] Reading file {}:[Ljava.lang.Object;@7b0cdafd
2026-04-22 11:37:02.328 [DBG] [oshi.util.FileUtil] Reading file {}:[Ljava.lang.Object;@24a1298f
2026-04-22 11:37:02.328 [DBG] [oshi.util.FileUtil] Reading file {}:[Ljava.lang.Object;@1c4d0d74
2026-04-22 11:37:02.328 [DBG] [oshi.util.FileUtil] Reading file {}:[Ljava.lang.Object;@55e2d190
2026-04-22 11:38:02.334 [DBG] [oshi.util.FileUtil] Reading file {}:[Ljava.lang.Object;@39e8c3ec
2026-04-22 11:38:02.334 [DBG] [oshi.util.FileUtil] Reading file {}:[Ljava.lang.Object;@7619a969
2026-04-22 11:38:02.334 [DBG] [oshi.util.FileUtil] Reading file {}:[Ljava.lang.Object;@68a75777
2026-04-22 11:38:02.334 [DBG] [oshi.util.FileUtil] Reading file {}:[Ljava.lang.Object;@5c839d42
2026-04-22 11:38:02.334 [DBG] [oshi.util.FileUtil] Reading file {}:[Ljava.lang.Object;@238bc29d
2026-04-22 11:38:02.334 [DBG] [oshi.util.FileUtil] Reading file {}:[Ljava.lang.Object;@18626564
2026-04-22 11:39:02.339 [DBG] [oshi.util.FileUtil] Reading file {}:[Ljava.lang.Object;@3efcff6a
2026-04-22 11:39:02.339 [DBG] [oshi.util.FileUtil] Reading file {}:[Ljava.lang.Object;@3ad00e24
2026-04-22 11:39:02.339 [DBG] [oshi.util.FileUtil] Reading file {}:[Ljava.lang.Object;@1589d374
2026-04-22 11:39:02.339 [DBG] [oshi.util.FileUtil] Reading file {}:[Ljava.lang.Object;@1419bbd3
2026-04-22 11:39:02.339 [DBG] [oshi.util.FileUtil] Reading file {}:[Ljava.lang.Object;@4dc71195
2026-04-22 11:39:02.339 [DBG] [oshi.util.FileUtil] Reading file {}:[Ljava.lang.Object;@775c8727
2026-04-22 11:40:02.344 [DBG] [oshi.util.FileUtil] Reading file {}:[Ljava.lang.Object;@463819ea
2026-04-22 11:40:02.344 [DBG] [oshi.util.FileUtil] Reading file {}:[Ljava.lang.Object;@b65cf7b
2026-04-22 11:40:02.344 [DBG] [oshi.util.FileUtil] Reading file {}:[Ljava.lang.Object;@61dd70c2
2026-04-22 11:40:02.345 [DBG] [oshi.util.FileUtil] Reading file {}:[Ljava.lang.Object;@73bf18
2026-04-22 11:40:02.345 [DBG] [oshi.util.FileUtil] Reading file {}:[Ljava.lang.Object;@60201b5
2026-04-22 11:40:02.345 [DBG] [oshi.util.FileUtil] Reading file {}:[Ljava.lang.Object;@23391819
2026-04-22 11:41:02.351 [DBG] [oshi.util.FileUtil] Reading file {}:[Ljava.lang.Object;@3db00ac8
2026-04-22 11:41:02.351 [DBG] [oshi.util.FileUtil] Reading file {}:[Ljava.lang.Object;@1ebd1e10
2026-04-22 11:41:02.351 [DBG] [oshi.util.FileUtil] Reading file {}:[Ljava.lang.Object;@713fff62
2026-04-22 11:41:02.351 [DBG] [oshi.util.FileUtil] Reading file {}:[Ljava.lang.Object;@6d5077a4
2026-04-22 11:41:02.352 [DBG] [oshi.util.FileUtil] Reading file {}:[Ljava.lang.Object;@500bc68c
2026-04-22 11:41:02.352 [DBG] [oshi.util.FileUtil] Reading file {}:[Ljava.lang.Object;@26301f03
2026-04-22 11:42:02.356 [DBG] [oshi.util.FileUtil] Reading file {}:[Ljava.lang.Object;@6cc0e1bd
2026-04-22 11:42:02.357 [DBG] [oshi.util.FileUtil] Reading file {}:[Ljava.lang.Object;@6f143a1a
2026-04-22 11:42:02.357 [DBG] [oshi.util.FileUtil] Reading file {}:[Ljava.lang.Object;@7b4aa1c8
2026-04-22 11:42:02.357 [DBG] [oshi.util.FileUtil] Reading file {}:[Ljava.lang.Object;@40718f60
2026-04-22 11:42:02.357 [DBG] [oshi.util.FileUtil] Reading file {}:[Ljava.lang.Object;@2bd753da
2026-04-22 11:42:02.357 [DBG] [oshi.util.FileUtil] Reading file {}:[Ljava.lang.Object;@65dd6850
2026-04-22 11:42:05,750 [1206295]   WARN - #git4idea.annotate.GitAnnotationProvider - Git annotations are empty for file /home/neel/PROJECTS/Teacher_Content_Portal/Teacher_Content_Portal/src/main/java/com/portal/teachercontentportal/repository/.gitkeep in revision 6b400d303eb81391e36f003256bcac3cff35773e
2026-04-22 11:42:11,215 [1211760]   WARN - #git4idea.annotate.GitAnnotationProvider - Git annotations are empty for file /home/neel/PROJECTS/Teacher_Content_Portal/Teacher_Content_Portal/src/main/java/com/portal/teachercontentportal/service/.gitkeep in revision 6b400d303eb81391e36f003256bcac3cff35773e
2026-04-22 11:43:02.362 [DBG] [oshi.util.FileUtil] Reading file {}:[Ljava.lang.Object;@6ae6822
2026-04-22 11:43:02.362 [DBG] [oshi.util.FileUtil] Reading file {}:[Ljava.lang.Object;@cab97e1
2026-04-22 11:43:02.362 [DBG] [oshi.util.FileUtil] Reading file {}:[Ljava.lang.Object;@2527527b
2026-04-22 11:43:02.362 [DBG] [oshi.util.FileUtil] Reading file {}:[Ljava.lang.Object;@6473943c
2026-04-22 11:43:02.363 [DBG] [oshi.util.FileUtil] Reading file {}:[Ljava.lang.Object;@11e91fe8
2026-04-22 11:43:02.363 [DBG] [oshi.util.FileUtil] Reading file {}:[Ljava.lang.Object;@412d86ab
2026-04-22 11:44:02.367 [DBG] [oshi.util.FileUtil] Reading file {}:[Ljava.lang.Object;@41a7723f
2026-04-22 11:44:02.367 [DBG] [oshi.util.FileUtil] Reading file {}:[Ljava.lang.Object;@246f23bc
2026-04-22 11:44:02.367 [DBG] [oshi.util.FileUtil] Reading file {}:[Ljava.lang.Object;@16d943f8
2026-04-22 11:44:02.367 [DBG] [oshi.util.FileUtil] Reading file {}:[Ljava.lang.Object;@1c2fdda1
2026-04-22 11:44:02.368 [DBG] [oshi.util.FileUtil] Reading file {}:[Ljava.lang.Object;@66636291
2026-04-22 11:44:02.368 [DBG] [oshi.util.FileUtil] Reading file {}:[Ljava.lang.Object;@3b4cdf22
2026-04-22 11:45:02.373 [DBG] [oshi.util.FileUtil] Reading file {}:[Ljava.lang.Object;@2ab0c08d
2026-04-22 11:45:02.373 [DBG] [oshi.util.FileUtil] Reading file {}:[Ljava.lang.Object;@77ec8338
2026-04-22 11:45:02.374 [DBG] [oshi.util.FileUtil] Reading file {}:[Ljava.lang.Object;@2857c5ff
2026-04-22 11:45:02.374 [DBG] [oshi.util.FileUtil] Reading file {}:[Ljava.lang.Object;@66a94a09
2026-04-22 11:45:02.374 [DBG] [oshi.util.FileUtil] Reading file {}:[Ljava.lang.Object;@4a315af9
2026-04-22 11:45:02.374 [DBG] [oshi.util.FileUtil] Reading file {}:[Ljava.lang.Object;@59d7e5c4
2026-04-22 11:46:02.378 [DBG] [oshi.util.FileUtil] Reading file {}:[Ljava.lang.Object;@4ca0e4b2
2026-04-22 11:46:02.378 [DBG] [oshi.util.FileUtil] Reading file {}:[Ljava.lang.Object;@d612fbf
2026-04-22 11:46:02.378 [DBG] [oshi.util.FileUtil] Reading file {}:[Ljava.lang.Object;@661d36f
2026-04-22 11:46:02.378 [DBG] [oshi.util.FileUtil] Reading file {}:[Ljava.lang.Object;@2afa27fa
2026-04-22 11:46:02.379 [DBG] [oshi.util.FileUtil] Reading file {}:[Ljava.lang.Object;@61b4c363
2026-04-22 11:46:02.379 [DBG] [oshi.util.FileUtil] Reading file {}:[Ljava.lang.Object;@65ac043d
2026-04-22 11:47:02.384 [DBG] [oshi.util.FileUtil] Reading file {}:[Ljava.lang.Object;@70fe2287
2026-04-22 11:47:02.384 [DBG] [oshi.util.FileUtil] Reading file {}:[Ljava.lang.Object;@2678a0a0
2026-04-22 11:47:02.384 [DBG] [oshi.util.FileUtil] Reading file {}:[Ljava.lang.Object;@1f2a0dc7
2026-04-22 11:47:02.384 [DBG] [oshi.util.FileUtil] Reading file {}:[Ljava.lang.Object;@5d5e5136
2026-04-22 11:47:02.384 [DBG] [oshi.util.FileUtil] Reading file {}:[Ljava.lang.Object;@5c35ba00
2026-04-22 11:47:02.384 [DBG] [oshi.util.FileUtil] Reading file {}:[Ljava.lang.Object;@3fab6c86
2026-04-22 11:48:02.392 [DBG] [oshi.util.FileUtil] Reading file {}:[Ljava.lang.Object;@21f6c502
2026-04-22 11:48:02.393 [DBG] [oshi.util.FileUtil] Reading file {}:[Ljava.lang.Object;@1001b4c7
2026-04-22 11:48:02.393 [DBG] [oshi.util.FileUtil] Reading file {}:[Ljava.lang.Object;@25faeed7
2026-04-22 11:48:02.393 [DBG] [oshi.util.FileUtil] Reading file {}:[Ljava.lang.Object;@5bb1d683
2026-04-22 11:48:02.393 [DBG] [oshi.util.FileUtil] Reading file {}:[Ljava.lang.Object;@4c78d622
2026-04-22 11:48:02.394 [DBG] [oshi.util.FileUtil] Reading file {}:[Ljava.lang.Object;@51c2f4e6
2026-04-22 11:49:02.400 [DBG] [oshi.util.FileUtil] Reading file {}:[Ljava.lang.Object;@7295e1b6
2026-04-22 11:49:02.401 [DBG] [oshi.util.FileUtil] Reading file {}:[Ljava.lang.Object;@2b346a37
2026-04-22 11:49:02.401 [DBG] [oshi.util.FileUtil] Reading file {}:[Ljava.lang.Object;@28f43452
2026-04-22 11:49:02.401 [DBG] [oshi.util.FileUtil] Reading file {}:[Ljava.lang.Object;@2a7c5006
2026-04-22 11:49:02.401 [DBG] [oshi.util.FileUtil] Reading file {}:[Ljava.lang.Object;@77b99cae
2026-04-22 11:49:02.401 [DBG] [oshi.util.FileUtil] Reading file {}:[Ljava.lang.Object;@7f5425bc
2026-04-22 11:50:02.407 [DBG] [oshi.util.FileUtil] Reading file {}:[Ljava.lang.Object;@1aa22890
2026-04-22 11:50:02.407 [DBG] [oshi.util.FileUtil] Reading file {}:[Ljava.lang.Object;@d1945e7
2026-04-22 11:50:02.407 [DBG] [oshi.util.FileUtil] Reading file {}:[Ljava.lang.Object;@4a817bde
2026-04-22 11:50:02.407 [DBG] [oshi.util.FileUtil] Reading file {}:[Ljava.lang.Object;@635bfae
2026-04-22 11:50:02.408 [DBG] [oshi.util.FileUtil] Reading file {}:[Ljava.lang.Object;@dd8f150
2026-04-22 11:50:02.408 [DBG] [oshi.util.FileUtil] Reading file {}:[Ljava.lang.Object;@4aa9bb71
2026-04-22 11:51:02.413 [DBG] [oshi.util.FileUtil] Reading file {}:[Ljava.lang.Object;@76b9401
2026-04-22 11:51:02.413 [DBG] [oshi.util.FileUtil] Reading file {}:[Ljava.lang.Object;@28b02771
2026-04-22 11:51:02.413 [DBG] [oshi.util.FileUtil] Reading file {}:[Ljava.lang.Object;@264802ba
2026-04-22 11:51:02.413 [DBG] [oshi.util.FileUtil] Reading file {}:[Ljava.lang.Object;@4b48d3b2
2026-04-22 11:51:02.413 [DBG] [oshi.util.FileUtil] Reading file {}:[Ljava.lang.Object;@10589d46
2026-04-22 11:51:02.413 [DBG] [oshi.util.FileUtil] Reading file {}:[Ljava.lang.Object;@39fabb93
2026-04-22 11:52:02.420 [DBG] [oshi.util.FileUtil] Reading file {}:[Ljava.lang.Object;@22f70827
2026-04-22 11:52:02.420 [DBG] [oshi.util.FileUtil] Reading file {}:[Ljava.lang.Object;@ed0e44d
2026-04-22 11:52:02.421 [DBG] [oshi.util.FileUtil] Reading file {}:[Ljava.lang.Object;@7bf18aa7
2026-04-22 11:52:02.421 [DBG] [oshi.util.FileUtil] Reading file {}:[Ljava.lang.Object;@4f9c0be7
2026-04-22 11:52:02.421 [DBG] [oshi.util.FileUtil] Reading file {}:[Ljava.lang.Object;@55308403
2026-04-22 11:52:02.421 [DBG] [oshi.util.FileUtil] Reading file {}:[Ljava.lang.Object;@5ccbf064
2026-04-22 11:53:02.427 [DBG] [oshi.util.FileUtil] Reading file {}:[Ljava.lang.Object;@3b1a43d4
2026-04-22 11:53:02.427 [DBG] [oshi.util.FileUtil] Reading file {}:[Ljava.lang.Object;@759cd743
2026-04-22 11:53:02.427 [DBG] [oshi.util.FileUtil] Reading file {}:[Ljava.lang.Object;@219f8bd9
2026-04-22 11:53:02.427 [DBG] [oshi.util.FileUtil] Reading file {}:[Ljava.lang.Object;@aa93fa9
2026-04-22 11:53:02.427 [DBG] [oshi.util.FileUtil] Reading file {}:[Ljava.lang.Object;@63c4d9cb
2026-04-22 11:53:02.428 [DBG] [oshi.util.FileUtil] Reading file {}:[Ljava.lang.Object;@70f13c3f
2026-04-22 11:54:02.433 [DBG] [oshi.util.FileUtil] Reading file {}:[Ljava.lang.Object;@1a449cd0
2026-04-22 11:54:02.433 [DBG] [oshi.util.FileUtil] Reading file {}:[Ljava.lang.Object;@4eab87d0
2026-04-22 11:54:02.433 [DBG] [oshi.util.FileUtil] Reading file {}:[Ljava.lang.Object;@380e0078
2026-04-22 11:54:02.433 [DBG] [oshi.util.FileUtil] Reading file {}:[Ljava.lang.Object;@3a74500b
2026-04-22 11:54:02.434 [DBG] [oshi.util.FileUtil] Reading file {}:[Ljava.lang.Object;@4e8f989
2026-04-22 11:54:02.434 [DBG] [oshi.util.FileUtil] Reading file {}:[Ljava.lang.Object;@166f7bc3
2026-04-22 11:55:02.439 [DBG] [oshi.util.FileUtil] Reading file {}:[Ljava.lang.Object;@6f65bb53
2026-04-22 11:55:02.439 [DBG] [oshi.util.FileUtil] Reading file {}:[Ljava.lang.Object;@4af398d
2026-04-22 11:55:02.440 [DBG] [oshi.util.FileUtil] Reading file {}:[Ljava.lang.Object;@111e97b2
2026-04-22 11:55:02.440 [DBG] [oshi.util.FileUtil] Reading file {}:[Ljava.lang.Object;@7b771cf7
2026-04-22 11:55:02.440 [DBG] [oshi.util.FileUtil] Reading file {}:[Ljava.lang.Object;@398a8fe9
2026-04-22 11:55:02.440 [DBG] [oshi.util.FileUtil] Reading file {}:[Ljava.lang.Object;@4494ba04
2026-04-22 11:56:02.445 [DBG] [oshi.util.FileUtil] Reading file {}:[Ljava.lang.Object;@301015cd
2026-04-22 11:56:02.446 [DBG] [oshi.util.FileUtil] Reading file {}:[Ljava.lang.Object;@7a6cd688
2026-04-22 11:56:02.446 [DBG] [oshi.util.FileUtil] Reading file {}:[Ljava.lang.Object;@7cdb60aa
2026-04-22 11:56:02.446 [DBG] [oshi.util.FileUtil] Reading file {}:[Ljava.lang.Object;@e9a0086
2026-04-22 11:56:02.446 [DBG] [oshi.util.FileUtil] Reading file {}:[Ljava.lang.Object;@3e14d2e5
2026-04-22 11:56:02.446 [DBG] [oshi.util.FileUtil] Reading file {}:[Ljava.lang.Object;@22d08b39
2026-04-22 11:56:54,716 [2095261]   WARN - org.apache.velocity.deprecation - configuration key 'resource.loader' has been deprecated in favor of 'resource.loaders'
2026-04-22 11:56:54,718 [2095263]   WARN - org.apache.velocity.deprecation - configuration key 'includes.resource.loader.class' has been deprecated in favor of 'resource.loader.includes.class'
2026-04-22 11:56:54,767 [2095312]   WARN - org.apache.velocity.introspection - Cannot retrieve method getPropertyName from object of class java.lang.Class due to security restrictions.
2026-04-22 11:56:54,776 [2095321]   WARN - org.apache.velocity.introspection - Cannot retrieve method sanitizeJavaIdentifier from object of class java.lang.Class due to security restrictions.
2026-04-22 11:56:54,778 [2095323]   WARN - org.apache.velocity.introspection - Cannot retrieve method capitalizeWithJavaBeanConvention from object of class java.lang.Class due to security restrictions.
2026-04-22 11:56:54,999 [2095544]   WARN - org.apache.velocity.introspection - Cannot retrieve method getPropertyName from object of class java.lang.Class due to security restrictions.
2026-04-22 11:56:55,000 [2095545]   WARN - org.apache.velocity.introspection - Cannot retrieve method sanitizeJavaIdentifier from object of class java.lang.Class due to security restrictions.
2026-04-22 11:56:55,000 [2095545]   WARN - org.apache.velocity.introspection - Cannot retrieve method capitalizeWithJavaBeanConvention from object of class java.lang.Class due to security restrictions.
2026-04-22 11:56:55,033 [2095578]   WARN - org.apache.velocity.introspection - Cannot retrieve method getPropertyName from object of class java.lang.Class due to security restrictions.
2026-04-22 11:56:55,033 [2095578]   WARN - org.apache.velocity.introspection - Cannot retrieve method sanitizeJavaIdentifier from object of class java.lang.Class due to security restrictions.
2026-04-22 11:56:55,033 [2095578]   WARN - org.apache.velocity.introspection - Cannot retrieve method capitalizeWithJavaBeanConvention from object of class java.lang.Class due to security restrictions.
2026-04-22 11:56:55,050 [2095595]   WARN - org.apache.velocity.introspection - Cannot retrieve method getPropertyName from object of class java.lang.Class due to security restrictions.
2026-04-22 11:56:55,050 [2095595]   WARN - org.apache.velocity.introspection - Cannot retrieve method sanitizeJavaIdentifier from object of class java.lang.Class due to security restrictions.
2026-04-22 11:56:55,051 [2095596]   WARN - org.apache.velocity.introspection - Cannot retrieve method capitalizeWithJavaBeanConvention from object of class java.lang.Class due to security restrictions.
2026-04-22 11:56:55,237 [2095782]   WARN - org.apache.velocity.introspection - Cannot retrieve method getPropertyName from object of class java.lang.Class due to security restrictions.
2026-04-22 11:56:55,238 [2095783]   WARN - org.apache.velocity.introspection - Cannot retrieve method sanitizeJavaIdentifier from object of class java.lang.Class due to security restrictions.
2026-04-22 11:56:55,238 [2095783]   WARN - org.apache.velocity.introspection - Cannot retrieve method capitalizeWithJavaBeanConvention from object of class java.lang.Class due to security restrictions.
2026-04-22 11:56:55,266 [2095811]   WARN - org.apache.velocity.introspection - Cannot retrieve method getPropertyName from object of class java.lang.Class due to security restrictions.
2026-04-22 11:56:55,266 [2095811]   WARN - org.apache.velocity.introspection - Cannot retrieve method sanitizeJavaIdentifier from object of class java.lang.Class due to security restrictions.
2026-04-22 11:56:55,266 [2095811]   WARN - org.apache.velocity.introspection - Cannot retrieve method capitalizeWithJavaBeanConvention from object of class java.lang.Class due to security restrictions.
2026-04-22 11:56:55,284 [2095829]   WARN - org.apache.velocity.introspection - Cannot retrieve method getPropertyName from object of class java.lang.Class due to security restrictions.
2026-04-22 11:56:55,285 [2095830]   WARN - org.apache.velocity.introspection - Cannot retrieve method sanitizeJavaIdentifier from object of class java.lang.Class due to security restrictions.
2026-04-22 11:56:55,285 [2095830]   WARN - org.apache.velocity.introspection - Cannot retrieve method capitalizeWithJavaBeanConvention from object of class java.lang.Class due to security restrictions.
2026-04-22 11:56:56,281 [2096826]   WARN - org.apache.velocity.introspection - Cannot retrieve method getPropertyName from object of class java.lang.Class due to security restrictions.
2026-04-22 11:56:56,281 [2096826]   WARN - org.apache.velocity.introspection - Cannot retrieve method sanitizeJavaIdentifier from object of class java.lang.Class due to security restrictions.
2026-04-22 11:56:56,281 [2096826]   WARN - org.apache.velocity.introspection - Cannot retrieve method capitalizeWithJavaBeanConvention from object of class java.lang.Class due to security restrictions.
2026-04-22 11:56:56,360 [2096905]   WARN - org.apache.velocity.introspection - Cannot retrieve method getPropertyName from object of class java.lang.Class due to security restrictions.
2026-04-22 11:56:56,360 [2096905]   WARN - org.apache.velocity.introspection - Cannot retrieve method sanitizeJavaIdentifier from object of class java.lang.Class due to security restrictions.
2026-04-22 11:56:56,360 [2096905]   WARN - org.apache.velocity.introspection - Cannot retrieve method capitalizeWithJavaBeanConvention from object of class java.lang.Class due to security restrictions.
2026-04-22 11:56:56,387 [2096932]   WARN - org.apache.velocity.introspection - Cannot retrieve method getPropertyName from object of class java.lang.Class due to security restrictions.
2026-04-22 11:56:56,388 [2096933]   WARN - org.apache.velocity.introspection - Cannot retrieve method sanitizeJavaIdentifier from object of class java.lang.Class due to security restrictions.
2026-04-22 11:56:56,388 [2096933]   WARN - org.apache.velocity.introspection - Cannot retrieve method capitalizeWithJavaBeanConvention from object of class java.lang.Class due to security restrictions.
2026-04-22 11:56:56,404 [2096949]   WARN - org.apache.velocity.introspection - Cannot retrieve method getPropertyName from object of class java.lang.Class due to security restrictions.
2026-04-22 11:56:56,405 [2096950]   WARN - org.apache.velocity.introspection - Cannot retrieve method sanitizeJavaIdentifier from object of class java.lang.Class due to security restrictions.
2026-04-22 11:56:56,405 [2096950]   WARN - org.apache.velocity.introspection - Cannot retrieve method capitalizeWithJavaBeanConvention from object of class java.lang.Class due to security restrictions.
2026-04-22 11:56:58,184 [2098729]   WARN - org.apache.velocity.introspection - Cannot retrieve method getPropertyName from object of class java.lang.Class due to security restrictions.
2026-04-22 11:56:58,184 [2098729]   WARN - org.apache.velocity.introspection - Cannot retrieve method sanitizeJavaIdentifier from object of class java.lang.Class due to security restrictions.
2026-04-22 11:56:58,185 [2098730]   WARN - org.apache.velocity.introspection - Cannot retrieve method capitalizeWithJavaBeanConvention from object of class java.lang.Class due to security restrictions.
2026-04-22 11:56:58,200 [2098745]   WARN - org.apache.velocity.introspection - Cannot retrieve method getPropertyName from object of class java.lang.Class due to security restrictions.
2026-04-22 11:56:58,200 [2098745]   WARN - org.apache.velocity.introspection - Cannot retrieve method sanitizeJavaIdentifier from object of class java.lang.Class due to security restrictions.
2026-04-22 11:56:58,200 [2098745]   WARN - org.apache.velocity.introspection - Cannot retrieve method capitalizeWithJavaBeanConvention from object of class java.lang.Class due to security restrictions.
2026-04-22 11:56:58,225 [2098770]   WARN - org.apache.velocity.introspection - Cannot retrieve method getPropertyName from object of class java.lang.Class due to security restrictions.
2026-04-22 11:56:58,226 [2098771]   WARN - org.apache.velocity.introspection - Cannot retrieve method sanitizeJavaIdentifier from object of class java.lang.Class due to security restrictions.
2026-04-22 11:56:58,226 [2098771]   WARN - org.apache.velocity.introspection - Cannot retrieve method capitalizeWithJavaBeanConvention from object of class java.lang.Class due to security restrictions.
2026-04-22 11:56:58,474 [2099019]   WARN - org.apache.velocity.introspection - Cannot retrieve method getPropertyName from object of class java.lang.Class due to security restrictions.
2026-04-22 11:56:58,474 [2099019]   WARN - org.apache.velocity.introspection - Cannot retrieve method sanitizeJavaIdentifier from object of class java.lang.Class due to security restrictions.
2026-04-22 11:56:58,475 [2099020]   WARN - org.apache.velocity.introspection - Cannot retrieve method capitalizeWithJavaBeanConvention from object of class java.lang.Class due to security restrictions.
2026-04-22 11:56:58,484 [2099029]   WARN - org.apache.velocity.introspection - Cannot retrieve method getPropertyName from object of class java.lang.Class due to security restrictions.
2026-04-22 11:56:58,485 [2099030]   WARN - org.apache.velocity.introspection - Cannot retrieve method sanitizeJavaIdentifier from object of class java.lang.Class due to security restrictions.
2026-04-22 11:56:58,485 [2099030]   WARN - org.apache.velocity.introspection - Cannot retrieve method capitalizeWithJavaBeanConvention from object of class java.lang.Class due to security restrictions.
2026-04-22 11:56:58,505 [2099050]   WARN - org.apache.velocity.introspection - Cannot retrieve method getPropertyName from object of class java.lang.Class due to security restrictions.
2026-04-22 11:56:58,505 [2099050]   WARN - org.apache.velocity.introspection - Cannot retrieve method sanitizeJavaIdentifier from object of class java.lang.Class due to security restrictions.
2026-04-22 11:56:58,506 [2099051]   WARN - org.apache.velocity.introspection - Cannot retrieve method capitalizeWithJavaBeanConvention from object of class java.lang.Class due to security restrictions.
2026-04-22 11:56:59,593 [2100138]   WARN - org.apache.velocity.introspection - Cannot retrieve method getPropertyName from object of class java.lang.Class due to security restrictions.
2026-04-22 11:56:59,594 [2100139]   WARN - org.apache.velocity.introspection - Cannot retrieve method sanitizeJavaIdentifier from object of class java.lang.Class due to security restrictions.
2026-04-22 11:56:59,594 [2100139]   WARN - org.apache.velocity.introspection - Cannot retrieve method capitalizeWithJavaBeanConvention from object of class java.lang.Class due to security restrictions.
2026-04-22 11:56:59,612 [2100157]   WARN - org.apache.velocity.introspection - Cannot retrieve method getPropertyName from object of class java.lang.Class due to security restrictions.
2026-04-22 11:56:59,612 [2100157]   WARN - org.apache.velocity.introspection - Cannot retrieve method sanitizeJavaIdentifier from object of class java.lang.Class due to security restrictions.
2026-04-22 11:56:59,613 [2100158]   WARN - org.apache.velocity.introspection - Cannot retrieve method capitalizeWithJavaBeanConvention from object of class java.lang.Class due to security restrictions.
2026-04-22 11:56:59,625 [2100170]   WARN - org.apache.velocity.introspection - Cannot retrieve method getPropertyName from object of class java.lang.Class due to security restrictions.
2026-04-22 11:56:59,625 [2100170]   WARN - org.apache.velocity.introspection - Cannot retrieve method sanitizeJavaIdentifier from object of class java.lang.Class due to security restrictions.
2026-04-22 11:56:59,625 [2100170]   WARN - org.apache.velocity.introspection - Cannot retrieve method capitalizeWithJavaBeanConvention from object of class java.lang.Class due to security restrictions.
2026-04-22 11:56:59,657 [2100202]   WARN - org.apache.velocity.introspection - Cannot retrieve method getPropertyName from object of class java.lang.Class due to security restrictions.
2026-04-22 11:56:59,658 [2100203]   WARN - org.apache.velocity.introspection - Cannot retrieve method sanitizeJavaIdentifier from object of class java.lang.Class due to security restrictions.
2026-04-22 11:56:59,658 [2100203]   WARN - org.apache.velocity.introspection - Cannot retrieve method capitalizeWithJavaBeanConvention from object of class java.lang.Class due to security restrictions.
2026-04-22 11:56:59,664 [2100209]   WARN - org.apache.velocity.introspection - Cannot retrieve method getPropertyName from object of class java.lang.Class due to security restrictions.
2026-04-22 11:56:59,664 [2100209]   WARN - org.apache.velocity.introspection - Cannot retrieve method sanitizeJavaIdentifier from object of class java.lang.Class due to security restrictions.
2026-04-22 11:56:59,664 [2100209]   WARN - org.apache.velocity.introspection - Cannot retrieve method capitalizeWithJavaBeanConvention from object of class java.lang.Class due to security restrictions.
2026-04-22 11:56:59,669 [2100214]   WARN - org.apache.velocity.introspection - Cannot retrieve method getPropertyName from object of class java.lang.Class due to security restrictions.
2026-04-22 11:56:59,670 [2100215]   WARN - org.apache.velocity.introspection - Cannot retrieve method sanitizeJavaIdentifier from object of class java.lang.Class due to security restrictions.
2026-04-22 11:56:59,670 [2100215]   WARN - org.apache.velocity.introspection - Cannot retrieve method capitalizeWithJavaBeanConvention from object of class java.lang.Class due to security restrictions.
2026-04-22 11:57:02.451 [DBG] [oshi.util.FileUtil] Reading file {}:[Ljava.lang.Object;@82c9157
2026-04-22 11:57:02.451 [DBG] [oshi.util.FileUtil] Reading file {}:[Ljava.lang.Object;@1a62065d
2026-04-22 11:57:02.451 [DBG] [oshi.util.FileUtil] Reading file {}:[Ljava.lang.Object;@6b3a9345
2026-04-22 11:57:02.451 [DBG] [oshi.util.FileUtil] Reading file {}:[Ljava.lang.Object;@328281dd
2026-04-22 11:57:02.451 [DBG] [oshi.util.FileUtil] Reading file {}:[Ljava.lang.Object;@5e4808f3
2026-04-22 11:57:02.451 [DBG] [oshi.util.FileUtil] Reading file {}:[Ljava.lang.Object;@5412bd89
2026-04-22 11:58:02.456 [DBG] [oshi.util.FileUtil] Reading file {}:[Ljava.lang.Object;@1c8862c3
2026-04-22 11:58:02.456 [DBG] [oshi.util.FileUtil] Reading file {}:[Ljava.lang.Object;@4a505573
2026-04-22 11:58:02.456 [DBG] [oshi.util.FileUtil] Reading file {}:[Ljava.lang.Object;@37cfa272
2026-04-22 11:58:02.456 [DBG] [oshi.util.FileUtil] Reading file {}:[Ljava.lang.Object;@d62df2e
2026-04-22 11:58:02.457 [DBG] [oshi.util.FileUtil] Reading file {}:[Ljava.lang.Object;@52233a3b
2026-04-22 11:58:02.457 [DBG] [oshi.util.FileUtil] Reading file {}:[Ljava.lang.Object;@1a9016c1
2026-04-22 11:59:02.463 [DBG] [oshi.util.FileUtil] Reading file {}:[Ljava.lang.Object;@823f2ed
2026-04-22 11:59:02.464 [DBG] [oshi.util.FileUtil] Reading file {}:[Ljava.lang.Object;@6c06dde6
2026-04-22 11:59:02.464 [DBG] [oshi.util.FileUtil] Reading file {}:[Ljava.lang.Object;@5c74305e
2026-04-22 11:59:02.464 [DBG] [oshi.util.FileUtil] Reading file {}:[Ljava.lang.Object;@56ab6dd7
2026-04-22 11:59:02.464 [DBG] [oshi.util.FileUtil] Reading file {}:[Ljava.lang.Object;@41885975
2026-04-22 11:59:02.464 [DBG] [oshi.util.FileUtil] Reading file {}:[Ljava.lang.Object;@1bbb554f
2026-04-22 12:00:02.468 [DBG] [oshi.util.FileUtil] Reading file {}:[Ljava.lang.Object;@18790c92
2026-04-22 12:00:02.469 [DBG] [oshi.util.FileUtil] Reading file {}:[Ljava.lang.Object;@53bb3af2
2026-04-22 12:00:02.469 [DBG] [oshi.util.FileUtil] Reading file {}:[Ljava.lang.Object;@c75e834
2026-04-22 12:00:02.469 [DBG] [oshi.util.FileUtil] Reading file {}:[Ljava.lang.Object;@6d1f24c8
2026-04-22 12:00:02.469 [DBG] [oshi.util.FileUtil] Reading file {}:[Ljava.lang.Object;@3d52b865
2026-04-22 12:00:02.469 [DBG] [oshi.util.FileUtil] Reading file {}:[Ljava.lang.Object;@37346997
2026-04-29 16:52:02,580 [    526]   WARN - #c.i.i.p.PluginManager - Problems found loading plugins:
  Plugin 'Refactor-X' (Refactor-X) has dependency on 'JetBrains Ultimate' which cannot be loaded
  Plugin 'Cron Expressions' (com.intellij.cron) has dependency on 'JetBrains Ultimate' which cannot be loaded
  Plugin 'Apache Velocity' (com.intellij.velocity) has dependency on 'JetBrains Ultimate' which cannot be loaded
  Plugin 'FTP/SFTP/WebDAV Connectivity' (com.jetbrains.plugins.webDeployment) has dependency on 'JetBrains Ultimate' which cannot be loaded
  Plugin 'SSH Remote Run' (org.jetbrains.plugins.remote-run) has dependency on 'JetBrains Ultimate' which cannot be loaded
  Plugin 'In-Editor Performance Hints' (com.intellij.LineProfiler) requires plugin with id=com.intellij.modules.ultimate to be enabled
  Plugin 'Spring Messaging' (com.intellij.spring.messaging) has dependency on 'JetBrains Ultimate' which cannot be loaded
  Plugin 'Spring Modulith' (com.intellij.spring.modulith) has dependency on 'JetBrains Ultimate' which cannot be loaded
  Plugin 'Spring Cloud' (com.intellij.spring.cloud) has dependency on 'JetBrains Ultimate' which cannot be loaded
  Plugin 'Spring Security' (com.intellij.spring.security) has dependency on 'JetBrains Ultimate' which cannot be loaded
  Plugin 'Spring Integration Patterns' (com.intellij.spring.integration) has dependency on 'JetBrains Ultimate' which cannot be loaded
  Plugin 'Jakarta EE: RESTful Web Services (JAX-RS)' (com.jetbrains.restWebServices) has dependency on 'JetBrains Ultimate' which cannot be loaded
  Plugin 'Jakarta EE: Messaging (JMS)' (com.intellij.javaee.extensions) has dependency on 'JetBrains Ultimate' which cannot be loaded
  Plugin 'Jakarta EE: Contexts and Dependency Injection (CDI)' (com.intellij.cdi) has dependency on 'JetBrains Ultimate' which cannot be loaded
  Plugin 'Jakarta EE: Bean Validation' (com.intellij.beanValidation) has dependency on 'JetBrains Ultimate' which cannot be loaded
  Plugin 'FreeMarker' (com.intellij.freemarker) has dependency on 'JetBrains Ultimate' which cannot be loaded
  Plugin 'AOP Pointcut Language' (com.intellij.aop) has dependency on 'JetBrains Ultimate' which cannot be loaded
  Plugin 'Remote Development Gateway' (com.jetbrains.gateway) has dependency on 'JetBrains Ultimate' which cannot be loaded
  Plugin 'JVM Persistence Frameworks' (com.intellij.persistence) has dependency on 'JetBrains Ultimate' which cannot be loaded
  Plugin 'Quarkus' (com.intellij.quarkus) has dependency on 'JetBrains Ultimate' which cannot be loaded
  Plugin 'Micronaut' (com.intellij.micronaut) has dependency on 'JetBrains Ultimate' which cannot be loaded
  Plugin 'Jakarta EE: Persistence (JPA)' (com.intellij.javaee.jpa) has dependency on 'JetBrains Ultimate' which cannot be loaded
  Plugin 'Spring Data' (com.intellij.spring.data) has dependency on 'JetBrains Ultimate' which cannot be loaded
  Plugin 'Reverse Engineering' (com.intellij.javaee.reverseEngineering) requires plugin with id=com.intellij.javaee.jpa to be enabled
  Plugin 'Jakarta EE: Data' (com.intellij.javaee.jakarta.data) has dependency on 'JetBrains Ultimate' which cannot be loaded
  Plugin 'Jakarta EE: Application Servers' (com.intellij.javaee.app.servers.integration) has dependency on 'JetBrains Ultimate' which cannot be loaded
  Plugin 'Tomcat and TomEE' (Tomcat) has dependency on 'JetBrains Ultimate' which cannot be loaded
  Plugin 'WildFly' (JBoss) has dependency on 'JetBrains Ultimate' which cannot be loaded
  Plugin 'Hibernate' (com.intellij.hibernate) has dependency on 'JetBrains Ultimate' which cannot be loaded
  Plugin 'Time Tracking' (com.intellij.tasks.timeTracking) has dependency on 'JetBrains Ultimate' which cannot be loaded
  Plugin 'Sass' (org.jetbrains.plugins.sass) has dependency on 'JetBrains Ultimate' which cannot be loaded
  Plugin 'Jakarta EE: Web/Servlets' (com.intellij.javaee.web) has dependency on 'JetBrains Ultimate' which cannot be loaded
  Plugin 'Jakarta EE: Server Pages (JSP)' (com.intellij.jsp) has dependency on 'JetBrains Ultimate' which cannot be loaded
  Plugin 'PostCSS' (org.intellij.plugins.postcss) has dependency on 'JetBrains Ultimate' which cannot be loaded
  Plugin 'Less' (org.jetbrains.plugins.less) has dependency on 'JetBrains Ultimate' which cannot be loaded
  Plugin 'JavaScript Debugger' (JavaScriptDebugger) has dependency on 'JetBrains Ultimate' which cannot be loaded
  Plugin 'Spring Web' (com.intellij.spring.mvc) has dependency on 'JetBrains Ultimate' which cannot be loaded
  Plugin 'Tailwind CSS' (com.intellij.tailwindcss) has dependency on 'JetBrains Ultimate' which cannot be loaded
  Plugin 'Styled Components & Styled JSX' (com.deadlock.scsyntax) has dependency on 'JetBrains Ultimate' which cannot be loaded
  Plugin 'Node.js' (NodeJS) requires plugin with id=JavaScriptDebugger to be enabled
  Plugin 'Node.js Remote Interpreter' (org.jetbrains.plugins.node-remote-interpreter) has dependency on 'JetBrains Ultimate' which cannot be loaded
  Plugin 'Next.js' (intellij.nextjs) has dependency on 'JetBrains Ultimate' which cannot be loaded
  Plugin 'Karma' (Karma) has dependency on 'JetBrains Ultimate' which cannot be loaded
  Plugin 'Kubernetes' (com.intellij.kubernetes) has dependency on 'JetBrains Ultimate' which cannot be loaded
  Plugin 'Dev Containers' (org.jetbrains.plugins.docker.gateway) has dependency on 'JetBrains Ultimate' which cannot be loaded
2026-04-29 16:52:02,671 [    617]   WARN - #c.i.p.instanceContainer - InstanceNotOverridableException: Override failed for com.intellij.openapi.project.impl.ProjectStoreFactory: com.intellij.configurationScript.providers.ConfigurationScriptProjectStoreFactory attempts to override com.intellij.configurationStore.PlatformLangProjectStoreFactory, but the existing implementation is not overriddable (not declared as 'open=true')
2026-04-29 16:52:02,681 [    627]   WARN - #c.i.p.instanceContainer - InstanceNotOverridableException: Override failed for com.intellij.modcommand.ModCommandExecutor: com.jetbrains.rdserver.ui.intentions.RemoteModCommandExecutor attempts to override com.intellij.lang.impl.modcommand.ModCommandExecutorImpl, but the existing implementation is not overriddable (not declared as 'open=true')
2026-04-29 16:52:02,920 [    866]   WARN - #c.i.o.v.n.p.FSRecords - Records storage [/home/neel/.cache/JetBrains/IntelliJIdea2026.1/caches/records.dat] was in use by process [OwnershipInfo{owner pid: 27871, acquired at: 1777439864320}] which is not exist now (wasn't closed properly/crashed?) -> re-acquiring forcibly
2026-04-29 16:52:02,923 [    869]   WARN - #c.i.o.v.n.p.m.c.VFSContentStorageOverMMappedFile - Content map[/home/neel/.cache/JetBrains/IntelliJIdea2026.1/caches/content.dat.hashToId] is empty (or dropped) while content storage is not: re-building map from the storage
2026-04-29 16:52:03,040 [    986]   WARN - #c.i.o.v.n.p.PersistentFSLoader - [VFS load problem]: VFS wasn't safely shut down: records.wasClosedProperly is false
2026-04-29 16:52:03,047 [    993]   WARN - #c.i.i.u.UiThemePaletteCheckBoxScope - Theme Islands Darcula: Checkbox.Background.Default.Dark is deprecated for new UI themes, use Checkbox.Background.Default instead
2026-04-29 16:52:03,047 [    993]   WARN - #c.i.i.u.UiThemePaletteCheckBoxScope - Theme Islands Darcula: Checkbox.Border.Default.Dark is deprecated for new UI themes, use Checkbox.Border.Default instead
2026-04-29 16:52:03,047 [    993]   WARN - #c.i.i.u.UiThemePaletteCheckBoxScope - Theme Islands Darcula: Checkbox.Border.Selected.Dark is deprecated for new UI themes, use Checkbox.Border.Selected instead
2026-04-29 16:52:03,047 [    993]   WARN - #c.i.i.u.UiThemePaletteCheckBoxScope - Theme Islands Darcula: Checkbox.Foreground.Selected.Dark is deprecated for new UI themes, use Checkbox.Foreground.Selected instead
2026-04-29 16:52:03,047 [    993]   WARN - #c.i.i.u.UiThemePaletteCheckBoxScope - Theme Islands Darcula: Checkbox.Focus.Wide.Dark is deprecated for new UI themes, use Checkbox.Focus.Wide instead
2026-04-29 16:52:03,047 [    993]   WARN - #c.i.i.u.UiThemePaletteCheckBoxScope - Theme Islands Darcula: color key Checkbox.Focus.Thin.Default.Dark is not supported and therefore ignored
2026-04-29 16:52:03,047 [    993]   WARN - #c.i.i.u.UiThemePaletteCheckBoxScope - Theme Islands Darcula: color key Checkbox.Focus.Thin.Selected.Dark is not supported and therefore ignored
2026-04-29 16:52:03,048 [    994]   WARN - #c.i.i.u.UiThemePaletteCheckBoxScope - Theme Islands Darcula: Checkbox.Background.Disabled.Dark is deprecated for new UI themes, use Checkbox.Background.Disabled instead
2026-04-29 16:52:03,048 [    994]   WARN - #c.i.i.u.UiThemePaletteCheckBoxScope - Theme Islands Darcula: Checkbox.Background.Selected.Dark is deprecated for new UI themes, use Checkbox.Background.Selected instead
2026-04-29 16:52:03,048 [    994]   WARN - #c.i.i.u.UiThemePaletteCheckBoxScope - Theme Islands Darcula: Checkbox.Border.Disabled.Dark is deprecated for new UI themes, use Checkbox.Border.Disabled instead
2026-04-29 16:52:03,048 [    994]   WARN - #c.i.i.u.UiThemePaletteCheckBoxScope - Theme Islands Darcula: Checkbox.Foreground.Disabled.Dark is deprecated for new UI themes, use Checkbox.Foreground.Disabled instead
WARNING: A terminally deprecated method in sun.misc.Unsafe has been called
WARNING: sun.misc.Unsafe::allocateMemory has been called by io.netty.util.internal.PlatformDependent0$2
WARNING: Please consider reporting this to the maintainers of class io.netty.util.internal.PlatformDependent0$2
WARNING: sun.misc.Unsafe::allocateMemory will be removed in a future release
SLF4J(E): A service provider failed to instantiate:
org.slf4j.spi.SLF4JServiceProvider: org.slf4j.jul.JULServiceProvider not a subtype
2026-04-29 16:52:03,176 [   1122]   WARN - #c.i.s.c.i.StationSocketConnectionLoop - Discovery connection failed with NoSuchFileException (/run/user/1000/jb.station.sock)
2026-04-29 16:52:03,966 [   1912]   WARN - #c.i.o.v.n.p.PersistentFSLoader - [VFS load problem]: NOT_CLOSED_PROPERLY recovered, no problems remain
2026-04-29 16:52:04.425 [DBG] [oshi.util.FileUtil] No {} file found from ClassLoader {}:[Ljava.lang.Object;@43c832a0
2026-04-29 16:52:04.436 [DBG] [oshi.util.FileUtil] Reading file {}:[Ljava.lang.Object;@ddaf990
2026-04-29 16:52:04.437 [DBG] [oshi.util.FileUtil] Reading file {}:[Ljava.lang.Object;@7ae93766
2026-04-29 16:52:04.440 [DBG] [oshi.util.FileUtil] Reading file {}:[Ljava.lang.Object;@1dc31484
2026-04-29 16:52:04.443 [DBG] [oshi.util.FileUtil] Reading file {}:[Ljava.lang.Object;@1c80edc4
2026-04-29 16:52:04.443 [DBG] [oshi.software.os.linux.LinuxOperatingSystem] os-release: {}:[Ljava.lang.Object;@2843f902
2026-04-29 16:52:04.443 [DBG] [oshi.util.FileUtil] Reading file {}:[Ljava.lang.Object;@39318206
2026-04-29 16:52:04.447 [DBG] [oshi.util.FileUtil] Reading file {}:[Ljava.lang.Object;@10683b75
2026-04-29 16:52:04.447 [DBG] [oshi.util.FileUtil] Reading file {}:[Ljava.lang.Object;@2f57a31c
2026-04-29 16:52:04.447 [DBG] [oshi.util.FileUtil] Reading file {}:[Ljava.lang.Object;@1b9be2f3
2026-04-29 16:52:04.447 [DBG] [oshi.util.FileUtil] Reading file {}:[Ljava.lang.Object;@24a23640
2026-04-29 16:52:04.448 [DBG] [oshi.util.FileUtil] Reading file {}:[Ljava.lang.Object;@75400232
2026-04-29 16:52:04.448 [DBG] [oshi.util.FileUtil] Reading file {}:[Ljava.lang.Object;@679d10c5
2026-04-29 16:52:04.448 [DBG] [oshi.util.FileUtil] Reading file {}:[Ljava.lang.Object;@16f0c8a3
2026-04-29 16:52:04.448 [DBG] [oshi.util.FileUtil] Reading file {}:[Ljava.lang.Object;@635419dd
2026-04-29 16:52:08,960 [   6906]   WARN - #c.i.s.c.i.StationSocketConnectionLoop - RecentProjects connection failed with NoSuchFileException (/run/user/1000/jb.station.sock)
2026-04-29 16:52:09,206 [   7152]   WARN - #c.i.v.g.r.GitRepositoriesHolder - State of repository RepositoryId(projectId=ProjectId#ceutojhtvub0dehik8bj, rootPath=/home/neel/PROJECTS/Teacher_Content_Portal/Teacher_Content_Portal) is not synchronized. Known repositories are: 
2026-04-29 16:53:04.456 [DBG] [oshi.util.FileUtil] Reading file {}:[Ljava.lang.Object;@52329635
2026-04-29 16:53:04.456 [DBG] [oshi.util.FileUtil] Reading file {}:[Ljava.lang.Object;@371c9a9e
2026-04-29 16:53:04.456 [DBG] [oshi.util.FileUtil] Reading file {}:[Ljava.lang.Object;@236b691f
2026-04-29 16:53:04.457 [DBG] [oshi.util.FileUtil] Reading file {}:[Ljava.lang.Object;@47b26d89
2026-04-29 16:53:04.457 [DBG] [oshi.util.FileUtil] Reading file {}:[Ljava.lang.Object;@1f7d874
2026-04-29 16:53:04.457 [DBG] [oshi.util.FileUtil] Reading file {}:[Ljava.lang.Object;@52ec6abe
2026-04-29 16:53:56,337 [ 114283]   WARN - org.apache.velocity.deprecation - configuration key 'resource.loader' has been deprecated in favor of 'resource.loaders'
2026-04-29 16:53:56,339 [ 114285]   WARN - org.apache.velocity.deprecation - configuration key 'includes.resource.loader.class' has been deprecated in favor of 'resource.loader.includes.class'
2026-04-29 16:53:56,391 [ 114337]   WARN - org.apache.velocity.introspection - Cannot retrieve method getPropertyName from object of class java.lang.Class due to security restrictions.
2026-04-29 16:53:56,405 [ 114351]   WARN - org.apache.velocity.introspection - Cannot retrieve method sanitizeJavaIdentifier from object of class java.lang.Class due to security restrictions.
2026-04-29 16:53:56,407 [ 114353]   WARN - org.apache.velocity.introspection - Cannot retrieve method capitalizeWithJavaBeanConvention from object of class java.lang.Class due to security restrictions.
2026-04-29 16:53:56,437 [ 114383]   WARN - org.apache.velocity.introspection - Cannot retrieve method getPropertyName from object of class java.lang.Class due to security restrictions.
2026-04-29 16:53:56,438 [ 114384]   WARN - org.apache.velocity.introspection - Cannot retrieve method sanitizeJavaIdentifier from object of class java.lang.Class due to security restrictions.
2026-04-29 16:53:56,438 [ 114384]   WARN - org.apache.velocity.introspection - Cannot retrieve method capitalizeWithJavaBeanConvention from object of class java.lang.Class due to security restrictions.
2026-04-29 16:53:56,449 [ 114395]   WARN - org.apache.velocity.introspection - Cannot retrieve method getPropertyName from object of class java.lang.Class due to security restrictions.
2026-04-29 16:53:56,450 [ 114396]   WARN - org.apache.velocity.introspection - Cannot retrieve method sanitizeJavaIdentifier from object of class java.lang.Class due to security restrictions.
2026-04-29 16:53:56,450 [ 114396]   WARN - org.apache.velocity.introspection - Cannot retrieve method capitalizeWithJavaBeanConvention from object of class java.lang.Class due to security restrictions.
2026-04-29 16:53:56,892 [ 114838]   WARN - org.apache.velocity.introspection - Cannot retrieve method getPropertyName from object of class java.lang.Class due to security restrictions.
2026-04-29 16:53:56,892 [ 114838]   WARN - org.apache.velocity.introspection - Cannot retrieve method sanitizeJavaIdentifier from object of class java.lang.Class due to security restrictions.
2026-04-29 16:53:56,893 [ 114839]   WARN - org.apache.velocity.introspection - Cannot retrieve method capitalizeWithJavaBeanConvention from object of class java.lang.Class due to security restrictions.
2026-04-29 16:53:56,924 [ 114870]   WARN - org.apache.velocity.introspection - Cannot retrieve method getPropertyName from object of class java.lang.Class due to security restrictions.
2026-04-29 16:53:56,924 [ 114870]   WARN - org.apache.velocity.introspection - Cannot retrieve method sanitizeJavaIdentifier from object of class java.lang.Class due to security restrictions.
2026-04-29 16:53:56,924 [ 114870]   WARN - org.apache.velocity.introspection - Cannot retrieve method capitalizeWithJavaBeanConvention from object of class java.lang.Class due to security restrictions.
2026-04-29 16:53:56,938 [ 114884]   WARN - org.apache.velocity.introspection - Cannot retrieve method getPropertyName from object of class java.lang.Class due to security restrictions.
2026-04-29 16:53:56,939 [ 114885]   WARN - org.apache.velocity.introspection - Cannot retrieve method sanitizeJavaIdentifier from object of class java.lang.Class due to security restrictions.
2026-04-29 16:53:56,939 [ 114885]   WARN - org.apache.velocity.introspection - Cannot retrieve method capitalizeWithJavaBeanConvention from object of class java.lang.Class due to security restrictions.
2026-04-29 16:53:58,281 [ 116227]   WARN - org.apache.velocity.introspection - Cannot retrieve method getPropertyName from object of class java.lang.Class due to security restrictions.
2026-04-29 16:53:58,281 [ 116227]   WARN - org.apache.velocity.introspection - Cannot retrieve method sanitizeJavaIdentifier from object of class java.lang.Class due to security restrictions.
2026-04-29 16:53:58,281 [ 116227]   WARN - org.apache.velocity.introspection - Cannot retrieve method capitalizeWithJavaBeanConvention from object of class java.lang.Class due to security restrictions.
2026-04-29 16:53:58,297 [ 116243]   WARN - org.apache.velocity.introspection - Cannot retrieve method getPropertyName from object of class java.lang.Class due to security restrictions.
2026-04-29 16:53:58,297 [ 116243]   WARN - org.apache.velocity.introspection - Cannot retrieve method sanitizeJavaIdentifier from object of class java.lang.Class due to security restrictions.
2026-04-29 16:53:58,297 [ 116243]   WARN - org.apache.velocity.introspection - Cannot retrieve method capitalizeWithJavaBeanConvention from object of class java.lang.Class due to security restrictions.
2026-04-29 16:53:58,313 [ 116259]   WARN - org.apache.velocity.introspection - Cannot retrieve method getPropertyName from object of class java.lang.Class due to security restrictions.
2026-04-29 16:53:58,313 [ 116259]   WARN - org.apache.velocity.introspection - Cannot retrieve method sanitizeJavaIdentifier from object of class java.lang.Class due to security restrictions.
2026-04-29 16:53:58,313 [ 116259]   WARN - org.apache.velocity.introspection - Cannot retrieve method capitalizeWithJavaBeanConvention from object of class java.lang.Class due to security restrictions.
2026-04-29 16:54:04.464 [DBG] [oshi.util.FileUtil] Reading file {}:[Ljava.lang.Object;@214dc184
2026-04-29 16:54:04.465 [DBG] [oshi.util.FileUtil] Reading file {}:[Ljava.lang.Object;@9657503
2026-04-29 16:54:04.465 [DBG] [oshi.util.FileUtil] Reading file {}:[Ljava.lang.Object;@2b8d67ba
2026-04-29 16:54:04.465 [DBG] [oshi.util.FileUtil] Reading file {}:[Ljava.lang.Object;@77286cdd
2026-04-29 16:54:04.465 [DBG] [oshi.util.FileUtil] Reading file {}:[Ljava.lang.Object;@3826d25d
2026-04-29 16:54:04.466 [DBG] [oshi.util.FileUtil] Reading file {}:[Ljava.lang.Object;@1ac96537
2026-04-29 16:55:04.473 [DBG] [oshi.util.FileUtil] Reading file {}:[Ljava.lang.Object;@1bb17451
2026-04-29 16:55:04.473 [DBG] [oshi.util.FileUtil] Reading file {}:[Ljava.lang.Object;@27f295d5
2026-04-29 16:55:04.474 [DBG] [oshi.util.FileUtil] Reading file {}:[Ljava.lang.Object;@7da5971
2026-04-29 16:55:04.474 [DBG] [oshi.util.FileUtil] Reading file {}:[Ljava.lang.Object;@6c8678a9
2026-04-29 16:55:04.474 [DBG] [oshi.util.FileUtil] Reading file {}:[Ljava.lang.Object;@7c858a94
2026-04-29 16:55:04.474 [DBG] [oshi.util.FileUtil] Reading file {}:[Ljava.lang.Object;@4feaf4ec
2026-04-29 16:55:05,556 [ 183502]   WARN - org.apache.velocity.introspection - Cannot retrieve method getPropertyName from object of class java.lang.Class due to security restrictions.
2026-04-29 16:55:05,556 [ 183502]   WARN - org.apache.velocity.introspection - Cannot retrieve method sanitizeJavaIdentifier from object of class java.lang.Class due to security restrictions.
2026-04-29 16:55:05,556 [ 183502]   WARN - org.apache.velocity.introspection - Cannot retrieve method capitalizeWithJavaBeanConvention from object of class java.lang.Class due to security restrictions.
2026-04-29 16:55:05,582 [ 183528]   WARN - org.apache.velocity.introspection - Cannot retrieve method getPropertyName from object of class java.lang.Class due to security restrictions.
2026-04-29 16:55:05,582 [ 183528]   WARN - org.apache.velocity.introspection - Cannot retrieve method sanitizeJavaIdentifier from object of class java.lang.Class due to security restrictions.
2026-04-29 16:55:05,582 [ 183528]   WARN - org.apache.velocity.introspection - Cannot retrieve method capitalizeWithJavaBeanConvention from object of class java.lang.Class due to security restrictions.
2026-04-29 16:55:05,595 [ 183541]   WARN - org.apache.velocity.introspection - Cannot retrieve method getPropertyName from object of class java.lang.Class due to security restrictions.
2026-04-29 16:55:05,596 [ 183542]   WARN - org.apache.velocity.introspection - Cannot retrieve method sanitizeJavaIdentifier from object of class java.lang.Class due to security restrictions.
2026-04-29 16:55:05,596 [ 183542]   WARN - org.apache.velocity.introspection - Cannot retrieve method capitalizeWithJavaBeanConvention from object of class java.lang.Class due to security restrictions.
2026-04-29 16:55:05,877 [ 183823]   WARN - org.apache.velocity.introspection - Cannot retrieve method getPropertyName from object of class java.lang.Class due to security restrictions.
2026-04-29 16:55:05,877 [ 183823]   WARN - org.apache.velocity.introspection - Cannot retrieve method sanitizeJavaIdentifier from object of class java.lang.Class due to security restrictions.
2026-04-29 16:55:05,878 [ 183824]   WARN - org.apache.velocity.introspection - Cannot retrieve method capitalizeWithJavaBeanConvention from object of class java.lang.Class due to security restrictions.
2026-04-29 16:55:05,894 [ 183840]   WARN - org.apache.velocity.introspection - Cannot retrieve method getPropertyName from object of class java.lang.Class due to security restrictions.
2026-04-29 16:55:05,894 [ 183840]   WARN - org.apache.velocity.introspection - Cannot retrieve method sanitizeJavaIdentifier from object of class java.lang.Class due to security restrictions.
2026-04-29 16:55:05,895 [ 183841]   WARN - org.apache.velocity.introspection - Cannot retrieve method capitalizeWithJavaBeanConvention from object of class java.lang.Class due to security restrictions.
2026-04-29 16:55:05,906 [ 183852]   WARN - org.apache.velocity.introspection - Cannot retrieve method getPropertyName from object of class java.lang.Class due to security restrictions.
2026-04-29 16:55:05,906 [ 183852]   WARN - org.apache.velocity.introspection - Cannot retrieve method sanitizeJavaIdentifier from object of class java.lang.Class due to security restrictions.
2026-04-29 16:55:05,906 [ 183852]   WARN - org.apache.velocity.introspection - Cannot retrieve method capitalizeWithJavaBeanConvention from object of class java.lang.Class due to security restrictions.
2026-04-29 16:55:06,095 [ 184041]   WARN - org.apache.velocity.introspection - Cannot retrieve method getPropertyName from object of class java.lang.Class due to security restrictions.
2026-04-29 16:55:06,095 [ 184041]   WARN - org.apache.velocity.introspection - Cannot retrieve method sanitizeJavaIdentifier from object of class java.lang.Class due to security restrictions.
2026-04-29 16:55:06,096 [ 184042]   WARN - org.apache.velocity.introspection - Cannot retrieve method capitalizeWithJavaBeanConvention from object of class java.lang.Class due to security restrictions.
2026-04-29 16:55:06,112 [ 184058]   WARN - org.apache.velocity.introspection - Cannot retrieve method getPropertyName from object of class java.lang.Class due to security restrictions.
2026-04-29 16:55:06,113 [ 184059]   WARN - org.apache.velocity.introspection - Cannot retrieve method sanitizeJavaIdentifier from object of class java.lang.Class due to security restrictions.
2026-04-29 16:55:06,113 [ 184059]   WARN - org.apache.velocity.introspection - Cannot retrieve method capitalizeWithJavaBeanConvention from object of class java.lang.Class due to security restrictions.
2026-04-29 16:55:06,131 [ 184077]   WARN - org.apache.velocity.introspection - Cannot retrieve method getPropertyName from object of class java.lang.Class due to security restrictions.
2026-04-29 16:55:06,132 [ 184078]   WARN - org.apache.velocity.introspection - Cannot retrieve method sanitizeJavaIdentifier from object of class java.lang.Class due to security restrictions.
2026-04-29 16:55:06,132 [ 184078]   WARN - org.apache.velocity.introspection - Cannot retrieve method capitalizeWithJavaBeanConvention from object of class java.lang.Class due to security restrictions.
2026-04-29 16:56:04.481 [DBG] [oshi.util.FileUtil] Reading file {}:[Ljava.lang.Object;@552e81a5
2026-04-29 16:56:04.481 [DBG] [oshi.util.FileUtil] Reading file {}:[Ljava.lang.Object;@3e1b7ad5
2026-04-29 16:56:04.481 [DBG] [oshi.util.FileUtil] Reading file {}:[Ljava.lang.Object;@11b5d499
2026-04-29 16:56:04.482 [DBG] [oshi.util.FileUtil] Reading file {}:[Ljava.lang.Object;@6c260769
2026-04-29 16:56:04.482 [DBG] [oshi.util.FileUtil] Reading file {}:[Ljava.lang.Object;@4da480e1
2026-04-29 16:56:04.482 [DBG] [oshi.util.FileUtil] Reading file {}:[Ljava.lang.Object;@288c8652
2026-04-29 16:57:04.486 [DBG] [oshi.util.FileUtil] Reading file {}:[Ljava.lang.Object;@2c113c74
2026-04-29 16:57:04.486 [DBG] [oshi.util.FileUtil] Reading file {}:[Ljava.lang.Object;@abe83da
2026-04-29 16:57:04.486 [DBG] [oshi.util.FileUtil] Reading file {}:[Ljava.lang.Object;@10ed4c23
2026-04-29 16:57:04.486 [DBG] [oshi.util.FileUtil] Reading file {}:[Ljava.lang.Object;@1e852bbe
2026-04-29 16:57:04.486 [DBG] [oshi.util.FileUtil] Reading file {}:[Ljava.lang.Object;@3b525686
2026-04-29 16:57:04.486 [DBG] [oshi.util.FileUtil] Reading file {}:[Ljava.lang.Object;@450cb265
2026-04-29 16:58:04.491 [DBG] [oshi.util.FileUtil] Reading file {}:[Ljava.lang.Object;@4bd05398
2026-04-29 16:58:04.492 [DBG] [oshi.util.FileUtil] Reading file {}:[Ljava.lang.Object;@332dac
2026-04-29 16:58:04.492 [DBG] [oshi.util.FileUtil] Reading file {}:[Ljava.lang.Object;@2070bd3d
2026-04-29 16:58:04.492 [DBG] [oshi.util.FileUtil] Reading file {}:[Ljava.lang.Object;@49f86d7c
2026-04-29 16:58:04.492 [DBG] [oshi.util.FileUtil] Reading file {}:[Ljava.lang.Object;@7dab48
2026-04-29 16:58:04.492 [DBG] [oshi.util.FileUtil] Reading file {}:[Ljava.lang.Object;@193ab8a6
2026-04-29 16:59:04.497 [DBG] [oshi.util.FileUtil] Reading file {}:[Ljava.lang.Object;@6b09c999
2026-04-29 16:59:04.498 [DBG] [oshi.util.FileUtil] Reading file {}:[Ljava.lang.Object;@2f300de2
2026-04-29 16:59:04.498 [DBG] [oshi.util.FileUtil] Reading file {}:[Ljava.lang.Object;@26bc32a2
2026-04-29 16:59:04.498 [DBG] [oshi.util.FileUtil] Reading file {}:[Ljava.lang.Object;@229d5bf5
2026-04-29 16:59:04.498 [DBG] [oshi.util.FileUtil] Reading file {}:[Ljava.lang.Object;@7fd1b3e
2026-04-29 16:59:04.498 [DBG] [oshi.util.FileUtil] Reading file {}:[Ljava.lang.Object;@288d593e
2026-04-29 17:00:04.505 [DBG] [oshi.util.FileUtil] Reading file {}:[Ljava.lang.Object;@42784cf1
2026-04-29 17:00:04.505 [DBG] [oshi.util.FileUtil] Reading file {}:[Ljava.lang.Object;@45a3274c
2026-04-29 17:00:04.505 [DBG] [oshi.util.FileUtil] Reading file {}:[Ljava.lang.Object;@4c800a58
2026-04-29 17:00:04.505 [DBG] [oshi.util.FileUtil] Reading file {}:[Ljava.lang.Object;@5ede3eb9
2026-04-29 17:00:04.506 [DBG] [oshi.util.FileUtil] Reading file {}:[Ljava.lang.Object;@5e41fe57
2026-04-29 17:00:04.506 [DBG] [oshi.util.FileUtil] Reading file {}:[Ljava.lang.Object;@2042b94
2026-04-29 17:01:04.511 [DBG] [oshi.util.FileUtil] Reading file {}:[Ljava.lang.Object;@7f38666b
2026-04-29 17:01:04.512 [DBG] [oshi.util.FileUtil] Reading file {}:[Ljava.lang.Object;@654b894c
2026-04-29 17:01:04.512 [DBG] [oshi.util.FileUtil] Reading file {}:[Ljava.lang.Object;@7bcfb842
2026-04-29 17:01:04.512 [DBG] [oshi.util.FileUtil] Reading file {}:[Ljava.lang.Object;@5ffe7b13
2026-04-29 17:01:04.512 [DBG] [oshi.util.FileUtil] Reading file {}:[Ljava.lang.Object;@634955b9
2026-04-29 17:01:04.512 [DBG] [oshi.util.FileUtil] Reading file {}:[Ljava.lang.Object;@5a71b175
2026-04-29 17:02:04.518 [DBG] [oshi.util.FileUtil] Reading file {}:[Ljava.lang.Object;@3e059192
2026-04-29 17:02:04.518 [DBG] [oshi.util.FileUtil] Reading file {}:[Ljava.lang.Object;@762e8dbf
2026-04-29 17:02:04.518 [DBG] [oshi.util.FileUtil] Reading file {}:[Ljava.lang.Object;@7d4a11fa
2026-04-29 17:02:04.518 [DBG] [oshi.util.FileUtil] Reading file {}:[Ljava.lang.Object;@75ec6123
2026-04-29 17:02:04.519 [DBG] [oshi.util.FileUtil] Reading file {}:[Ljava.lang.Object;@67f7f70d
2026-04-29 17:02:04.519 [DBG] [oshi.util.FileUtil] Reading file {}:[Ljava.lang.Object;@65b6cd39
2026-04-29 17:03:04.525 [DBG] [oshi.util.FileUtil] Reading file {}:[Ljava.lang.Object;@686a8802
2026-04-29 17:03:04.525 [DBG] [oshi.util.FileUtil] Reading file {}:[Ljava.lang.Object;@565978e8
2026-04-29 17:03:04.525 [DBG] [oshi.util.FileUtil] Reading file {}:[Ljava.lang.Object;@667d48
2026-04-29 17:03:04.525 [DBG] [oshi.util.FileUtil] Reading file {}:[Ljava.lang.Object;@29e18554
2026-04-29 17:03:04.525 [DBG] [oshi.util.FileUtil] Reading file {}:[Ljava.lang.Object;@157722f2
2026-04-29 17:03:04.525 [DBG] [oshi.util.FileUtil] Reading file {}:[Ljava.lang.Object;@874868c
2026-04-29 17:04:04.531 [DBG] [oshi.util.FileUtil] Reading file {}:[Ljava.lang.Object;@12cf1cc6
2026-04-29 17:04:04.531 [DBG] [oshi.util.FileUtil] Reading file {}:[Ljava.lang.Object;@30d3121d
2026-04-29 17:04:04.531 [DBG] [oshi.util.FileUtil] Reading file {}:[Ljava.lang.Object;@488aee60
2026-04-29 17:04:04.531 [DBG] [oshi.util.FileUtil] Reading file {}:[Ljava.lang.Object;@16f4178b
2026-04-29 17:04:04.531 [DBG] [oshi.util.FileUtil] Reading file {}:[Ljava.lang.Object;@7cb710bf
2026-04-29 17:04:04.531 [DBG] [oshi.util.FileUtil] Reading file {}:[Ljava.lang.Object;@54dca6ce
2026-04-29 17:05:04.537 [DBG] [oshi.util.FileUtil] Reading file {}:[Ljava.lang.Object;@58c0f36
2026-04-29 17:05:04.537 [DBG] [oshi.util.FileUtil] Reading file {}:[Ljava.lang.Object;@47a9ed9b
2026-04-29 17:05:04.537 [DBG] [oshi.util.FileUtil] Reading file {}:[Ljava.lang.Object;@732d84f3
2026-04-29 17:05:04.537 [DBG] [oshi.util.FileUtil] Reading file {}:[Ljava.lang.Object;@5fa76d92
2026-04-29 17:05:04.537 [DBG] [oshi.util.FileUtil] Reading file {}:[Ljava.lang.Object;@3ab72cef
2026-04-29 17:05:04.537 [DBG] [oshi.util.FileUtil] Reading file {}:[Ljava.lang.Object;@327acb17
2026-04-29 17:06:04.542 [DBG] [oshi.util.FileUtil] Reading file {}:[Ljava.lang.Object;@2b9b4b94
2026-04-29 17:06:04.542 [DBG] [oshi.util.FileUtil] Reading file {}:[Ljava.lang.Object;@4f638d28
2026-04-29 17:06:04.542 [DBG] [oshi.util.FileUtil] Reading file {}:[Ljava.lang.Object;@13771b66
2026-04-29 17:06:04.542 [DBG] [oshi.util.FileUtil] Reading file {}:[Ljava.lang.Object;@67452a4b
2026-04-29 17:06:04.543 [DBG] [oshi.util.FileUtil] Reading file {}:[Ljava.lang.Object;@16731adc
2026-04-29 17:06:04.543 [DBG] [oshi.util.FileUtil] Reading file {}:[Ljava.lang.Object;@452adff7
2026-04-29 17:07:04.547 [DBG] [oshi.util.FileUtil] Reading file {}:[Ljava.lang.Object;@296bb8d2
2026-04-29 17:07:04.548 [DBG] [oshi.util.FileUtil] Reading file {}:[Ljava.lang.Object;@10abf07a
2026-04-29 17:07:04.548 [DBG] [oshi.util.FileUtil] Reading file {}:[Ljava.lang.Object;@42c33fde
2026-04-29 17:07:04.548 [DBG] [oshi.util.FileUtil] Reading file {}:[Ljava.lang.Object;@28e7408f
2026-04-29 17:07:04.548 [DBG] [oshi.util.FileUtil] Reading file {}:[Ljava.lang.Object;@5cbec069
2026-04-29 17:07:04.548 [DBG] [oshi.util.FileUtil] Reading file {}:[Ljava.lang.Object;@1359d3a4
2026-04-29 17:08:04.554 [DBG] [oshi.util.FileUtil] Reading file {}:[Ljava.lang.Object;@5888b0e5
2026-04-29 17:08:04.554 [DBG] [oshi.util.FileUtil] Reading file {}:[Ljava.lang.Object;@48d732bc
2026-04-29 17:08:04.554 [DBG] [oshi.util.FileUtil] Reading file {}:[Ljava.lang.Object;@39e18145
2026-04-29 17:08:04.554 [DBG] [oshi.util.FileUtil] Reading file {}:[Ljava.lang.Object;@7329d118
2026-04-29 17:08:04.554 [DBG] [oshi.util.FileUtil] Reading file {}:[Ljava.lang.Object;@6e3b4800
2026-04-29 17:08:04.554 [DBG] [oshi.util.FileUtil] Reading file {}:[Ljava.lang.Object;@1f88d5a9
2026-04-29 17:09:04.560 [DBG] [oshi.util.FileUtil] Reading file {}:[Ljava.lang.Object;@1e39a11b
2026-04-29 17:09:04.560 [DBG] [oshi.util.FileUtil] Reading file {}:[Ljava.lang.Object;@3dbb2dec
2026-04-29 17:09:04.560 [DBG] [oshi.util.FileUtil] Reading file {}:[Ljava.lang.Object;@40be7a6e
2026-04-29 17:09:04.560 [DBG] [oshi.util.FileUtil] Reading file {}:[Ljava.lang.Object;@491ef1e8
2026-04-29 17:09:04.560 [DBG] [oshi.util.FileUtil] Reading file {}:[Ljava.lang.Object;@1a7cb0a9
2026-04-29 17:09:04.560 [DBG] [oshi.util.FileUtil] Reading file {}:[Ljava.lang.Object;@7e4c2a47
2026-04-29 17:10:04.567 [DBG] [oshi.util.FileUtil] Reading file {}:[Ljava.lang.Object;@70d669c7
2026-04-29 17:10:04.567 [DBG] [oshi.util.FileUtil] Reading file {}:[Ljava.lang.Object;@3839d5aa
2026-04-29 17:10:04.567 [DBG] [oshi.util.FileUtil] Reading file {}:[Ljava.lang.Object;@18d44335
2026-04-29 17:10:04.567 [DBG] [oshi.util.FileUtil] Reading file {}:[Ljava.lang.Object;@69d688af
2026-04-29 17:10:04.568 [DBG] [oshi.util.FileUtil] Reading file {}:[Ljava.lang.Object;@2a8d5c03
2026-04-29 17:10:04.568 [DBG] [oshi.util.FileUtil] Reading file {}:[Ljava.lang.Object;@5c6f487d
2026-04-29 17:11:04.573 [DBG] [oshi.util.FileUtil] Reading file {}:[Ljava.lang.Object;@7a9d06ad
2026-04-29 17:11:04.573 [DBG] [oshi.util.FileUtil] Reading file {}:[Ljava.lang.Object;@20b5536b
2026-04-29 17:11:04.573 [DBG] [oshi.util.FileUtil] Reading file {}:[Ljava.lang.Object;@608a4f7e
2026-04-29 17:11:04.573 [DBG] [oshi.util.FileUtil] Reading file {}:[Ljava.lang.Object;@297ea5e3
2026-04-29 17:11:04.574 [DBG] [oshi.util.FileUtil] Reading file {}:[Ljava.lang.Object;@3bc4760f
2026-04-29 17:11:04.574 [DBG] [oshi.util.FileUtil] Reading file {}:[Ljava.lang.Object;@31e04417
2026-04-29 17:12:04.579 [DBG] [oshi.util.FileUtil] Reading file {}:[Ljava.lang.Object;@1111f440
2026-04-29 17:12:04.579 [DBG] [oshi.util.FileUtil] Reading file {}:[Ljava.lang.Object;@1c9765e
2026-04-29 17:12:04.579 [DBG] [oshi.util.FileUtil] Reading file {}:[Ljava.lang.Object;@13cf878f
2026-04-29 17:12:04.579 [DBG] [oshi.util.FileUtil] Reading file {}:[Ljava.lang.Object;@661a54d1
2026-04-29 17:12:04.580 [DBG] [oshi.util.FileUtil] Reading file {}:[Ljava.lang.Object;@78b71fa6
2026-04-29 17:12:04.580 [DBG] [oshi.util.FileUtil] Reading file {}:[Ljava.lang.Object;@3286ed68
2026-04-29 17:13:04.585 [DBG] [oshi.util.FileUtil] Reading file {}:[Ljava.lang.Object;@314a4b57
2026-04-29 17:13:04.585 [DBG] [oshi.util.FileUtil] Reading file {}:[Ljava.lang.Object;@6369eb3a
2026-04-29 17:13:04.585 [DBG] [oshi.util.FileUtil] Reading file {}:[Ljava.lang.Object;@634fa357
2026-04-29 17:13:04.585 [DBG] [oshi.util.FileUtil] Reading file {}:[Ljava.lang.Object;@5df1cc45
2026-04-29 17:13:04.586 [DBG] [oshi.util.FileUtil] Reading file {}:[Ljava.lang.Object;@3e02345f
2026-04-29 17:13:04.586 [DBG] [oshi.util.FileUtil] Reading file {}:[Ljava.lang.Object;@121e389e
2026-04-29 17:14:04.591 [DBG] [oshi.util.FileUtil] Reading file {}:[Ljava.lang.Object;@5bdc02f5
2026-04-29 17:14:04.591 [DBG] [oshi.util.FileUtil] Reading file {}:[Ljava.lang.Object;@23b57965
2026-04-29 17:14:04.591 [DBG] [oshi.util.FileUtil] Reading file {}:[Ljava.lang.Object;@34a3978a
2026-04-29 17:14:04.591 [DBG] [oshi.util.FileUtil] Reading file {}:[Ljava.lang.Object;@46b8cc33
2026-04-29 17:14:04.592 [DBG] [oshi.util.FileUtil] Reading file {}:[Ljava.lang.Object;@7dc8a5bb
2026-04-29 17:14:04.592 [DBG] [oshi.util.FileUtil] Reading file {}:[Ljava.lang.Object;@753e9536
2026-04-29 17:15:04.597 [DBG] [oshi.util.FileUtil] Reading file {}:[Ljava.lang.Object;@255ac7a7
2026-04-29 17:15:04.597 [DBG] [oshi.util.FileUtil] Reading file {}:[Ljava.lang.Object;@4edf8aee
2026-04-29 17:15:04.597 [DBG] [oshi.util.FileUtil] Reading file {}:[Ljava.lang.Object;@1eda5e1e
2026-04-29 17:15:04.597 [DBG] [oshi.util.FileUtil] Reading file {}:[Ljava.lang.Object;@74491e13
2026-04-29 17:15:04.597 [DBG] [oshi.util.FileUtil] Reading file {}:[Ljava.lang.Object;@75d88c2
2026-04-29 17:15:04.597 [DBG] [oshi.util.FileUtil] Reading file {}:[Ljava.lang.Object;@3567fa3d
2026-04-29 17:16:04.602 [DBG] [oshi.util.FileUtil] Reading file {}:[Ljava.lang.Object;@43026e30
2026-04-29 17:16:04.602 [DBG] [oshi.util.FileUtil] Reading file {}:[Ljava.lang.Object;@1d8fc071
2026-04-29 17:16:04.602 [DBG] [oshi.util.FileUtil] Reading file {}:[Ljava.lang.Object;@6de01de9
2026-04-29 17:16:04.602 [DBG] [oshi.util.FileUtil] Reading file {}:[Ljava.lang.Object;@73a7044c
2026-04-29 17:16:04.603 [DBG] [oshi.util.FileUtil] Reading file {}:[Ljava.lang.Object;@238497e6
2026-04-29 17:16:04.603 [DBG] [oshi.util.FileUtil] Reading file {}:[Ljava.lang.Object;@40eb57af
2026-04-29 17:17:04.607 [DBG] [oshi.util.FileUtil] Reading file {}:[Ljava.lang.Object;@383e7685
2026-04-29 17:17:04.607 [DBG] [oshi.util.FileUtil] Reading file {}:[Ljava.lang.Object;@310ecf6d
2026-04-29 17:17:04.607 [DBG] [oshi.util.FileUtil] Reading file {}:[Ljava.lang.Object;@18835dc7
2026-04-29 17:17:04.607 [DBG] [oshi.util.FileUtil] Reading file {}:[Ljava.lang.Object;@38340e0b
2026-04-29 17:17:04.608 [DBG] [oshi.util.FileUtil] Reading file {}:[Ljava.lang.Object;@7375ddd6
2026-04-29 17:17:04.608 [DBG] [oshi.util.FileUtil] Reading file {}:[Ljava.lang.Object;@34471172
2026-04-29 17:18:04.614 [DBG] [oshi.util.FileUtil] Reading file {}:[Ljava.lang.Object;@31339f91
2026-04-29 17:18:04.614 [DBG] [oshi.util.FileUtil] Reading file {}:[Ljava.lang.Object;@950dbe3
2026-04-29 17:18:04.614 [DBG] [oshi.util.FileUtil] Reading file {}:[Ljava.lang.Object;@156779eb
2026-04-29 17:18:04.614 [DBG] [oshi.util.FileUtil] Reading file {}:[Ljava.lang.Object;@115aeb55
2026-04-29 17:18:04.614 [DBG] [oshi.util.FileUtil] Reading file {}:[Ljava.lang.Object;@3c3831f8
2026-04-29 17:18:04.614 [DBG] [oshi.util.FileUtil] Reading file {}:[Ljava.lang.Object;@33b86a5f
2026-04-29 17:19:04.619 [DBG] [oshi.util.FileUtil] Reading file {}:[Ljava.lang.Object;@bce7df0
2026-04-29 17:19:04.620 [DBG] [oshi.util.FileUtil] Reading file {}:[Ljava.lang.Object;@36ba3cab
2026-04-29 17:19:04.620 [DBG] [oshi.util.FileUtil] Reading file {}:[Ljava.lang.Object;@48f54085
2026-04-29 17:19:04.620 [DBG] [oshi.util.FileUtil] Reading file {}:[Ljava.lang.Object;@62d1e068
2026-04-29 17:19:04.620 [DBG] [oshi.util.FileUtil] Reading file {}:[Ljava.lang.Object;@1a88303f
2026-04-29 17:19:04.620 [DBG] [oshi.util.FileUtil] Reading file {}:[Ljava.lang.Object;@7db008a1
2026-04-29 17:20:04.625 [DBG] [oshi.util.FileUtil] Reading file {}:[Ljava.lang.Object;@51660a2d
2026-04-29 17:20:04.625 [DBG] [oshi.util.FileUtil] Reading file {}:[Ljava.lang.Object;@1dbee3b6
2026-04-29 17:20:04.626 [DBG] [oshi.util.FileUtil] Reading file {}:[Ljava.lang.Object;@6f39253f
2026-04-29 17:20:04.626 [DBG] [oshi.util.FileUtil] Reading file {}:[Ljava.lang.Object;@376df121
2026-04-29 17:20:04.626 [DBG] [oshi.util.FileUtil] Reading file {}:[Ljava.lang.Object;@56bbb283
2026-04-29 17:20:04.626 [DBG] [oshi.util.FileUtil] Reading file {}:[Ljava.lang.Object;@3cf248b1
2026-04-29 17:21:04.630 [DBG] [oshi.util.FileUtil] Reading file {}:[Ljava.lang.Object;@2e064ddd
2026-04-29 17:21:04.630 [DBG] [oshi.util.FileUtil] Reading file {}:[Ljava.lang.Object;@4582fd47
2026-04-29 17:21:04.630 [DBG] [oshi.util.FileUtil] Reading file {}:[Ljava.lang.Object;@21d8a2c
2026-04-29 17:21:04.630 [DBG] [oshi.util.FileUtil] Reading file {}:[Ljava.lang.Object;@4475dafc
2026-04-29 17:21:04.631 [DBG] [oshi.util.FileUtil] Reading file {}:[Ljava.lang.Object;@58810f0a
2026-04-29 17:21:04.631 [DBG] [oshi.util.FileUtil] Reading file {}:[Ljava.lang.Object;@a3ba998
2026-04-29 17:22:04.635 [DBG] [oshi.util.FileUtil] Reading file {}:[Ljava.lang.Object;@55f0d89d
2026-04-29 17:22:04.635 [DBG] [oshi.util.FileUtil] Reading file {}:[Ljava.lang.Object;@2dbe945e
2026-04-29 17:22:04.636 [DBG] [oshi.util.FileUtil] Reading file {}:[Ljava.lang.Object;@14eb866
2026-04-29 17:22:04.636 [DBG] [oshi.util.FileUtil] Reading file {}:[Ljava.lang.Object;@5e155a31
2026-04-29 17:22:04.636 [DBG] [oshi.util.FileUtil] Reading file {}:[Ljava.lang.Object;@df2555e
2026-04-29 17:22:04.636 [DBG] [oshi.util.FileUtil] Reading file {}:[Ljava.lang.Object;@54b73cda
2026-04-29 17:23:04.640 [DBG] [oshi.util.FileUtil] Reading file {}:[Ljava.lang.Object;@4dcf3bd0
2026-04-29 17:23:04.641 [DBG] [oshi.util.FileUtil] Reading file {}:[Ljava.lang.Object;@265c137a
2026-04-29 17:23:04.641 [DBG] [oshi.util.FileUtil] Reading file {}:[Ljava.lang.Object;@e4284c1
2026-04-29 17:23:04.641 [DBG] [oshi.util.FileUtil] Reading file {}:[Ljava.lang.Object;@20775ee6
2026-04-29 17:23:04.641 [DBG] [oshi.util.FileUtil] Reading file {}:[Ljava.lang.Object;@1452f083
2026-04-29 17:23:04.641 [DBG] [oshi.util.FileUtil] Reading file {}:[Ljava.lang.Object;@5253f6b0
2026-04-29 17:24:04.646 [DBG] [oshi.util.FileUtil] Reading file {}:[Ljava.lang.Object;@71e01005
2026-04-29 17:24:04.646 [DBG] [oshi.util.FileUtil] Reading file {}:[Ljava.lang.Object;@240eef45
2026-04-29 17:24:04.646 [DBG] [oshi.util.FileUtil] Reading file {}:[Ljava.lang.Object;@78893db
2026-04-29 17:24:04.647 [DBG] [oshi.util.FileUtil] Reading file {}:[Ljava.lang.Object;@7f64f89e
2026-04-29 17:24:04.647 [DBG] [oshi.util.FileUtil] Reading file {}:[Ljava.lang.Object;@e75af4f
2026-04-29 17:24:04.647 [DBG] [oshi.util.FileUtil] Reading file {}:[Ljava.lang.Object;@5dd21d03
2026-04-29 17:25:04.652 [DBG] [oshi.util.FileUtil] Reading file {}:[Ljava.lang.Object;@7c7b85cd
2026-04-29 17:25:04.652 [DBG] [oshi.util.FileUtil] Reading file {}:[Ljava.lang.Object;@1b0992d3
2026-04-29 17:25:04.653 [DBG] [oshi.util.FileUtil] Reading file {}:[Ljava.lang.Object;@7a2b3446
2026-04-29 17:25:04.653 [DBG] [oshi.util.FileUtil] Reading file {}:[Ljava.lang.Object;@4d2c2ba5
2026-04-29 17:25:04.653 [DBG] [oshi.util.FileUtil] Reading file {}:[Ljava.lang.Object;@6d598a20
2026-04-29 17:25:04.653 [DBG] [oshi.util.FileUtil] Reading file {}:[Ljava.lang.Object;@3a110252
2026-04-29 17:26:04.658 [DBG] [oshi.util.FileUtil] Reading file {}:[Ljava.lang.Object;@2a4512ec
2026-04-29 17:26:04.658 [DBG] [oshi.util.FileUtil] Reading file {}:[Ljava.lang.Object;@58be8768
2026-04-29 17:26:04.658 [DBG] [oshi.util.FileUtil] Reading file {}:[Ljava.lang.Object;@c2ad64b
2026-04-29 17:26:04.658 [DBG] [oshi.util.FileUtil] Reading file {}:[Ljava.lang.Object;@7e966500
2026-04-29 17:26:04.658 [DBG] [oshi.util.FileUtil] Reading file {}:[Ljava.lang.Object;@7c46ca4c
2026-04-29 17:26:04.658 [DBG] [oshi.util.FileUtil] Reading file {}:[Ljava.lang.Object;@50ef876b
2026-04-29 17:27:04.663 [DBG] [oshi.util.FileUtil] Reading file {}:[Ljava.lang.Object;@7654d984
2026-04-29 17:27:04.663 [DBG] [oshi.util.FileUtil] Reading file {}:[Ljava.lang.Object;@6184dd24
2026-04-29 17:27:04.663 [DBG] [oshi.util.FileUtil] Reading file {}:[Ljava.lang.Object;@327a4f60
2026-04-29 17:27:04.663 [DBG] [oshi.util.FileUtil] Reading file {}:[Ljava.lang.Object;@46c274b5
2026-04-29 17:27:04.663 [DBG] [oshi.util.FileUtil] Reading file {}:[Ljava.lang.Object;@168a1d10
2026-04-29 17:27:04.663 [DBG] [oshi.util.FileUtil] Reading file {}:[Ljava.lang.Object;@51209f18
2026-04-29 17:28:04.668 [DBG] [oshi.util.FileUtil] Reading file {}:[Ljava.lang.Object;@29c2710e
2026-04-29 17:28:04.668 [DBG] [oshi.util.FileUtil] Reading file {}:[Ljava.lang.Object;@676ef38d
2026-04-29 17:28:04.669 [DBG] [oshi.util.FileUtil] Reading file {}:[Ljava.lang.Object;@7a3cb3f5
2026-04-29 17:28:04.669 [DBG] [oshi.util.FileUtil] Reading file {}:[Ljava.lang.Object;@10c2331e
2026-04-29 17:28:04.669 [DBG] [oshi.util.FileUtil] Reading file {}:[Ljava.lang.Object;@2ab26a09
2026-04-29 17:28:04.669 [DBG] [oshi.util.FileUtil] Reading file {}:[Ljava.lang.Object;@3ad01649
2026-04-29 17:29:04.673 [DBG] [oshi.util.FileUtil] Reading file {}:[Ljava.lang.Object;@56ffbc89
2026-04-29 17:29:04.673 [DBG] [oshi.util.FileUtil] Reading file {}:[Ljava.lang.Object;@700bc260
2026-04-29 17:29:04.674 [DBG] [oshi.util.FileUtil] Reading file {}:[Ljava.lang.Object;@2ab32793
2026-04-29 17:29:04.674 [DBG] [oshi.util.FileUtil] Reading file {}:[Ljava.lang.Object;@1e68144e
2026-04-29 17:29:04.674 [DBG] [oshi.util.FileUtil] Reading file {}:[Ljava.lang.Object;@35d8f8fe
2026-04-29 17:29:04.674 [DBG] [oshi.util.FileUtil] Reading file {}:[Ljava.lang.Object;@1bee34e7
2026-04-29 17:30:04.679 [DBG] [oshi.util.FileUtil] Reading file {}:[Ljava.lang.Object;@54cb6630
2026-04-29 17:30:04.679 [DBG] [oshi.util.FileUtil] Reading file {}:[Ljava.lang.Object;@35e9bb2b
2026-04-29 17:30:04.679 [DBG] [oshi.util.FileUtil] Reading file {}:[Ljava.lang.Object;@6d843fd2
2026-04-29 17:30:04.679 [DBG] [oshi.util.FileUtil] Reading file {}:[Ljava.lang.Object;@2e7298ad
2026-04-29 17:30:04.679 [DBG] [oshi.util.FileUtil] Reading file {}:[Ljava.lang.Object;@218781b5
2026-04-29 17:30:04.680 [DBG] [oshi.util.FileUtil] Reading file {}:[Ljava.lang.Object;@594f564d
2026-04-29 17:30:19,559 [2297505] SEVERE - sun.awt.wl.WLToolkit - Wayland protocol I/O error
ERROR: Thread context was already set: InstalledThreadContext(snapshot=null, context=EmptyCoroutineContext). 
 Most likely, you are using 'runBlocking' instead of 'runBlockingCancellable' somewhere in the asynchronous stack. 
Also, if you have any kind of manual event queue draining/pumping/flushing/etc 
you have to wrap the loop with `resetThreadContext().use { // your queue draining code }`. 
See usages of resetThreadContext().
java.lang.Throwable: Thread context was already set: InstalledThreadContext(snapshot=null, context=EmptyCoroutineContext). 
 Most likely, you are using 'runBlocking' instead of 'runBlockingCancellable' somewhere in the asynchronous stack. 
Also, if you have any kind of manual event queue draining/pumping/flushing/etc 
you have to wrap the loop with `resetThreadContext().use { // your queue draining code }`. 
See usages of resetThreadContext().
	at com.intellij.concurrency.ThreadContext.installThreadContext$lambda$1(threadContext.kt:321)
	at com.intellij.concurrency.ThreadContext.withThreadLocal(threadContext.kt:409)
	at com.intellij.concurrency.ThreadContext.installThreadContext(threadContext.kt:317)
	at com.intellij.concurrency.ThreadContext.installThreadContext(threadContext.kt:304)
	at com.intellij.concurrency.ThreadContext.installThreadContext$default(threadContext.kt:303)
	at com.intellij.openapi.wm.impl.WindowCloseListener.windowClosing(ProjectFrameHelper.kt:671)
	at java.desktop/java.awt.AWTEventMulticaster.windowClosing(AWTEventMulticaster.java:359)
	at java.desktop/java.awt.AWTEventMulticaster.windowClosing(AWTEventMulticaster.java:359)
	at java.desktop/java.awt.AWTEventMulticaster.windowClosing(AWTEventMulticaster.java:359)
	at java.desktop/java.awt.Window.processWindowEvent(Window.java:2037)
	at java.desktop/javax.swing.JFrame.processWindowEvent(JFrame.java:298)
	at java.desktop/java.awt.Window.processEvent(Window.java:1996)
	at java.desktop/java.awt.Component.dispatchEventImpl(Component.java:5008)
	at java.desktop/java.awt.Container.dispatchEventImpl(Container.java:2318)
	at java.desktop/java.awt.Window.dispatchEventImpl(Window.java:2713)
	at java.desktop/java.awt.Component.dispatchEvent(Component.java:4836)
	at java.desktop/sun.awt.wl.WLToolkit.lambda$shutDownAfterServerError$1(WLToolkit.java:342)
	at java.base/java.util.Arrays$ArrayList.forEach(Arrays.java:4264)
	at java.desktop/sun.awt.wl.WLToolkit.lambda$shutDownAfterServerError$0(WLToolkit.java:342)
	at com.intellij.util.concurrency.ChildContext$runInChildContext$1.invoke(propagation.kt:192)
	at com.intellij.util.concurrency.ChildContext$runInChildContext$1.invoke(propagation.kt:192)
	at com.intellij.util.concurrency.ChildContext.runInChildContext(propagation.kt:198)
	at com.intellij.util.concurrency.ChildContext.runInChildContext(propagation.kt:192)
	at com.intellij.util.concurrency.ContextRunnable.lambda$run$0(ContextRunnable.java:26)
	at com.intellij.concurrency.ThreadContext.resetThreadContext(threadContext.kt:294)
	at com.intellij.util.concurrency.ContextRunnable.run(ContextRunnable.java:25)
	at java.desktop/java.awt.event.InvocationEvent.dispatch(InvocationEvent.java:323)
	at java.desktop/java.awt.EventQueue.dispatchEventImpl(EventQueue.java:732)
	at java.desktop/java.awt.EventQueue.dispatchEvent(EventQueue.java:711)
	at com.intellij.ide.IdeEventQueue.defaultDispatchEvent(IdeEventQueue.kt:720)
	at com.intellij.ide.IdeEventQueue._dispatchEvent(IdeEventQueue.kt:573)
	at com.intellij.ide.IdeEventQueue.dispatchEvent$lambda$0$0$0$0(IdeEventQueue.kt:381)
	at com.intellij.openapi.progress.impl.CoreProgressManager.computePrioritized(CoreProgressManager.java:928)
	at com.intellij.ide.IdeEventQueue.dispatchEvent$lambda$0$0$0(IdeEventQueue.kt:380)
	at com.intellij.ide.IdeEventQueueKt.performActivity$lambda$0(IdeEventQueue.kt:1110)
	at com.intellij.openapi.application.TransactionGuardImpl.performActivity(TransactionGuardImpl.java:106)
	at com.intellij.ide.IdeEventQueueKt.performActivity(IdeEventQueue.kt:1110)
	at com.intellij.ide.IdeEventQueue.dispatchEvent$lambda$0(IdeEventQueue.kt:375)
	at com.intellij.ide.IdeEventQueue.dispatchEvent(IdeEventQueue.kt:415)
	at java.desktop/java.awt.EventDispatchThread.pumpOneEventForFilters(EventDispatchThread.java:207)
	at java.desktop/java.awt.EventDispatchThread.pumpEventsForFilter(EventDispatchThread.java:128)
	at java.desktop/java.awt.EventDispatchThread.pumpEventsForHierarchy(EventDispatchThread.java:117)
	at java.desktop/java.awt.EventDispatchThread.pumpEvents(EventDispatchThread.java:113)
	at java.desktop/java.awt.EventDispatchThread.pumpEvents(EventDispatchThread.java:105)
	at java.desktop/java.awt.EventDispatchThread.run(EventDispatchThread.java:92)
	Suppressed: java.lang.Throwable: To enable stack trace recording set log category '#com.intellij.concurrency' to 'trace'
		at com.intellij.concurrency.ThreadContext.tracingHint(threadContext.kt:517)
		at com.intellij.concurrency.ThreadContext.installThreadContext$lambda$1(threadContext.kt:326)
		... 44 more
2026-04-29 17:30:19,566 [2297512] SEVERE - #c.i.i.p.PluginManager - Thread context was already set: InstalledThreadContext(snapshot=null, context=EmptyCoroutineContext). 
 Most likely, you are using 'runBlocking' instead of 'runBlockingCancellable' somewhere in the asynchronous stack. 
Also, if you have any kind of manual event queue draining/pumping/flushing/etc 
you have to wrap the loop with `resetThreadContext().use { // your queue draining code }`. 
See usages of resetThreadContext().
java.lang.AssertionError: Thread context was already set: InstalledThreadContext(snapshot=null, context=EmptyCoroutineContext). 
 Most likely, you are using 'runBlocking' instead of 'runBlockingCancellable' somewhere in the asynchronous stack. 
Also, if you have any kind of manual event queue draining/pumping/flushing/etc 
you have to wrap the loop with `resetThreadContext().use { // your queue draining code }`. 
See usages of resetThreadContext().
	at com.intellij.openapi.diagnostic.DefaultLogger.error(DefaultLogger.java:91)
	at com.intellij.openapi.diagnostic.Logger.error(Logger.java:439)
	at com.intellij.concurrency.ThreadContext.installThreadContext$lambda$1(threadContext.kt:321)
	at com.intellij.concurrency.ThreadContext.withThreadLocal(threadContext.kt:409)
	at com.intellij.concurrency.ThreadContext.installThreadContext(threadContext.kt:317)
	at com.intellij.concurrency.ThreadContext.installThreadContext(threadContext.kt:304)
	at com.intellij.concurrency.ThreadContext.installThreadContext$default(threadContext.kt:303)
	at com.intellij.openapi.wm.impl.WindowCloseListener.windowClosing(ProjectFrameHelper.kt:671)
	at java.desktop/java.awt.AWTEventMulticaster.windowClosing(AWTEventMulticaster.java:359)
	at java.desktop/java.awt.AWTEventMulticaster.windowClosing(AWTEventMulticaster.java:359)
	at java.desktop/java.awt.AWTEventMulticaster.windowClosing(AWTEventMulticaster.java:359)
	at java.desktop/java.awt.Window.processWindowEvent(Window.java:2037)
	at java.desktop/javax.swing.JFrame.processWindowEvent(JFrame.java:298)
	at java.desktop/java.awt.Window.processEvent(Window.java:1996)
	at java.desktop/java.awt.Component.dispatchEventImpl(Component.java:5008)
	at java.desktop/java.awt.Container.dispatchEventImpl(Container.java:2318)
	at java.desktop/java.awt.Window.dispatchEventImpl(Window.java:2713)
	at java.desktop/java.awt.Component.dispatchEvent(Component.java:4836)
	at java.desktop/sun.awt.wl.WLToolkit.lambda$shutDownAfterServerError$1(WLToolkit.java:342)
	at java.base/java.util.Arrays$ArrayList.forEach(Arrays.java:4264)
	at java.desktop/sun.awt.wl.WLToolkit.lambda$shutDownAfterServerError$0(WLToolkit.java:342)
	at com.intellij.util.concurrency.ChildContext$runInChildContext$1.invoke(propagation.kt:192)
	at com.intellij.util.concurrency.ChildContext$runInChildContext$1.invoke(propagation.kt:192)
	at com.intellij.util.concurrency.ChildContext.runInChildContext(propagation.kt:198)
	at com.intellij.util.concurrency.ChildContext.runInChildContext(propagation.kt:192)
	at com.intellij.util.concurrency.ContextRunnable.lambda$run$0(ContextRunnable.java:26)
	at com.intellij.concurrency.ThreadContext.resetThreadContext(threadContext.kt:294)
	at com.intellij.util.concurrency.ContextRunnable.run(ContextRunnable.java:25)
	at java.desktop/java.awt.event.InvocationEvent.dispatch(InvocationEvent.java:323)
	at java.desktop/java.awt.EventQueue.dispatchEventImpl(EventQueue.java:732)
	at java.desktop/java.awt.EventQueue.dispatchEvent(EventQueue.java:711)
	at com.intellij.ide.IdeEventQueue.defaultDispatchEvent(IdeEventQueue.kt:720)
	at com.intellij.ide.IdeEventQueue._dispatchEvent(IdeEventQueue.kt:573)
	at com.intellij.ide.IdeEventQueue.dispatchEvent$lambda$0$0$0$0(IdeEventQueue.kt:381)
	at com.intellij.openapi.progress.impl.CoreProgressManager.computePrioritized(CoreProgressManager.java:928)
	at com.intellij.ide.IdeEventQueue.dispatchEvent$lambda$0$0$0(IdeEventQueue.kt:380)
	at com.intellij.ide.IdeEventQueueKt.performActivity$lambda$0(IdeEventQueue.kt:1110)
	at com.intellij.openapi.application.TransactionGuardImpl.performActivity(TransactionGuardImpl.java:106)
	at com.intellij.ide.IdeEventQueueKt.performActivity(IdeEventQueue.kt:1110)
	at com.intellij.ide.IdeEventQueue.dispatchEvent$lambda$0(IdeEventQueue.kt:375)
	at com.intellij.ide.IdeEventQueue.dispatchEvent(IdeEventQueue.kt:415)
	at java.desktop/java.awt.EventDispatchThread.pumpOneEventForFilters(EventDispatchThread.java:207)
	at java.desktop/java.awt.EventDispatchThread.pumpEventsForFilter(EventDispatchThread.java:128)
	at java.desktop/java.awt.EventDispatchThread.pumpEventsForHierarchy(EventDispatchThread.java:117)
	at java.desktop/java.awt.EventDispatchThread.pumpEvents(EventDispatchThread.java:113)
	at java.desktop/java.awt.EventDispatchThread.pumpEvents(EventDispatchThread.java:105)
	at java.desktop/java.awt.EventDispatchThread.run(EventDispatchThread.java:92)
Caused by: java.lang.Throwable: Thread context was already set: InstalledThreadContext(snapshot=null, context=EmptyCoroutineContext). 
 Most likely, you are using 'runBlocking' instead of 'runBlockingCancellable' somewhere in the asynchronous stack. 
Also, if you have any kind of manual event queue draining/pumping/flushing/etc 
you have to wrap the loop with `resetThreadContext().use { // your queue draining code }`. 
See usages of resetThreadContext().
	... 45 more
	Suppressed: java.lang.Throwable: To enable stack trace recording set log category '#com.intellij.concurrency' to 'trace'
		at com.intellij.concurrency.ThreadContext.tracingHint(threadContext.kt:517)
		at com.intellij.concurrency.ThreadContext.installThreadContext$lambda$1(threadContext.kt:326)
		... 44 more
2026-04-29 17:30:19,569 [2297515] SEVERE - #c.i.i.p.PluginManager - IntelliJ IDEA 2026.1  Build #IU-261.22158.277
2026-04-29 17:30:19,569 [2297515] SEVERE - #c.i.i.p.PluginManager - JDK: 25.0.2; VM: OpenJDK 64-Bit Server VM; Vendor: JetBrains s.r.o.
2026-04-29 17:30:19,569 [2297515] SEVERE - #c.i.i.p.PluginManager - OS: Linux
2026-04-29 17:30:19,571 [2297517] SEVERE - #c.i.i.p.PluginManager - Last Action: EditorPaste
2026-04-29 17:30:19,575 [2297521] SEVERE - #c.i.o.a.i.ExceptionsKt - Unhandled exception in EDT
com.intellij.openapi.diagnostic.UnhandledException: Thread context was already set: InstalledThreadContext(snapshot=null, context=EmptyCoroutineContext). 
 Most likely, you are using 'runBlocking' instead of 'runBlockingCancellable' somewhere in the asynchronous stack. 
Also, if you have any kind of manual event queue draining/pumping/flushing/etc 
you have to wrap the loop with `resetThreadContext().use { // your queue draining code }`. 
See usages of resetThreadContext().
	at com.intellij.openapi.application.impl.ExceptionsKt.processUnhandledException(exceptions.kt:55)
	at com.intellij.platform.ide.bootstrap.StartupErrorReporter.processException(StartupErrorReporter.java:338)
	at com.intellij.ide.IdeEventQueue.processException(IdeEventQueue.kt:465)
	at com.intellij.ide.IdeEventQueue.defaultDispatchEvent(IdeEventQueue.kt:727)
	at com.intellij.ide.IdeEventQueue._dispatchEvent(IdeEventQueue.kt:573)
	at com.intellij.ide.IdeEventQueue.dispatchEvent$lambda$0$0$0$0(IdeEventQueue.kt:381)
	at com.intellij.openapi.progress.impl.CoreProgressManager.computePrioritized(CoreProgressManager.java:928)
	at com.intellij.ide.IdeEventQueue.dispatchEvent$lambda$0$0$0(IdeEventQueue.kt:380)
	at com.intellij.ide.IdeEventQueueKt.performActivity$lambda$0(IdeEventQueue.kt:1110)
	at com.intellij.openapi.application.TransactionGuardImpl.performActivity(TransactionGuardImpl.java:106)
	at com.intellij.ide.IdeEventQueueKt.performActivity(IdeEventQueue.kt:1110)
	at com.intellij.ide.IdeEventQueue.dispatchEvent$lambda$0(IdeEventQueue.kt:375)
	at com.intellij.ide.IdeEventQueue.dispatchEvent(IdeEventQueue.kt:415)
	at java.desktop/java.awt.EventDispatchThread.pumpOneEventForFilters(EventDispatchThread.java:207)
	at java.desktop/java.awt.EventDispatchThread.pumpEventsForFilter(EventDispatchThread.java:128)
	at java.desktop/java.awt.EventDispatchThread.pumpEventsForHierarchy(EventDispatchThread.java:117)
	at java.desktop/java.awt.EventDispatchThread.pumpEvents(EventDispatchThread.java:113)
	at java.desktop/java.awt.EventDispatchThread.pumpEvents(EventDispatchThread.java:105)
	at java.desktop/java.awt.EventDispatchThread.run(EventDispatchThread.java:92)
Caused by: java.lang.AssertionError: Thread context was already set: InstalledThreadContext(snapshot=null, context=EmptyCoroutineContext). 
 Most likely, you are using 'runBlocking' instead of 'runBlockingCancellable' somewhere in the asynchronous stack. 
Also, if you have any kind of manual event queue draining/pumping/flushing/etc 
you have to wrap the loop with `resetThreadContext().use { // your queue draining code }`. 
See usages of resetThreadContext().
	at com.intellij.openapi.diagnostic.DefaultLogger.error(DefaultLogger.java:91)
	at com.intellij.openapi.diagnostic.Logger.error(Logger.java:439)
	at com.intellij.concurrency.ThreadContext.installThreadContext$lambda$1(threadContext.kt:321)
	at com.intellij.concurrency.ThreadContext.withThreadLocal(threadContext.kt:409)
	at com.intellij.concurrency.ThreadContext.installThreadContext(threadContext.kt:317)
	at com.intellij.concurrency.ThreadContext.installThreadContext(threadContext.kt:304)
	at com.intellij.concurrency.ThreadContext.installThreadContext$default(threadContext.kt:303)
	at com.intellij.openapi.wm.impl.WindowCloseListener.windowClosing(ProjectFrameHelper.kt:671)
	at java.desktop/java.awt.AWTEventMulticaster.windowClosing(AWTEventMulticaster.java:359)
	at java.desktop/java.awt.AWTEventMulticaster.windowClosing(AWTEventMulticaster.java:359)
	at java.desktop/java.awt.AWTEventMulticaster.windowClosing(AWTEventMulticaster.java:359)
	at java.desktop/java.awt.Window.processWindowEvent(Window.java:2037)
	at java.desktop/javax.swing.JFrame.processWindowEvent(JFrame.java:298)
	at java.desktop/java.awt.Window.processEvent(Window.java:1996)
	at java.desktop/java.awt.Component.dispatchEventImpl(Component.java:5008)
	at java.desktop/java.awt.Container.dispatchEventImpl(Container.java:2318)
	at java.desktop/java.awt.Window.dispatchEventImpl(Window.java:2713)
	at java.desktop/java.awt.Component.dispatchEvent(Component.java:4836)
	at java.desktop/sun.awt.wl.WLToolkit.lambda$shutDownAfterServerError$1(WLToolkit.java:342)
	at java.base/java.util.Arrays$ArrayList.forEach(Arrays.java:4264)
	at java.desktop/sun.awt.wl.WLToolkit.lambda$shutDownAfterServerError$0(WLToolkit.java:342)
	at com.intellij.util.concurrency.ChildContext$runInChildContext$1.invoke(propagation.kt:192)
	at com.intellij.util.concurrency.ChildContext$runInChildContext$1.invoke(propagation.kt:192)
	at com.intellij.util.concurrency.ChildContext.runInChildContext(propagation.kt:198)
	at com.intellij.util.concurrency.ChildContext.runInChildContext(propagation.kt:192)
	at com.intellij.util.concurrency.ContextRunnable.lambda$run$0(ContextRunnable.java:26)
	at com.intellij.concurrency.ThreadContext.resetThreadContext(threadContext.kt:294)
	at com.intellij.util.concurrency.ContextRunnable.run(ContextRunnable.java:25)
	at java.desktop/java.awt.event.InvocationEvent.dispatch(InvocationEvent.java:323)
	at java.desktop/java.awt.EventQueue.dispatchEventImpl(EventQueue.java:732)
	at java.desktop/java.awt.EventQueue.dispatchEvent(EventQueue.java:711)
	at com.intellij.ide.IdeEventQueue.defaultDispatchEvent(IdeEventQueue.kt:720)
	... 15 more
Caused by: java.lang.Throwable: Thread context was already set: InstalledThreadContext(snapshot=null, context=EmptyCoroutineContext). 
 Most likely, you are using 'runBlocking' instead of 'runBlockingCancellable' somewhere in the asynchronous stack. 
Also, if you have any kind of manual event queue draining/pumping/flushing/etc 
you have to wrap the loop with `resetThreadContext().use { // your queue draining code }`. 
See usages of resetThreadContext().
	... 45 more
	Suppressed: java.lang.Throwable: To enable stack trace recording set log category '#com.intellij.concurrency' to 'trace'
		at com.intellij.concurrency.ThreadContext.tracingHint(threadContext.kt:517)
		at com.intellij.concurrency.ThreadContext.installThreadContext$lambda$1(threadContext.kt:326)
		... 44 more
2026-04-29 17:30:19,577 [2297523] SEVERE - #c.i.o.a.i.ExceptionsKt - IntelliJ IDEA 2026.1  Build #IU-261.22158.277
2026-04-29 17:30:19,577 [2297523] SEVERE - #c.i.o.a.i.ExceptionsKt - JDK: 25.0.2; VM: OpenJDK 64-Bit Server VM; Vendor: JetBrains s.r.o.
2026-04-29 17:30:19,577 [2297523] SEVERE - #c.i.o.a.i.ExceptionsKt - OS: Linux
2026-04-29 17:30:19,577 [2297523] SEVERE - #c.i.o.a.i.ExceptionsKt - Last Action: EditorPaste
2026-04-29 21:08:15,372 [    529]   WARN - #c.i.i.p.PluginManager - Problems found loading plugins:
  Plugin 'Refactor-X' (Refactor-X) has dependency on 'JetBrains Ultimate' which cannot be loaded
  Plugin 'Cron Expressions' (com.intellij.cron) has dependency on 'JetBrains Ultimate' which cannot be loaded
  Plugin 'Apache Velocity' (com.intellij.velocity) has dependency on 'JetBrains Ultimate' which cannot be loaded
  Plugin 'FTP/SFTP/WebDAV Connectivity' (com.jetbrains.plugins.webDeployment) has dependency on 'JetBrains Ultimate' which cannot be loaded
  Plugin 'SSH Remote Run' (org.jetbrains.plugins.remote-run) has dependency on 'JetBrains Ultimate' which cannot be loaded
  Plugin 'In-Editor Performance Hints' (com.intellij.LineProfiler) requires plugin with id=com.intellij.modules.ultimate to be enabled
  Plugin 'Spring Messaging' (com.intellij.spring.messaging) has dependency on 'JetBrains Ultimate' which cannot be loaded
  Plugin 'Spring Modulith' (com.intellij.spring.modulith) has dependency on 'JetBrains Ultimate' which cannot be loaded
  Plugin 'Spring Cloud' (com.intellij.spring.cloud) has dependency on 'JetBrains Ultimate' which cannot be loaded
  Plugin 'Spring Security' (com.intellij.spring.security) has dependency on 'JetBrains Ultimate' which cannot be loaded
  Plugin 'Spring Integration Patterns' (com.intellij.spring.integration) has dependency on 'JetBrains Ultimate' which cannot be loaded
  Plugin 'Jakarta EE: RESTful Web Services (JAX-RS)' (com.jetbrains.restWebServices) has dependency on 'JetBrains Ultimate' which cannot be loaded
  Plugin 'Jakarta EE: Messaging (JMS)' (com.intellij.javaee.extensions) has dependency on 'JetBrains Ultimate' which cannot be loaded
  Plugin 'Jakarta EE: Contexts and Dependency Injection (CDI)' (com.intellij.cdi) has dependency on 'JetBrains Ultimate' which cannot be loaded
  Plugin 'Jakarta EE: Bean Validation' (com.intellij.beanValidation) has dependency on 'JetBrains Ultimate' which cannot be loaded
  Plugin 'FreeMarker' (com.intellij.freemarker) has dependency on 'JetBrains Ultimate' which cannot be loaded
  Plugin 'AOP Pointcut Language' (com.intellij.aop) has dependency on 'JetBrains Ultimate' which cannot be loaded
  Plugin 'Remote Development Gateway' (com.jetbrains.gateway) has dependency on 'JetBrains Ultimate' which cannot be loaded
  Plugin 'JVM Persistence Frameworks' (com.intellij.persistence) has dependency on 'JetBrains Ultimate' which cannot be loaded
  Plugin 'Quarkus' (com.intellij.quarkus) has dependency on 'JetBrains Ultimate' which cannot be loaded
  Plugin 'Micronaut' (com.intellij.micronaut) has dependency on 'JetBrains Ultimate' which cannot be loaded
  Plugin 'Jakarta EE: Persistence (JPA)' (com.intellij.javaee.jpa) has dependency on 'JetBrains Ultimate' which cannot be loaded
  Plugin 'Spring Data' (com.intellij.spring.data) has dependency on 'JetBrains Ultimate' which cannot be loaded
  Plugin 'Reverse Engineering' (com.intellij.javaee.reverseEngineering) requires plugin with id=com.intellij.javaee.jpa to be enabled
  Plugin 'Jakarta EE: Data' (com.intellij.javaee.jakarta.data) has dependency on 'JetBrains Ultimate' which cannot be loaded
  Plugin 'Jakarta EE: Application Servers' (com.intellij.javaee.app.servers.integration) has dependency on 'JetBrains Ultimate' which cannot be loaded
  Plugin 'Tomcat and TomEE' (Tomcat) has dependency on 'JetBrains Ultimate' which cannot be loaded
  Plugin 'WildFly' (JBoss) has dependency on 'JetBrains Ultimate' which cannot be loaded
  Plugin 'Hibernate' (com.intellij.hibernate) has dependency on 'JetBrains Ultimate' which cannot be loaded
  Plugin 'Time Tracking' (com.intellij.tasks.timeTracking) has dependency on 'JetBrains Ultimate' which cannot be loaded
  Plugin 'Sass' (org.jetbrains.plugins.sass) has dependency on 'JetBrains Ultimate' which cannot be loaded
  Plugin 'Jakarta EE: Web/Servlets' (com.intellij.javaee.web) has dependency on 'JetBrains Ultimate' which cannot be loaded
  Plugin 'Jakarta EE: Server Pages (JSP)' (com.intellij.jsp) has dependency on 'JetBrains Ultimate' which cannot be loaded
  Plugin 'PostCSS' (org.intellij.plugins.postcss) has dependency on 'JetBrains Ultimate' which cannot be loaded
  Plugin 'Less' (org.jetbrains.plugins.less) has dependency on 'JetBrains Ultimate' which cannot be loaded
  Plugin 'JavaScript Debugger' (JavaScriptDebugger) has dependency on 'JetBrains Ultimate' which cannot be loaded
  Plugin 'Spring Web' (com.intellij.spring.mvc) has dependency on 'JetBrains Ultimate' which cannot be loaded
  Plugin 'Tailwind CSS' (com.intellij.tailwindcss) has dependency on 'JetBrains Ultimate' which cannot be loaded
  Plugin 'Styled Components & Styled JSX' (com.deadlock.scsyntax) has dependency on 'JetBrains Ultimate' which cannot be loaded
  Plugin 'Node.js' (NodeJS) requires plugin with id=JavaScriptDebugger to be enabled
  Plugin 'Node.js Remote Interpreter' (org.jetbrains.plugins.node-remote-interpreter) has dependency on 'JetBrains Ultimate' which cannot be loaded
  Plugin 'Next.js' (intellij.nextjs) has dependency on 'JetBrains Ultimate' which cannot be loaded
  Plugin 'Karma' (Karma) has dependency on 'JetBrains Ultimate' which cannot be loaded
  Plugin 'Kubernetes' (com.intellij.kubernetes) has dependency on 'JetBrains Ultimate' which cannot be loaded
  Plugin 'Dev Containers' (org.jetbrains.plugins.docker.gateway) has dependency on 'JetBrains Ultimate' which cannot be loaded
2026-04-29 21:08:15,438 [    595]   WARN - #c.i.p.instanceContainer - InstanceNotOverridableException: Override failed for com.intellij.openapi.project.impl.ProjectStoreFactory: com.intellij.configurationScript.providers.ConfigurationScriptProjectStoreFactory attempts to override com.intellij.configurationStore.PlatformLangProjectStoreFactory, but the existing implementation is not overriddable (not declared as 'open=true')
2026-04-29 21:08:15,445 [    602]   WARN - #c.i.p.instanceContainer - InstanceNotOverridableException: Override failed for com.intellij.modcommand.ModCommandExecutor: com.jetbrains.rdserver.ui.intentions.RemoteModCommandExecutor attempts to override com.intellij.lang.impl.modcommand.ModCommandExecutorImpl, but the existing implementation is not overriddable (not declared as 'open=true')
2026-04-29 21:08:15,704 [    861]   WARN - #c.i.o.v.n.p.FSRecords - Records storage [/home/neel/.cache/JetBrains/IntelliJIdea2026.1/caches/records.dat] was in use by process [OwnershipInfo{owner pid: 23760, acquired at: 1777461722920}] which is not exist now (wasn't closed properly/crashed?) -> re-acquiring forcibly
2026-04-29 21:08:15,707 [    864]   WARN - #c.i.o.v.n.p.m.c.VFSContentStorageOverMMappedFile - Content map[/home/neel/.cache/JetBrains/IntelliJIdea2026.1/caches/content.dat.hashToId] is empty (or dropped) while content storage is not: re-building map from the storage
WARNING: A terminally deprecated method in sun.misc.Unsafe has been called
WARNING: sun.misc.Unsafe::allocateMemory has been called by io.netty.util.internal.PlatformDependent0$2
WARNING: Please consider reporting this to the maintainers of class io.netty.util.internal.PlatformDependent0$2
WARNING: sun.misc.Unsafe::allocateMemory will be removed in a future release
SLF4J(E): A service provider failed to instantiate:
org.slf4j.spi.SLF4JServiceProvider: org.slf4j.jul.JULServiceProvider not a subtype
2026-04-29 21:08:15,838 [    995]   WARN - #c.i.o.v.n.p.PersistentFSLoader - [VFS load problem]: VFS wasn't safely shut down: records.wasClosedProperly is false
2026-04-29 21:08:15,840 [    997]   WARN - #c.i.s.c.i.StationSocketConnectionLoop - Discovery connection failed with NoSuchFileException (/run/user/1000/jb.station.sock)
2026-04-29 21:08:16,005 [   1162]   WARN - #c.i.i.u.UiThemePaletteCheckBoxScope - Theme Islands Darcula: Checkbox.Background.Default.Dark is deprecated for new UI themes, use Checkbox.Background.Default instead
2026-04-29 21:08:16,005 [   1162]   WARN - #c.i.i.u.UiThemePaletteCheckBoxScope - Theme Islands Darcula: Checkbox.Border.Default.Dark is deprecated for new UI themes, use Checkbox.Border.Default instead
2026-04-29 21:08:16,005 [   1162]   WARN - #c.i.i.u.UiThemePaletteCheckBoxScope - Theme Islands Darcula: Checkbox.Border.Selected.Dark is deprecated for new UI themes, use Checkbox.Border.Selected instead
2026-04-29 21:08:16,005 [   1162]   WARN - #c.i.i.u.UiThemePaletteCheckBoxScope - Theme Islands Darcula: Checkbox.Foreground.Selected.Dark is deprecated for new UI themes, use Checkbox.Foreground.Selected instead
2026-04-29 21:08:16,005 [   1162]   WARN - #c.i.i.u.UiThemePaletteCheckBoxScope - Theme Islands Darcula: Checkbox.Focus.Wide.Dark is deprecated for new UI themes, use Checkbox.Focus.Wide instead
2026-04-29 21:08:16,006 [   1163]   WARN - #c.i.i.u.UiThemePaletteCheckBoxScope - Theme Islands Darcula: color key Checkbox.Focus.Thin.Default.Dark is not supported and therefore ignored
2026-04-29 21:08:16,006 [   1163]   WARN - #c.i.i.u.UiThemePaletteCheckBoxScope - Theme Islands Darcula: color key Checkbox.Focus.Thin.Selected.Dark is not supported and therefore ignored
2026-04-29 21:08:16,006 [   1163]   WARN - #c.i.i.u.UiThemePaletteCheckBoxScope - Theme Islands Darcula: Checkbox.Background.Disabled.Dark is deprecated for new UI themes, use Checkbox.Background.Disabled instead
2026-04-29 21:08:16,006 [   1163]   WARN - #c.i.i.u.UiThemePaletteCheckBoxScope - Theme Islands Darcula: Checkbox.Background.Selected.Dark is deprecated for new UI themes, use Checkbox.Background.Selected instead
2026-04-29 21:08:16,006 [   1163]   WARN - #c.i.i.u.UiThemePaletteCheckBoxScope - Theme Islands Darcula: Checkbox.Border.Disabled.Dark is deprecated for new UI themes, use Checkbox.Border.Disabled instead
2026-04-29 21:08:16,006 [   1163]   WARN - #c.i.i.u.UiThemePaletteCheckBoxScope - Theme Islands Darcula: Checkbox.Foreground.Disabled.Dark is deprecated for new UI themes, use Checkbox.Foreground.Disabled instead
2026-04-29 21:08:16,638 [   1795]   WARN - #c.i.o.v.n.p.PersistentFSLoader - [VFS load problem]: NOT_CLOSED_PROPERLY recovered, no problems remain
2026-04-29 21:08:17.081 [DBG] [oshi.util.FileUtil] No {} file found from ClassLoader {}:[Ljava.lang.Object;@74529730
2026-04-29 21:08:17.091 [DBG] [oshi.util.FileUtil] Reading file {}:[Ljava.lang.Object;@21b29c18
2026-04-29 21:08:17.092 [DBG] [oshi.util.FileUtil] Reading file {}:[Ljava.lang.Object;@692e265b
2026-04-29 21:08:17.095 [DBG] [oshi.util.FileUtil] Reading file {}:[Ljava.lang.Object;@58cc9e4
2026-04-29 21:08:17.097 [DBG] [oshi.util.FileUtil] Reading file {}:[Ljava.lang.Object;@1c6c0d80
2026-04-29 21:08:17.097 [DBG] [oshi.software.os.linux.LinuxOperatingSystem] os-release: {}:[Ljava.lang.Object;@126f598e
2026-04-29 21:08:17.098 [DBG] [oshi.util.FileUtil] Reading file {}:[Ljava.lang.Object;@5cd29757
2026-04-29 21:08:17.101 [DBG] [oshi.util.FileUtil] Reading file {}:[Ljava.lang.Object;@f5fef5e
2026-04-29 21:08:17.101 [DBG] [oshi.util.FileUtil] Reading file {}:[Ljava.lang.Object;@7d7f6977
2026-04-29 21:08:17.102 [DBG] [oshi.util.FileUtil] Reading file {}:[Ljava.lang.Object;@248eb3ca
2026-04-29 21:08:17.102 [DBG] [oshi.util.FileUtil] Reading file {}:[Ljava.lang.Object;@427aacf6
2026-04-29 21:08:17.102 [DBG] [oshi.util.FileUtil] Reading file {}:[Ljava.lang.Object;@32af9ef8
2026-04-29 21:08:17.102 [DBG] [oshi.util.FileUtil] Reading file {}:[Ljava.lang.Object;@349d6d0b
2026-04-29 21:08:17.103 [DBG] [oshi.util.FileUtil] Reading file {}:[Ljava.lang.Object;@725695e0
2026-04-29 21:08:17.103 [DBG] [oshi.util.FileUtil] Reading file {}:[Ljava.lang.Object;@3cc09d0c
2026-04-29 21:08:21,917 [   7074]   WARN - #c.i.s.c.i.StationSocketConnectionLoop - RecentProjects connection failed with NoSuchFileException (/run/user/1000/jb.station.sock)
2026-04-29 21:08:22,013 [   7170]   WARN - #c.i.v.g.r.GitRepositoriesHolder - State of repository RepositoryId(projectId=ProjectId#4pdkcqb035bpot1i9ath, rootPath=/home/neel/PROJECTS/Teacher_Content_Portal/Teacher_Content_Portal) is not synchronized. Known repositories are: 
2026-04-29 21:09:17.110 [DBG] [oshi.util.FileUtil] Reading file {}:[Ljava.lang.Object;@68f133e9
2026-04-29 21:09:17.111 [DBG] [oshi.util.FileUtil] Reading file {}:[Ljava.lang.Object;@537832b9
2026-04-29 21:09:17.111 [DBG] [oshi.util.FileUtil] Reading file {}:[Ljava.lang.Object;@66ad8953
2026-04-29 21:09:17.111 [DBG] [oshi.util.FileUtil] Reading file {}:[Ljava.lang.Object;@fc44763
2026-04-29 21:09:17.111 [DBG] [oshi.util.FileUtil] Reading file {}:[Ljava.lang.Object;@6e4b5309
2026-04-29 21:09:17.112 [DBG] [oshi.util.FileUtil] Reading file {}:[Ljava.lang.Object;@7cb45983
2026-04-29 21:10:17.118 [DBG] [oshi.util.FileUtil] Reading file {}:[Ljava.lang.Object;@70606583
2026-04-29 21:10:17.118 [DBG] [oshi.util.FileUtil] Reading file {}:[Ljava.lang.Object;@35d37d08
2026-04-29 21:10:17.118 [DBG] [oshi.util.FileUtil] Reading file {}:[Ljava.lang.Object;@6d5f3de
2026-04-29 21:10:17.118 [DBG] [oshi.util.FileUtil] Reading file {}:[Ljava.lang.Object;@25e054f9
2026-04-29 21:10:17.119 [DBG] [oshi.util.FileUtil] Reading file {}:[Ljava.lang.Object;@565f71bb
2026-04-29 21:10:17.119 [DBG] [oshi.util.FileUtil] Reading file {}:[Ljava.lang.Object;@78ca7d45
2026-04-29 21:11:17.124 [DBG] [oshi.util.FileUtil] Reading file {}:[Ljava.lang.Object;@40fac613
2026-04-29 21:11:17.124 [DBG] [oshi.util.FileUtil] Reading file {}:[Ljava.lang.Object;@63853d63
2026-04-29 21:11:17.125 [DBG] [oshi.util.FileUtil] Reading file {}:[Ljava.lang.Object;@4105e130
2026-04-29 21:11:17.125 [DBG] [oshi.util.FileUtil] Reading file {}:[Ljava.lang.Object;@385f4c7f
2026-04-29 21:11:17.125 [DBG] [oshi.util.FileUtil] Reading file {}:[Ljava.lang.Object;@2e83df39
2026-04-29 21:11:17.125 [DBG] [oshi.util.FileUtil] Reading file {}:[Ljava.lang.Object;@64a791af
2026-04-29 21:12:17.131 [DBG] [oshi.util.FileUtil] Reading file {}:[Ljava.lang.Object;@1f7c707e
2026-04-29 21:12:17.132 [DBG] [oshi.util.FileUtil] Reading file {}:[Ljava.lang.Object;@3feafcb1
2026-04-29 21:12:17.132 [DBG] [oshi.util.FileUtil] Reading file {}:[Ljava.lang.Object;@442f70c0
2026-04-29 21:12:17.132 [DBG] [oshi.util.FileUtil] Reading file {}:[Ljava.lang.Object;@79b9225a
2026-04-29 21:12:17.132 [DBG] [oshi.util.FileUtil] Reading file {}:[Ljava.lang.Object;@5ba5293
2026-04-29 21:12:17.132 [DBG] [oshi.util.FileUtil] Reading file {}:[Ljava.lang.Object;@6d5d39e1
2026-04-29 21:13:17.139 [DBG] [oshi.util.FileUtil] Reading file {}:[Ljava.lang.Object;@5d98ea6c
2026-04-29 21:13:17.139 [DBG] [oshi.util.FileUtil] Reading file {}:[Ljava.lang.Object;@33b50a30
2026-04-29 21:13:17.140 [DBG] [oshi.util.FileUtil] Reading file {}:[Ljava.lang.Object;@34ac50d5
2026-04-29 21:13:17.140 [DBG] [oshi.util.FileUtil] Reading file {}:[Ljava.lang.Object;@28747c32
2026-04-29 21:13:17.140 [DBG] [oshi.util.FileUtil] Reading file {}:[Ljava.lang.Object;@322538da
2026-04-29 21:13:17.140 [DBG] [oshi.util.FileUtil] Reading file {}:[Ljava.lang.Object;@29da4024
2026-04-29 21:14:17.145 [DBG] [oshi.util.FileUtil] Reading file {}:[Ljava.lang.Object;@5157dd22
2026-04-29 21:14:17.146 [DBG] [oshi.util.FileUtil] Reading file {}:[Ljava.lang.Object;@67d7e573
2026-04-29 21:14:17.146 [DBG] [oshi.util.FileUtil] Reading file {}:[Ljava.lang.Object;@3d9a3160
2026-04-29 21:14:17.146 [DBG] [oshi.util.FileUtil] Reading file {}:[Ljava.lang.Object;@541a5f7f
2026-04-29 21:14:17.146 [DBG] [oshi.util.FileUtil] Reading file {}:[Ljava.lang.Object;@3b4b2613
2026-04-29 21:14:17.146 [DBG] [oshi.util.FileUtil] Reading file {}:[Ljava.lang.Object;@636fb074
2026-04-29 21:15:17.152 [DBG] [oshi.util.FileUtil] Reading file {}:[Ljava.lang.Object;@50fb6076
2026-04-29 21:15:17.152 [DBG] [oshi.util.FileUtil] Reading file {}:[Ljava.lang.Object;@1071844c
2026-04-29 21:15:17.153 [DBG] [oshi.util.FileUtil] Reading file {}:[Ljava.lang.Object;@589418a1
2026-04-29 21:15:17.153 [DBG] [oshi.util.FileUtil] Reading file {}:[Ljava.lang.Object;@2ec11402
2026-04-29 21:15:17.153 [DBG] [oshi.util.FileUtil] Reading file {}:[Ljava.lang.Object;@25b2397c
2026-04-29 21:15:17.153 [DBG] [oshi.util.FileUtil] Reading file {}:[Ljava.lang.Object;@39fd9a62
2026-04-29 21:16:17.158 [DBG] [oshi.util.FileUtil] Reading file {}:[Ljava.lang.Object;@19d39624
2026-04-29 21:16:17.158 [DBG] [oshi.util.FileUtil] Reading file {}:[Ljava.lang.Object;@2d29af13
2026-04-29 21:16:17.159 [DBG] [oshi.util.FileUtil] Reading file {}:[Ljava.lang.Object;@2ee2185a
2026-04-29 21:16:17.159 [DBG] [oshi.util.FileUtil] Reading file {}:[Ljava.lang.Object;@6d9c3717
2026-04-29 21:16:17.159 [DBG] [oshi.util.FileUtil] Reading file {}:[Ljava.lang.Object;@687bee36
2026-04-29 21:16:17.159 [DBG] [oshi.util.FileUtil] Reading file {}:[Ljava.lang.Object;@8ca951d
2026-04-29 21:16:56,493 [ 521650]   WARN - org.apache.velocity.deprecation - configuration key 'resource.loader' has been deprecated in favor of 'resource.loaders'
2026-04-29 21:16:56,494 [ 521651]   WARN - org.apache.velocity.deprecation - configuration key 'includes.resource.loader.class' has been deprecated in favor of 'resource.loader.includes.class'
2026-04-29 21:16:56,523 [ 521680]   WARN - org.apache.velocity.introspection - Cannot retrieve method getPropertyName from object of class java.lang.Class due to security restrictions.
2026-04-29 21:16:56,528 [ 521685]   WARN - org.apache.velocity.introspection - Cannot retrieve method sanitizeJavaIdentifier from object of class java.lang.Class due to security restrictions.
2026-04-29 21:16:56,529 [ 521686]   WARN - org.apache.velocity.introspection - Cannot retrieve method capitalizeWithJavaBeanConvention from object of class java.lang.Class due to security restrictions.
2026-04-29 21:16:56,580 [ 521737]   WARN - org.apache.velocity.introspection - Cannot retrieve method getPropertyName from object of class java.lang.Class due to security restrictions.
2026-04-29 21:16:56,581 [ 521738]   WARN - org.apache.velocity.introspection - Cannot retrieve method sanitizeJavaIdentifier from object of class java.lang.Class due to security restrictions.
2026-04-29 21:16:56,581 [ 521738]   WARN - org.apache.velocity.introspection - Cannot retrieve method capitalizeWithJavaBeanConvention from object of class java.lang.Class due to security restrictions.
2026-04-29 21:16:56,632 [ 521789]   WARN - org.apache.velocity.introspection - Cannot retrieve method getParamName from object of class java.lang.Class due to security restrictions.
2026-04-29 21:16:56,633 [ 521790]   WARN - org.apache.velocity.introspection - Cannot retrieve method getPropertyName from object of class java.lang.Class due to security restrictions.
2026-04-29 21:16:56,633 [ 521790]   WARN - org.apache.velocity.introspection - Cannot retrieve method sanitizeJavaIdentifier from object of class java.lang.Class due to security restrictions.
2026-04-29 21:16:56,633 [ 521790]   WARN - org.apache.velocity.introspection - Cannot retrieve method capitalizeWithJavaBeanConvention from object of class java.lang.Class due to security restrictions.
2026-04-29 21:16:56,648 [ 521805]   WARN - org.apache.velocity.introspection - Cannot retrieve method getPropertyName from object of class java.lang.Class due to security restrictions.
2026-04-29 21:16:56,648 [ 521805]   WARN - org.apache.velocity.introspection - Cannot retrieve method sanitizeJavaIdentifier from object of class java.lang.Class due to security restrictions.
2026-04-29 21:16:56,648 [ 521805]   WARN - org.apache.velocity.introspection - Cannot retrieve method capitalizeWithJavaBeanConvention from object of class java.lang.Class due to security restrictions.
2026-04-29 21:16:56,659 [ 521816]   WARN - org.apache.velocity.introspection - Cannot retrieve method getParamName from object of class java.lang.Class due to security restrictions.
2026-04-29 21:16:56,659 [ 521816]   WARN - org.apache.velocity.introspection - Cannot retrieve method getPropertyName from object of class java.lang.Class due to security restrictions.
2026-04-29 21:16:56,659 [ 521816]   WARN - org.apache.velocity.introspection - Cannot retrieve method sanitizeJavaIdentifier from object of class java.lang.Class due to security restrictions.
2026-04-29 21:16:56,659 [ 521816]   WARN - org.apache.velocity.introspection - Cannot retrieve method capitalizeWithJavaBeanConvention from object of class java.lang.Class due to security restrictions.
2026-04-29 21:16:56,670 [ 521827]   WARN - org.apache.velocity.introspection - Cannot retrieve method getPropertyName from object of class java.lang.Class due to security restrictions.
2026-04-29 21:16:56,670 [ 521827]   WARN - org.apache.velocity.introspection - Cannot retrieve method sanitizeJavaIdentifier from object of class java.lang.Class due to security restrictions.
2026-04-29 21:16:56,670 [ 521827]   WARN - org.apache.velocity.introspection - Cannot retrieve method capitalizeWithJavaBeanConvention from object of class java.lang.Class due to security restrictions.
2026-04-29 21:16:56,680 [ 521837]   WARN - org.apache.velocity.introspection - Cannot retrieve method getParamName from object of class java.lang.Class due to security restrictions.
2026-04-29 21:16:56,680 [ 521837]   WARN - org.apache.velocity.introspection - Cannot retrieve method getPropertyName from object of class java.lang.Class due to security restrictions.
2026-04-29 21:16:56,680 [ 521837]   WARN - org.apache.velocity.introspection - Cannot retrieve method sanitizeJavaIdentifier from object of class java.lang.Class due to security restrictions.
2026-04-29 21:16:56,680 [ 521837]   WARN - org.apache.velocity.introspection - Cannot retrieve method capitalizeWithJavaBeanConvention from object of class java.lang.Class due to security restrictions.
2026-04-29 21:16:56,694 [ 521851]   WARN - org.apache.velocity.introspection - Cannot retrieve method getPropertyName from object of class java.lang.Class due to security restrictions.
2026-04-29 21:16:56,694 [ 521851]   WARN - org.apache.velocity.introspection - Cannot retrieve method sanitizeJavaIdentifier from object of class java.lang.Class due to security restrictions.
2026-04-29 21:16:56,694 [ 521851]   WARN - org.apache.velocity.introspection - Cannot retrieve method capitalizeWithJavaBeanConvention from object of class java.lang.Class due to security restrictions.
2026-04-29 21:16:56,703 [ 521860]   WARN - org.apache.velocity.introspection - Cannot retrieve method getParamName from object of class java.lang.Class due to security restrictions.
2026-04-29 21:16:56,704 [ 521861]   WARN - org.apache.velocity.introspection - Cannot retrieve method getPropertyName from object of class java.lang.Class due to security restrictions.
2026-04-29 21:16:56,704 [ 521861]   WARN - org.apache.velocity.introspection - Cannot retrieve method sanitizeJavaIdentifier from object of class java.lang.Class due to security restrictions.
2026-04-29 21:16:56,704 [ 521861]   WARN - org.apache.velocity.introspection - Cannot retrieve method capitalizeWithJavaBeanConvention from object of class java.lang.Class due to security restrictions.
2026-04-29 21:16:56,715 [ 521872]   WARN - org.apache.velocity.introspection - Cannot retrieve method getPropertyName from object of class java.lang.Class due to security restrictions.
2026-04-29 21:16:56,716 [ 521873]   WARN - org.apache.velocity.introspection - Cannot retrieve method sanitizeJavaIdentifier from object of class java.lang.Class due to security restrictions.
2026-04-29 21:16:56,716 [ 521873]   WARN - org.apache.velocity.introspection - Cannot retrieve method capitalizeWithJavaBeanConvention from object of class java.lang.Class due to security restrictions.
2026-04-29 21:16:56,726 [ 521883]   WARN - org.apache.velocity.introspection - Cannot retrieve method getParamName from object of class java.lang.Class due to security restrictions.
2026-04-29 21:16:56,726 [ 521883]   WARN - org.apache.velocity.introspection - Cannot retrieve method getPropertyName from object of class java.lang.Class due to security restrictions.
2026-04-29 21:16:56,726 [ 521883]   WARN - org.apache.velocity.introspection - Cannot retrieve method sanitizeJavaIdentifier from object of class java.lang.Class due to security restrictions.
2026-04-29 21:16:56,726 [ 521883]   WARN - org.apache.velocity.introspection - Cannot retrieve method capitalizeWithJavaBeanConvention from object of class java.lang.Class due to security restrictions.
2026-04-29 21:16:56,737 [ 521894]   WARN - org.apache.velocity.introspection - Cannot retrieve method getPropertyName from object of class java.lang.Class due to security restrictions.
2026-04-29 21:16:56,738 [ 521895]   WARN - org.apache.velocity.introspection - Cannot retrieve method sanitizeJavaIdentifier from object of class java.lang.Class due to security restrictions.
2026-04-29 21:16:56,738 [ 521895]   WARN - org.apache.velocity.introspection - Cannot retrieve method capitalizeWithJavaBeanConvention from object of class java.lang.Class due to security restrictions.
2026-04-29 21:16:56,747 [ 521904]   WARN - org.apache.velocity.introspection - Cannot retrieve method getParamName from object of class java.lang.Class due to security restrictions.
2026-04-29 21:16:56,747 [ 521904]   WARN - org.apache.velocity.introspection - Cannot retrieve method getPropertyName from object of class java.lang.Class due to security restrictions.
2026-04-29 21:16:56,747 [ 521904]   WARN - org.apache.velocity.introspection - Cannot retrieve method sanitizeJavaIdentifier from object of class java.lang.Class due to security restrictions.
2026-04-29 21:16:56,747 [ 521904]   WARN - org.apache.velocity.introspection - Cannot retrieve method capitalizeWithJavaBeanConvention from object of class java.lang.Class due to security restrictions.
2026-04-29 21:16:57,019 [ 522176]   WARN - org.apache.velocity.introspection - Cannot retrieve method getPropertyName from object of class java.lang.Class due to security restrictions.
2026-04-29 21:16:57,020 [ 522177]   WARN - org.apache.velocity.introspection - Cannot retrieve method sanitizeJavaIdentifier from object of class java.lang.Class due to security restrictions.
2026-04-29 21:16:57,020 [ 522177]   WARN - org.apache.velocity.introspection - Cannot retrieve method capitalizeWithJavaBeanConvention from object of class java.lang.Class due to security restrictions.
2026-04-29 21:16:57,037 [ 522194]   WARN - org.apache.velocity.introspection - Cannot retrieve method getParamName from object of class java.lang.Class due to security restrictions.
2026-04-29 21:16:57,037 [ 522194]   WARN - org.apache.velocity.introspection - Cannot retrieve method getPropertyName from object of class java.lang.Class due to security restrictions.
2026-04-29 21:16:57,037 [ 522194]   WARN - org.apache.velocity.introspection - Cannot retrieve method sanitizeJavaIdentifier from object of class java.lang.Class due to security restrictions.
2026-04-29 21:16:57,037 [ 522194]   WARN - org.apache.velocity.introspection - Cannot retrieve method capitalizeWithJavaBeanConvention from object of class java.lang.Class due to security restrictions.
2026-04-29 21:16:57,049 [ 522206]   WARN - org.apache.velocity.introspection - Cannot retrieve method getPropertyName from object of class java.lang.Class due to security restrictions.
2026-04-29 21:16:57,049 [ 522206]   WARN - org.apache.velocity.introspection - Cannot retrieve method sanitizeJavaIdentifier from object of class java.lang.Class due to security restrictions.
2026-04-29 21:16:57,049 [ 522206]   WARN - org.apache.velocity.introspection - Cannot retrieve method capitalizeWithJavaBeanConvention from object of class java.lang.Class due to security restrictions.
2026-04-29 21:16:57,059 [ 522216]   WARN - org.apache.velocity.introspection - Cannot retrieve method getParamName from object of class java.lang.Class due to security restrictions.
2026-04-29 21:16:57,059 [ 522216]   WARN - org.apache.velocity.introspection - Cannot retrieve method getPropertyName from object of class java.lang.Class due to security restrictions.
2026-04-29 21:16:57,059 [ 522216]   WARN - org.apache.velocity.introspection - Cannot retrieve method sanitizeJavaIdentifier from object of class java.lang.Class due to security restrictions.
2026-04-29 21:16:57,059 [ 522216]   WARN - org.apache.velocity.introspection - Cannot retrieve method capitalizeWithJavaBeanConvention from object of class java.lang.Class due to security restrictions.
2026-04-29 21:16:57,068 [ 522225]   WARN - org.apache.velocity.introspection - Cannot retrieve method getPropertyName from object of class java.lang.Class due to security restrictions.
2026-04-29 21:16:57,068 [ 522225]   WARN - org.apache.velocity.introspection - Cannot retrieve method sanitizeJavaIdentifier from object of class java.lang.Class due to security restrictions.
2026-04-29 21:16:57,069 [ 522226]   WARN - org.apache.velocity.introspection - Cannot retrieve method capitalizeWithJavaBeanConvention from object of class java.lang.Class due to security restrictions.
2026-04-29 21:16:57,078 [ 522235]   WARN - org.apache.velocity.introspection - Cannot retrieve method getParamName from object of class java.lang.Class due to security restrictions.
2026-04-29 21:16:57,079 [ 522236]   WARN - org.apache.velocity.introspection - Cannot retrieve method getPropertyName from object of class java.lang.Class due to security restrictions.
2026-04-29 21:16:57,079 [ 522236]   WARN - org.apache.velocity.introspection - Cannot retrieve method sanitizeJavaIdentifier from object of class java.lang.Class due to security restrictions.
2026-04-29 21:16:57,079 [ 522236]   WARN - org.apache.velocity.introspection - Cannot retrieve method capitalizeWithJavaBeanConvention from object of class java.lang.Class due to security restrictions.
2026-04-29 21:16:57,092 [ 522249]   WARN - org.apache.velocity.introspection - Cannot retrieve method getPropertyName from object of class java.lang.Class due to security restrictions.
2026-04-29 21:16:57,092 [ 522249]   WARN - org.apache.velocity.introspection - Cannot retrieve method sanitizeJavaIdentifier from object of class java.lang.Class due to security restrictions.
2026-04-29 21:16:57,092 [ 522249]   WARN - org.apache.velocity.introspection - Cannot retrieve method capitalizeWithJavaBeanConvention from object of class java.lang.Class due to security restrictions.
2026-04-29 21:16:57,100 [ 522257]   WARN - org.apache.velocity.introspection - Cannot retrieve method getParamName from object of class java.lang.Class due to security restrictions.
2026-04-29 21:16:57,101 [ 522258]   WARN - org.apache.velocity.introspection - Cannot retrieve method getPropertyName from object of class java.lang.Class due to security restrictions.
2026-04-29 21:16:57,101 [ 522258]   WARN - org.apache.velocity.introspection - Cannot retrieve method sanitizeJavaIdentifier from object of class java.lang.Class due to security restrictions.
2026-04-29 21:16:57,101 [ 522258]   WARN - org.apache.velocity.introspection - Cannot retrieve method capitalizeWithJavaBeanConvention from object of class java.lang.Class due to security restrictions.
2026-04-29 21:16:57,110 [ 522267]   WARN - org.apache.velocity.introspection - Cannot retrieve method getPropertyName from object of class java.lang.Class due to security restrictions.
2026-04-29 21:16:57,110 [ 522267]   WARN - org.apache.velocity.introspection - Cannot retrieve method sanitizeJavaIdentifier from object of class java.lang.Class due to security restrictions.
2026-04-29 21:16:57,110 [ 522267]   WARN - org.apache.velocity.introspection - Cannot retrieve method capitalizeWithJavaBeanConvention from object of class java.lang.Class due to security restrictions.
2026-04-29 21:16:57,118 [ 522275]   WARN - org.apache.velocity.introspection - Cannot retrieve method getParamName from object of class java.lang.Class due to security restrictions.
2026-04-29 21:16:57,119 [ 522276]   WARN - org.apache.velocity.introspection - Cannot retrieve method getPropertyName from object of class java.lang.Class due to security restrictions.
2026-04-29 21:16:57,119 [ 522276]   WARN - org.apache.velocity.introspection - Cannot retrieve method sanitizeJavaIdentifier from object of class java.lang.Class due to security restrictions.
2026-04-29 21:16:57,119 [ 522276]   WARN - org.apache.velocity.introspection - Cannot retrieve method capitalizeWithJavaBeanConvention from object of class java.lang.Class due to security restrictions.
2026-04-29 21:16:57,128 [ 522285]   WARN - org.apache.velocity.introspection - Cannot retrieve method getPropertyName from object of class java.lang.Class due to security restrictions.
2026-04-29 21:16:57,128 [ 522285]   WARN - org.apache.velocity.introspection - Cannot retrieve method sanitizeJavaIdentifier from object of class java.lang.Class due to security restrictions.
2026-04-29 21:16:57,128 [ 522285]   WARN - org.apache.velocity.introspection - Cannot retrieve method capitalizeWithJavaBeanConvention from object of class java.lang.Class due to security restrictions.
2026-04-29 21:16:57,136 [ 522293]   WARN - org.apache.velocity.introspection - Cannot retrieve method getParamName from object of class java.lang.Class due to security restrictions.
2026-04-29 21:16:57,136 [ 522293]   WARN - org.apache.velocity.introspection - Cannot retrieve method getPropertyName from object of class java.lang.Class due to security restrictions.
2026-04-29 21:16:57,136 [ 522293]   WARN - org.apache.velocity.introspection - Cannot retrieve method sanitizeJavaIdentifier from object of class java.lang.Class due to security restrictions.
2026-04-29 21:16:57,136 [ 522293]   WARN - org.apache.velocity.introspection - Cannot retrieve method capitalizeWithJavaBeanConvention from object of class java.lang.Class due to security restrictions.
2026-04-29 21:16:57,254 [ 522411]   WARN - org.apache.velocity.introspection - Cannot retrieve method getPropertyName from object of class java.lang.Class due to security restrictions.
2026-04-29 21:16:57,255 [ 522412]   WARN - org.apache.velocity.introspection - Cannot retrieve method sanitizeJavaIdentifier from object of class java.lang.Class due to security restrictions.
2026-04-29 21:16:57,255 [ 522412]   WARN - org.apache.velocity.introspection - Cannot retrieve method capitalizeWithJavaBeanConvention from object of class java.lang.Class due to security restrictions.
2026-04-29 21:16:57,266 [ 522423]   WARN - org.apache.velocity.introspection - Cannot retrieve method getParamName from object of class java.lang.Class due to security restrictions.
2026-04-29 21:16:57,266 [ 522423]   WARN - org.apache.velocity.introspection - Cannot retrieve method getPropertyName from object of class java.lang.Class due to security restrictions.
2026-04-29 21:16:57,266 [ 522423]   WARN - org.apache.velocity.introspection - Cannot retrieve method sanitizeJavaIdentifier from object of class java.lang.Class due to security restrictions.
2026-04-29 21:16:57,266 [ 522423]   WARN - org.apache.velocity.introspection - Cannot retrieve method capitalizeWithJavaBeanConvention from object of class java.lang.Class due to security restrictions.
2026-04-29 21:16:57,276 [ 522433]   WARN - org.apache.velocity.introspection - Cannot retrieve method getPropertyName from object of class java.lang.Class due to security restrictions.
2026-04-29 21:16:57,276 [ 522433]   WARN - org.apache.velocity.introspection - Cannot retrieve method sanitizeJavaIdentifier from object of class java.lang.Class due to security restrictions.
2026-04-29 21:16:57,276 [ 522433]   WARN - org.apache.velocity.introspection - Cannot retrieve method capitalizeWithJavaBeanConvention from object of class java.lang.Class due to security restrictions.
2026-04-29 21:16:57,284 [ 522441]   WARN - org.apache.velocity.introspection - Cannot retrieve method getParamName from object of class java.lang.Class due to security restrictions.
2026-04-29 21:16:57,285 [ 522442]   WARN - org.apache.velocity.introspection - Cannot retrieve method getPropertyName from object of class java.lang.Class due to security restrictions.
2026-04-29 21:16:57,285 [ 522442]   WARN - org.apache.velocity.introspection - Cannot retrieve method sanitizeJavaIdentifier from object of class java.lang.Class due to security restrictions.
2026-04-29 21:16:57,285 [ 522442]   WARN - org.apache.velocity.introspection - Cannot retrieve method capitalizeWithJavaBeanConvention from object of class java.lang.Class due to security restrictions.
2026-04-29 21:16:57,292 [ 522449]   WARN - org.apache.velocity.introspection - Cannot retrieve method getPropertyName from object of class java.lang.Class due to security restrictions.
2026-04-29 21:16:57,293 [ 522450]   WARN - org.apache.velocity.introspection - Cannot retrieve method sanitizeJavaIdentifier from object of class java.lang.Class due to security restrictions.
2026-04-29 21:16:57,293 [ 522450]   WARN - org.apache.velocity.introspection - Cannot retrieve method capitalizeWithJavaBeanConvention from object of class java.lang.Class due to security restrictions.
2026-04-29 21:16:57,299 [ 522456]   WARN - org.apache.velocity.introspection - Cannot retrieve method getParamName from object of class java.lang.Class due to security restrictions.
2026-04-29 21:16:57,300 [ 522457]   WARN - org.apache.velocity.introspection - Cannot retrieve method getPropertyName from object of class java.lang.Class due to security restrictions.
2026-04-29 21:16:57,300 [ 522457]   WARN - org.apache.velocity.introspection - Cannot retrieve method sanitizeJavaIdentifier from object of class java.lang.Class due to security restrictions.
2026-04-29 21:16:57,300 [ 522457]   WARN - org.apache.velocity.introspection - Cannot retrieve method capitalizeWithJavaBeanConvention from object of class java.lang.Class due to security restrictions.
2026-04-29 21:16:57,310 [ 522467]   WARN - org.apache.velocity.introspection - Cannot retrieve method getPropertyName from object of class java.lang.Class due to security restrictions.
2026-04-29 21:16:57,310 [ 522467]   WARN - org.apache.velocity.introspection - Cannot retrieve method sanitizeJavaIdentifier from object of class java.lang.Class due to security restrictions.
2026-04-29 21:16:57,310 [ 522467]   WARN - org.apache.velocity.introspection - Cannot retrieve method capitalizeWithJavaBeanConvention from object of class java.lang.Class due to security restrictions.
2026-04-29 21:16:57,317 [ 522474]   WARN - org.apache.velocity.introspection - Cannot retrieve method getParamName from object of class java.lang.Class due to security restrictions.
2026-04-29 21:16:57,317 [ 522474]   WARN - org.apache.velocity.introspection - Cannot retrieve method getPropertyName from object of class java.lang.Class due to security restrictions.
2026-04-29 21:16:57,318 [ 522475]   WARN - org.apache.velocity.introspection - Cannot retrieve method sanitizeJavaIdentifier from object of class java.lang.Class due to security restrictions.
2026-04-29 21:16:57,318 [ 522475]   WARN - org.apache.velocity.introspection - Cannot retrieve method capitalizeWithJavaBeanConvention from object of class java.lang.Class due to security restrictions.
2026-04-29 21:16:57,328 [ 522485]   WARN - org.apache.velocity.introspection - Cannot retrieve method getPropertyName from object of class java.lang.Class due to security restrictions.
2026-04-29 21:16:57,328 [ 522485]   WARN - org.apache.velocity.introspection - Cannot retrieve method sanitizeJavaIdentifier from object of class java.lang.Class due to security restrictions.
2026-04-29 21:16:57,328 [ 522485]   WARN - org.apache.velocity.introspection - Cannot retrieve method capitalizeWithJavaBeanConvention from object of class java.lang.Class due to security restrictions.
2026-04-29 21:16:57,336 [ 522493]   WARN - org.apache.velocity.introspection - Cannot retrieve method getParamName from object of class java.lang.Class due to security restrictions.
2026-04-29 21:16:57,336 [ 522493]   WARN - org.apache.velocity.introspection - Cannot retrieve method getPropertyName from object of class java.lang.Class due to security restrictions.
2026-04-29 21:16:57,336 [ 522493]   WARN - org.apache.velocity.introspection - Cannot retrieve method sanitizeJavaIdentifier from object of class java.lang.Class due to security restrictions.
2026-04-29 21:16:57,336 [ 522493]   WARN - org.apache.velocity.introspection - Cannot retrieve method capitalizeWithJavaBeanConvention from object of class java.lang.Class due to security restrictions.
2026-04-29 21:16:57,344 [ 522501]   WARN - org.apache.velocity.introspection - Cannot retrieve method getPropertyName from object of class java.lang.Class due to security restrictions.
2026-04-29 21:16:57,344 [ 522501]   WARN - org.apache.velocity.introspection - Cannot retrieve method sanitizeJavaIdentifier from object of class java.lang.Class due to security restrictions.
2026-04-29 21:16:57,344 [ 522501]   WARN - org.apache.velocity.introspection - Cannot retrieve method capitalizeWithJavaBeanConvention from object of class java.lang.Class due to security restrictions.
2026-04-29 21:16:57,352 [ 522509]   WARN - org.apache.velocity.introspection - Cannot retrieve method getParamName from object of class java.lang.Class due to security restrictions.
2026-04-29 21:16:57,352 [ 522509]   WARN - org.apache.velocity.introspection - Cannot retrieve method getPropertyName from object of class java.lang.Class due to security restrictions.
2026-04-29 21:16:57,352 [ 522509]   WARN - org.apache.velocity.introspection - Cannot retrieve method sanitizeJavaIdentifier from object of class java.lang.Class due to security restrictions.
2026-04-29 21:16:57,352 [ 522509]   WARN - org.apache.velocity.introspection - Cannot retrieve method capitalizeWithJavaBeanConvention from object of class java.lang.Class due to security restrictions.
2026-04-29 21:16:57,601 [ 522758]   WARN - org.apache.velocity.introspection - Cannot retrieve method getPropertyName from object of class java.lang.Class due to security restrictions.
2026-04-29 21:16:57,602 [ 522759]   WARN - org.apache.velocity.introspection - Cannot retrieve method sanitizeJavaIdentifier from object of class java.lang.Class due to security restrictions.
2026-04-29 21:16:57,602 [ 522759]   WARN - org.apache.velocity.introspection - Cannot retrieve method capitalizeWithJavaBeanConvention from object of class java.lang.Class due to security restrictions.
2026-04-29 21:16:57,612 [ 522769]   WARN - org.apache.velocity.introspection - Cannot retrieve method getParamName from object of class java.lang.Class due to security restrictions.
2026-04-29 21:16:57,612 [ 522769]   WARN - org.apache.velocity.introspection - Cannot retrieve method getPropertyName from object of class java.lang.Class due to security restrictions.
2026-04-29 21:16:57,612 [ 522769]   WARN - org.apache.velocity.introspection - Cannot retrieve method sanitizeJavaIdentifier from object of class java.lang.Class due to security restrictions.
2026-04-29 21:16:57,612 [ 522769]   WARN - org.apache.velocity.introspection - Cannot retrieve method capitalizeWithJavaBeanConvention from object of class java.lang.Class due to security restrictions.
2026-04-29 21:16:57,621 [ 522778]   WARN - org.apache.velocity.introspection - Cannot retrieve method getPropertyName from object of class java.lang.Class due to security restrictions.
2026-04-29 21:16:57,621 [ 522778]   WARN - org.apache.velocity.introspection - Cannot retrieve method sanitizeJavaIdentifier from object of class java.lang.Class due to security restrictions.
2026-04-29 21:16:57,621 [ 522778]   WARN - org.apache.velocity.introspection - Cannot retrieve method capitalizeWithJavaBeanConvention from object of class java.lang.Class due to security restrictions.
2026-04-29 21:16:57,627 [ 522784]   WARN - org.apache.velocity.introspection - Cannot retrieve method getParamName from object of class java.lang.Class due to security restrictions.
2026-04-29 21:16:57,627 [ 522784]   WARN - org.apache.velocity.introspection - Cannot retrieve method getPropertyName from object of class java.lang.Class due to security restrictions.
2026-04-29 21:16:57,628 [ 522785]   WARN - org.apache.velocity.introspection - Cannot retrieve method sanitizeJavaIdentifier from object of class java.lang.Class due to security restrictions.
2026-04-29 21:16:57,628 [ 522785]   WARN - org.apache.velocity.introspection - Cannot retrieve method capitalizeWithJavaBeanConvention from object of class java.lang.Class due to security restrictions.
2026-04-29 21:16:57,636 [ 522793]   WARN - org.apache.velocity.introspection - Cannot retrieve method getPropertyName from object of class java.lang.Class due to security restrictions.
2026-04-29 21:16:57,636 [ 522793]   WARN - org.apache.velocity.introspection - Cannot retrieve method sanitizeJavaIdentifier from object of class java.lang.Class due to security restrictions.
2026-04-29 21:16:57,636 [ 522793]   WARN - org.apache.velocity.introspection - Cannot retrieve method capitalizeWithJavaBeanConvention from object of class java.lang.Class due to security restrictions.
2026-04-29 21:16:57,642 [ 522799]   WARN - org.apache.velocity.introspection - Cannot retrieve method getParamName from object of class java.lang.Class due to security restrictions.
2026-04-29 21:16:57,642 [ 522799]   WARN - org.apache.velocity.introspection - Cannot retrieve method getPropertyName from object of class java.lang.Class due to security restrictions.
2026-04-29 21:16:57,642 [ 522799]   WARN - org.apache.velocity.introspection - Cannot retrieve method sanitizeJavaIdentifier from object of class java.lang.Class due to security restrictions.
2026-04-29 21:16:57,642 [ 522799]   WARN - org.apache.velocity.introspection - Cannot retrieve method capitalizeWithJavaBeanConvention from object of class java.lang.Class due to security restrictions.
2026-04-29 21:16:57,652 [ 522809]   WARN - org.apache.velocity.introspection - Cannot retrieve method getPropertyName from object of class java.lang.Class due to security restrictions.
2026-04-29 21:16:57,652 [ 522809]   WARN - org.apache.velocity.introspection - Cannot retrieve method sanitizeJavaIdentifier from object of class java.lang.Class due to security restrictions.
2026-04-29 21:16:57,653 [ 522810]   WARN - org.apache.velocity.introspection - Cannot retrieve method capitalizeWithJavaBeanConvention from object of class java.lang.Class due to security restrictions.
2026-04-29 21:16:57,659 [ 522816]   WARN - org.apache.velocity.introspection - Cannot retrieve method getParamName from object of class java.lang.Class due to security restrictions.
2026-04-29 21:16:57,660 [ 522817]   WARN - org.apache.velocity.introspection - Cannot retrieve method getPropertyName from object of class java.lang.Class due to security restrictions.
2026-04-29 21:16:57,660 [ 522817]   WARN - org.apache.velocity.introspection - Cannot retrieve method sanitizeJavaIdentifier from object of class java.lang.Class due to security restrictions.
2026-04-29 21:16:57,660 [ 522817]   WARN - org.apache.velocity.introspection - Cannot retrieve method capitalizeWithJavaBeanConvention from object of class java.lang.Class due to security restrictions.
2026-04-29 21:16:57,670 [ 522827]   WARN - org.apache.velocity.introspection - Cannot retrieve method getPropertyName from object of class java.lang.Class due to security restrictions.
2026-04-29 21:16:57,670 [ 522827]   WARN - org.apache.velocity.introspection - Cannot retrieve method sanitizeJavaIdentifier from object of class java.lang.Class due to security restrictions.
2026-04-29 21:16:57,671 [ 522828]   WARN - org.apache.velocity.introspection - Cannot retrieve method capitalizeWithJavaBeanConvention from object of class java.lang.Class due to security restrictions.
2026-04-29 21:16:57,678 [ 522835]   WARN - org.apache.velocity.introspection - Cannot retrieve method getParamName from object of class java.lang.Class due to security restrictions.
2026-04-29 21:16:57,678 [ 522835]   WARN - org.apache.velocity.introspection - Cannot retrieve method getPropertyName from object of class java.lang.Class due to security restrictions.
2026-04-29 21:16:57,678 [ 522835]   WARN - org.apache.velocity.introspection - Cannot retrieve method sanitizeJavaIdentifier from object of class java.lang.Class due to security restrictions.
2026-04-29 21:16:57,678 [ 522835]   WARN - org.apache.velocity.introspection - Cannot retrieve method capitalizeWithJavaBeanConvention from object of class java.lang.Class due to security restrictions.
2026-04-29 21:16:57,687 [ 522844]   WARN - org.apache.velocity.introspection - Cannot retrieve method getPropertyName from object of class java.lang.Class due to security restrictions.
2026-04-29 21:16:57,687 [ 522844]   WARN - org.apache.velocity.introspection - Cannot retrieve method sanitizeJavaIdentifier from object of class java.lang.Class due to security restrictions.
2026-04-29 21:16:57,687 [ 522844]   WARN - org.apache.velocity.introspection - Cannot retrieve method capitalizeWithJavaBeanConvention from object of class java.lang.Class due to security restrictions.
2026-04-29 21:16:57,698 [ 522855]   WARN - org.apache.velocity.introspection - Cannot retrieve method getParamName from object of class java.lang.Class due to security restrictions.
2026-04-29 21:16:57,699 [ 522856]   WARN - org.apache.velocity.introspection - Cannot retrieve method getPropertyName from object of class java.lang.Class due to security restrictions.
2026-04-29 21:16:57,699 [ 522856]   WARN - org.apache.velocity.introspection - Cannot retrieve method sanitizeJavaIdentifier from object of class java.lang.Class due to security restrictions.
2026-04-29 21:16:57,699 [ 522856]   WARN - org.apache.velocity.introspection - Cannot retrieve method capitalizeWithJavaBeanConvention from object of class java.lang.Class due to security restrictions.
2026-04-29 21:17:04,889 [ 530046]   WARN - org.apache.velocity.introspection - Cannot retrieve method getPropertyName from object of class java.lang.Class due to security restrictions.
2026-04-29 21:17:04,889 [ 530046]   WARN - org.apache.velocity.introspection - Cannot retrieve method sanitizeJavaIdentifier from object of class java.lang.Class due to security restrictions.
2026-04-29 21:17:04,889 [ 530046]   WARN - org.apache.velocity.introspection - Cannot retrieve method capitalizeWithJavaBeanConvention from object of class java.lang.Class due to security restrictions.
2026-04-29 21:17:04,899 [ 530056]   WARN - org.apache.velocity.introspection - Cannot retrieve method getParamName from object of class java.lang.Class due to security restrictions.
2026-04-29 21:17:04,899 [ 530056]   WARN - org.apache.velocity.introspection - Cannot retrieve method getPropertyName from object of class java.lang.Class due to security restrictions.
2026-04-29 21:17:04,900 [ 530057]   WARN - org.apache.velocity.introspection - Cannot retrieve method sanitizeJavaIdentifier from object of class java.lang.Class due to security restrictions.
2026-04-29 21:17:04,900 [ 530057]   WARN - org.apache.velocity.introspection - Cannot retrieve method capitalizeWithJavaBeanConvention from object of class java.lang.Class due to security restrictions.
2026-04-29 21:17:04,909 [ 530066]   WARN - org.apache.velocity.introspection - Cannot retrieve method getPropertyName from object of class java.lang.Class due to security restrictions.
2026-04-29 21:17:04,909 [ 530066]   WARN - org.apache.velocity.introspection - Cannot retrieve method sanitizeJavaIdentifier from object of class java.lang.Class due to security restrictions.
2026-04-29 21:17:04,909 [ 530066]   WARN - org.apache.velocity.introspection - Cannot retrieve method capitalizeWithJavaBeanConvention from object of class java.lang.Class due to security restrictions.
2026-04-29 21:17:04,916 [ 530073]   WARN - org.apache.velocity.introspection - Cannot retrieve method getParamName from object of class java.lang.Class due to security restrictions.
2026-04-29 21:17:04,916 [ 530073]   WARN - org.apache.velocity.introspection - Cannot retrieve method getPropertyName from object of class java.lang.Class due to security restrictions.
2026-04-29 21:17:04,917 [ 530074]   WARN - org.apache.velocity.introspection - Cannot retrieve method sanitizeJavaIdentifier from object of class java.lang.Class due to security restrictions.
2026-04-29 21:17:04,917 [ 530074]   WARN - org.apache.velocity.introspection - Cannot retrieve method capitalizeWithJavaBeanConvention from object of class java.lang.Class due to security restrictions.
2026-04-29 21:17:04,925 [ 530082]   WARN - org.apache.velocity.introspection - Cannot retrieve method getPropertyName from object of class java.lang.Class due to security restrictions.
2026-04-29 21:17:04,925 [ 530082]   WARN - org.apache.velocity.introspection - Cannot retrieve method sanitizeJavaIdentifier from object of class java.lang.Class due to security restrictions.
2026-04-29 21:17:04,925 [ 530082]   WARN - org.apache.velocity.introspection - Cannot retrieve method capitalizeWithJavaBeanConvention from object of class java.lang.Class due to security restrictions.
2026-04-29 21:17:04,935 [ 530092]   WARN - org.apache.velocity.introspection - Cannot retrieve method getParamName from object of class java.lang.Class due to security restrictions.
2026-04-29 21:17:04,936 [ 530093]   WARN - org.apache.velocity.introspection - Cannot retrieve method getPropertyName from object of class java.lang.Class due to security restrictions.
2026-04-29 21:17:04,936 [ 530093]   WARN - org.apache.velocity.introspection - Cannot retrieve method sanitizeJavaIdentifier from object of class java.lang.Class due to security restrictions.
2026-04-29 21:17:04,936 [ 530093]   WARN - org.apache.velocity.introspection - Cannot retrieve method capitalizeWithJavaBeanConvention from object of class java.lang.Class due to security restrictions.
2026-04-29 21:17:04,948 [ 530105]   WARN - org.apache.velocity.introspection - Cannot retrieve method getPropertyName from object of class java.lang.Class due to security restrictions.
2026-04-29 21:17:04,948 [ 530105]   WARN - org.apache.velocity.introspection - Cannot retrieve method sanitizeJavaIdentifier from object of class java.lang.Class due to security restrictions.
2026-04-29 21:17:04,948 [ 530105]   WARN - org.apache.velocity.introspection - Cannot retrieve method capitalizeWithJavaBeanConvention from object of class java.lang.Class due to security restrictions.
2026-04-29 21:17:04,956 [ 530113]   WARN - org.apache.velocity.introspection - Cannot retrieve method getParamName from object of class java.lang.Class due to security restrictions.
2026-04-29 21:17:04,956 [ 530113]   WARN - org.apache.velocity.introspection - Cannot retrieve method getPropertyName from object of class java.lang.Class due to security restrictions.
2026-04-29 21:17:04,957 [ 530114]   WARN - org.apache.velocity.introspection - Cannot retrieve method sanitizeJavaIdentifier from object of class java.lang.Class due to security restrictions.
2026-04-29 21:17:04,957 [ 530114]   WARN - org.apache.velocity.introspection - Cannot retrieve method capitalizeWithJavaBeanConvention from object of class java.lang.Class due to security restrictions.
2026-04-29 21:17:04,966 [ 530123]   WARN - org.apache.velocity.introspection - Cannot retrieve method getPropertyName from object of class java.lang.Class due to security restrictions.
2026-04-29 21:17:04,966 [ 530123]   WARN - org.apache.velocity.introspection - Cannot retrieve method sanitizeJavaIdentifier from object of class java.lang.Class due to security restrictions.
2026-04-29 21:17:04,966 [ 530123]   WARN - org.apache.velocity.introspection - Cannot retrieve method capitalizeWithJavaBeanConvention from object of class java.lang.Class due to security restrictions.
2026-04-29 21:17:04,973 [ 530130]   WARN - org.apache.velocity.introspection - Cannot retrieve method getParamName from object of class java.lang.Class due to security restrictions.
2026-04-29 21:17:04,973 [ 530130]   WARN - org.apache.velocity.introspection - Cannot retrieve method getPropertyName from object of class java.lang.Class due to security restrictions.
2026-04-29 21:17:04,973 [ 530130]   WARN - org.apache.velocity.introspection - Cannot retrieve method sanitizeJavaIdentifier from object of class java.lang.Class due to security restrictions.
2026-04-29 21:17:04,973 [ 530130]   WARN - org.apache.velocity.introspection - Cannot retrieve method capitalizeWithJavaBeanConvention from object of class java.lang.Class due to security restrictions.
2026-04-29 21:17:04,981 [ 530138]   WARN - org.apache.velocity.introspection - Cannot retrieve method getPropertyName from object of class java.lang.Class due to security restrictions.
2026-04-29 21:17:04,981 [ 530138]   WARN - org.apache.velocity.introspection - Cannot retrieve method sanitizeJavaIdentifier from object of class java.lang.Class due to security restrictions.
2026-04-29 21:17:04,981 [ 530138]   WARN - org.apache.velocity.introspection - Cannot retrieve method capitalizeWithJavaBeanConvention from object of class java.lang.Class due to security restrictions.
2026-04-29 21:17:04,987 [ 530144]   WARN - org.apache.velocity.introspection - Cannot retrieve method getParamName from object of class java.lang.Class due to security restrictions.
2026-04-29 21:17:04,988 [ 530145]   WARN - org.apache.velocity.introspection - Cannot retrieve method getPropertyName from object of class java.lang.Class due to security restrictions.
2026-04-29 21:17:04,988 [ 530145]   WARN - org.apache.velocity.introspection - Cannot retrieve method sanitizeJavaIdentifier from object of class java.lang.Class due to security restrictions.
2026-04-29 21:17:04,988 [ 530145]   WARN - org.apache.velocity.introspection - Cannot retrieve method capitalizeWithJavaBeanConvention from object of class java.lang.Class due to security restrictions.
2026-04-29 21:17:09,945 [ 535102]   WARN - org.apache.velocity.introspection - Cannot retrieve method getPropertyName from object of class java.lang.Class due to security restrictions.
2026-04-29 21:17:09,945 [ 535102]   WARN - org.apache.velocity.introspection - Cannot retrieve method sanitizeJavaIdentifier from object of class java.lang.Class due to security restrictions.
2026-04-29 21:17:09,945 [ 535102]   WARN - org.apache.velocity.introspection - Cannot retrieve method capitalizeWithJavaBeanConvention from object of class java.lang.Class due to security restrictions.
2026-04-29 21:17:09,968 [ 535125]   WARN - org.apache.velocity.introspection - Cannot retrieve method getParamName from object of class java.lang.Class due to security restrictions.
2026-04-29 21:17:09,968 [ 535125]   WARN - org.apache.velocity.introspection - Cannot retrieve method getPropertyName from object of class java.lang.Class due to security restrictions.
2026-04-29 21:17:09,968 [ 535125]   WARN - org.apache.velocity.introspection - Cannot retrieve method sanitizeJavaIdentifier from object of class java.lang.Class due to security restrictions.
2026-04-29 21:17:09,968 [ 535125]   WARN - org.apache.velocity.introspection - Cannot retrieve method capitalizeWithJavaBeanConvention from object of class java.lang.Class due to security restrictions.
2026-04-29 21:17:09,978 [ 535135]   WARN - org.apache.velocity.introspection - Cannot retrieve method getPropertyName from object of class java.lang.Class due to security restrictions.
2026-04-29 21:17:09,979 [ 535136]   WARN - org.apache.velocity.introspection - Cannot retrieve method sanitizeJavaIdentifier from object of class java.lang.Class due to security restrictions.
2026-04-29 21:17:09,979 [ 535136]   WARN - org.apache.velocity.introspection - Cannot retrieve method capitalizeWithJavaBeanConvention from object of class java.lang.Class due to security restrictions.
2026-04-29 21:17:09,987 [ 535144]   WARN - org.apache.velocity.introspection - Cannot retrieve method getParamName from object of class java.lang.Class due to security restrictions.
2026-04-29 21:17:09,987 [ 535144]   WARN - org.apache.velocity.introspection - Cannot retrieve method getPropertyName from object of class java.lang.Class due to security restrictions.
2026-04-29 21:17:09,987 [ 535144]   WARN - org.apache.velocity.introspection - Cannot retrieve method sanitizeJavaIdentifier from object of class java.lang.Class due to security restrictions.
2026-04-29 21:17:09,987 [ 535144]   WARN - org.apache.velocity.introspection - Cannot retrieve method capitalizeWithJavaBeanConvention from object of class java.lang.Class due to security restrictions.
2026-04-29 21:17:09,998 [ 535155]   WARN - org.apache.velocity.introspection - Cannot retrieve method getPropertyName from object of class java.lang.Class due to security restrictions.
2026-04-29 21:17:09,998 [ 535155]   WARN - org.apache.velocity.introspection - Cannot retrieve method sanitizeJavaIdentifier from object of class java.lang.Class due to security restrictions.
2026-04-29 21:17:09,999 [ 535156]   WARN - org.apache.velocity.introspection - Cannot retrieve method capitalizeWithJavaBeanConvention from object of class java.lang.Class due to security restrictions.
2026-04-29 21:17:10,009 [ 535166]   WARN - org.apache.velocity.introspection - Cannot retrieve method getParamName from object of class java.lang.Class due to security restrictions.
2026-04-29 21:17:10,010 [ 535167]   WARN - org.apache.velocity.introspection - Cannot retrieve method getPropertyName from object of class java.lang.Class due to security restrictions.
2026-04-29 21:17:10,010 [ 535167]   WARN - org.apache.velocity.introspection - Cannot retrieve method sanitizeJavaIdentifier from object of class java.lang.Class due to security restrictions.
2026-04-29 21:17:10,010 [ 535167]   WARN - org.apache.velocity.introspection - Cannot retrieve method capitalizeWithJavaBeanConvention from object of class java.lang.Class due to security restrictions.
2026-04-29 21:17:10,025 [ 535182]   WARN - org.apache.velocity.introspection - Cannot retrieve method getPropertyName from object of class java.lang.Class due to security restrictions.
2026-04-29 21:17:10,025 [ 535182]   WARN - org.apache.velocity.introspection - Cannot retrieve method sanitizeJavaIdentifier from object of class java.lang.Class due to security restrictions.
2026-04-29 21:17:10,026 [ 535183]   WARN - org.apache.velocity.introspection - Cannot retrieve method capitalizeWithJavaBeanConvention from object of class java.lang.Class due to security restrictions.
2026-04-29 21:17:10,034 [ 535191]   WARN - org.apache.velocity.introspection - Cannot retrieve method getParamName from object of class java.lang.Class due to security restrictions.
2026-04-29 21:17:10,034 [ 535191]   WARN - org.apache.velocity.introspection - Cannot retrieve method getPropertyName from object of class java.lang.Class due to security restrictions.
2026-04-29 21:17:10,034 [ 535191]   WARN - org.apache.velocity.introspection - Cannot retrieve method sanitizeJavaIdentifier from object of class java.lang.Class due to security restrictions.
2026-04-29 21:17:10,034 [ 535191]   WARN - org.apache.velocity.introspection - Cannot retrieve method capitalizeWithJavaBeanConvention from object of class java.lang.Class due to security restrictions.
2026-04-29 21:17:10,044 [ 535201]   WARN - org.apache.velocity.introspection - Cannot retrieve method getPropertyName from object of class java.lang.Class due to security restrictions.
2026-04-29 21:17:10,045 [ 535202]   WARN - org.apache.velocity.introspection - Cannot retrieve method sanitizeJavaIdentifier from object of class java.lang.Class due to security restrictions.
2026-04-29 21:17:10,045 [ 535202]   WARN - org.apache.velocity.introspection - Cannot retrieve method capitalizeWithJavaBeanConvention from object of class java.lang.Class due to security restrictions.
2026-04-29 21:17:10,053 [ 535210]   WARN - org.apache.velocity.introspection - Cannot retrieve method getParamName from object of class java.lang.Class due to security restrictions.
2026-04-29 21:17:10,053 [ 535210]   WARN - org.apache.velocity.introspection - Cannot retrieve method getPropertyName from object of class java.lang.Class due to security restrictions.
2026-04-29 21:17:10,053 [ 535210]   WARN - org.apache.velocity.introspection - Cannot retrieve method sanitizeJavaIdentifier from object of class java.lang.Class due to security restrictions.
2026-04-29 21:17:10,053 [ 535210]   WARN - org.apache.velocity.introspection - Cannot retrieve method capitalizeWithJavaBeanConvention from object of class java.lang.Class due to security restrictions.
2026-04-29 21:17:10,060 [ 535217]   WARN - org.apache.velocity.introspection - Cannot retrieve method getPropertyName from object of class java.lang.Class due to security restrictions.
2026-04-29 21:17:10,060 [ 535217]   WARN - org.apache.velocity.introspection - Cannot retrieve method sanitizeJavaIdentifier from object of class java.lang.Class due to security restrictions.
2026-04-29 21:17:10,060 [ 535217]   WARN - org.apache.velocity.introspection - Cannot retrieve method capitalizeWithJavaBeanConvention from object of class java.lang.Class due to security restrictions.
2026-04-29 21:17:10,067 [ 535224]   WARN - org.apache.velocity.introspection - Cannot retrieve method getParamName from object of class java.lang.Class due to security restrictions.
2026-04-29 21:17:10,068 [ 535225]   WARN - org.apache.velocity.introspection - Cannot retrieve method getPropertyName from object of class java.lang.Class due to security restrictions.
2026-04-29 21:17:10,068 [ 535225]   WARN - org.apache.velocity.introspection - Cannot retrieve method sanitizeJavaIdentifier from object of class java.lang.Class due to security restrictions.
2026-04-29 21:17:10,068 [ 535225]   WARN - org.apache.velocity.introspection - Cannot retrieve method capitalizeWithJavaBeanConvention from object of class java.lang.Class due to security restrictions.
2026-04-29 21:17:12,700 [ 537857]   WARN - org.apache.velocity.introspection - Cannot retrieve method getPropertyName from object of class java.lang.Class due to security restrictions.
2026-04-29 21:17:12,700 [ 537857]   WARN - org.apache.velocity.introspection - Cannot retrieve method sanitizeJavaIdentifier from object of class java.lang.Class due to security restrictions.
2026-04-29 21:17:12,701 [ 537858]   WARN - org.apache.velocity.introspection - Cannot retrieve method capitalizeWithJavaBeanConvention from object of class java.lang.Class due to security restrictions.
2026-04-29 21:17:12,722 [ 537879]   WARN - org.apache.velocity.introspection - Cannot retrieve method getParamName from object of class java.lang.Class due to security restrictions.
2026-04-29 21:17:12,722 [ 537879]   WARN - org.apache.velocity.introspection - Cannot retrieve method getPropertyName from object of class java.lang.Class due to security restrictions.
2026-04-29 21:17:12,722 [ 537879]   WARN - org.apache.velocity.introspection - Cannot retrieve method sanitizeJavaIdentifier from object of class java.lang.Class due to security restrictions.
2026-04-29 21:17:12,722 [ 537879]   WARN - org.apache.velocity.introspection - Cannot retrieve method capitalizeWithJavaBeanConvention from object of class java.lang.Class due to security restrictions.
2026-04-29 21:17:12,736 [ 537893]   WARN - org.apache.velocity.introspection - Cannot retrieve method getPropertyName from object of class java.lang.Class due to security restrictions.
2026-04-29 21:17:12,737 [ 537894]   WARN - org.apache.velocity.introspection - Cannot retrieve method sanitizeJavaIdentifier from object of class java.lang.Class due to security restrictions.
2026-04-29 21:17:12,737 [ 537894]   WARN - org.apache.velocity.introspection - Cannot retrieve method capitalizeWithJavaBeanConvention from object of class java.lang.Class due to security restrictions.
2026-04-29 21:17:12,744 [ 537901]   WARN - org.apache.velocity.introspection - Cannot retrieve method getParamName from object of class java.lang.Class due to security restrictions.
2026-04-29 21:17:12,744 [ 537901]   WARN - org.apache.velocity.introspection - Cannot retrieve method getPropertyName from object of class java.lang.Class due to security restrictions.
2026-04-29 21:17:12,745 [ 537902]   WARN - org.apache.velocity.introspection - Cannot retrieve method sanitizeJavaIdentifier from object of class java.lang.Class due to security restrictions.
2026-04-29 21:17:12,745 [ 537902]   WARN - org.apache.velocity.introspection - Cannot retrieve method capitalizeWithJavaBeanConvention from object of class java.lang.Class due to security restrictions.
2026-04-29 21:17:12,752 [ 537909]   WARN - org.apache.velocity.introspection - Cannot retrieve method getPropertyName from object of class java.lang.Class due to security restrictions.
2026-04-29 21:17:12,753 [ 537910]   WARN - org.apache.velocity.introspection - Cannot retrieve method sanitizeJavaIdentifier from object of class java.lang.Class due to security restrictions.
2026-04-29 21:17:12,753 [ 537910]   WARN - org.apache.velocity.introspection - Cannot retrieve method capitalizeWithJavaBeanConvention from object of class java.lang.Class due to security restrictions.
2026-04-29 21:17:12,760 [ 537917]   WARN - org.apache.velocity.introspection - Cannot retrieve method getParamName from object of class java.lang.Class due to security restrictions.
2026-04-29 21:17:12,761 [ 537918]   WARN - org.apache.velocity.introspection - Cannot retrieve method getPropertyName from object of class java.lang.Class due to security restrictions.
2026-04-29 21:17:12,761 [ 537918]   WARN - org.apache.velocity.introspection - Cannot retrieve method sanitizeJavaIdentifier from object of class java.lang.Class due to security restrictions.
2026-04-29 21:17:12,761 [ 537918]   WARN - org.apache.velocity.introspection - Cannot retrieve method capitalizeWithJavaBeanConvention from object of class java.lang.Class due to security restrictions.
2026-04-29 21:17:12,772 [ 537929]   WARN - org.apache.velocity.introspection - Cannot retrieve method getPropertyName from object of class java.lang.Class due to security restrictions.
2026-04-29 21:17:12,772 [ 537929]   WARN - org.apache.velocity.introspection - Cannot retrieve method sanitizeJavaIdentifier from object of class java.lang.Class due to security restrictions.
2026-04-29 21:17:12,772 [ 537929]   WARN - org.apache.velocity.introspection - Cannot retrieve method capitalizeWithJavaBeanConvention from object of class java.lang.Class due to security restrictions.
2026-04-29 21:17:12,789 [ 537946]   WARN - org.apache.velocity.introspection - Cannot retrieve method getParamName from object of class java.lang.Class due to security restrictions.
2026-04-29 21:17:12,790 [ 537947]   WARN - org.apache.velocity.introspection - Cannot retrieve method getPropertyName from object of class java.lang.Class due to security restrictions.
2026-04-29 21:17:12,790 [ 537947]   WARN - org.apache.velocity.introspection - Cannot retrieve method sanitizeJavaIdentifier from object of class java.lang.Class due to security restrictions.
2026-04-29 21:17:12,790 [ 537947]   WARN - org.apache.velocity.introspection - Cannot retrieve method capitalizeWithJavaBeanConvention from object of class java.lang.Class due to security restrictions.
2026-04-29 21:17:12,804 [ 537961]   WARN - org.apache.velocity.introspection - Cannot retrieve method getPropertyName from object of class java.lang.Class due to security restrictions.
2026-04-29 21:17:12,804 [ 537961]   WARN - org.apache.velocity.introspection - Cannot retrieve method sanitizeJavaIdentifier from object of class java.lang.Class due to security restrictions.
2026-04-29 21:17:12,804 [ 537961]   WARN - org.apache.velocity.introspection - Cannot retrieve method capitalizeWithJavaBeanConvention from object of class java.lang.Class due to security restrictions.
2026-04-29 21:17:12,813 [ 537970]   WARN - org.apache.velocity.introspection - Cannot retrieve method getParamName from object of class java.lang.Class due to security restrictions.
2026-04-29 21:17:12,814 [ 537971]   WARN - org.apache.velocity.introspection - Cannot retrieve method getPropertyName from object of class java.lang.Class due to security restrictions.
2026-04-29 21:17:12,814 [ 537971]   WARN - org.apache.velocity.introspection - Cannot retrieve method sanitizeJavaIdentifier from object of class java.lang.Class due to security restrictions.
2026-04-29 21:17:12,814 [ 537971]   WARN - org.apache.velocity.introspection - Cannot retrieve method capitalizeWithJavaBeanConvention from object of class java.lang.Class due to security restrictions.
2026-04-29 21:17:12,822 [ 537979]   WARN - org.apache.velocity.introspection - Cannot retrieve method getPropertyName from object of class java.lang.Class due to security restrictions.
2026-04-29 21:17:12,823 [ 537980]   WARN - org.apache.velocity.introspection - Cannot retrieve method sanitizeJavaIdentifier from object of class java.lang.Class due to security restrictions.
2026-04-29 21:17:12,823 [ 537980]   WARN - org.apache.velocity.introspection - Cannot retrieve method capitalizeWithJavaBeanConvention from object of class java.lang.Class due to security restrictions.
2026-04-29 21:17:12,898 [ 538055]   WARN - org.apache.velocity.introspection - Cannot retrieve method getPropertyName from object of class java.lang.Class due to security restrictions.
2026-04-29 21:17:12,898 [ 538055]   WARN - org.apache.velocity.introspection - Cannot retrieve method sanitizeJavaIdentifier from object of class java.lang.Class due to security restrictions.
2026-04-29 21:17:12,898 [ 538055]   WARN - org.apache.velocity.introspection - Cannot retrieve method capitalizeWithJavaBeanConvention from object of class java.lang.Class due to security restrictions.
2026-04-29 21:17:12,910 [ 538067]   WARN - org.apache.velocity.introspection - Cannot retrieve method getParamName from object of class java.lang.Class due to security restrictions.
2026-04-29 21:17:12,911 [ 538068]   WARN - org.apache.velocity.introspection - Cannot retrieve method getPropertyName from object of class java.lang.Class due to security restrictions.
2026-04-29 21:17:12,911 [ 538068]   WARN - org.apache.velocity.introspection - Cannot retrieve method sanitizeJavaIdentifier from object of class java.lang.Class due to security restrictions.
2026-04-29 21:17:12,911 [ 538068]   WARN - org.apache.velocity.introspection - Cannot retrieve method capitalizeWithJavaBeanConvention from object of class java.lang.Class due to security restrictions.
2026-04-29 21:17:12,938 [ 538095]   WARN - org.apache.velocity.introspection - Cannot retrieve method getPropertyName from object of class java.lang.Class due to security restrictions.
2026-04-29 21:17:12,939 [ 538096]   WARN - org.apache.velocity.introspection - Cannot retrieve method sanitizeJavaIdentifier from object of class java.lang.Class due to security restrictions.
2026-04-29 21:17:12,939 [ 538096]   WARN - org.apache.velocity.introspection - Cannot retrieve method capitalizeWithJavaBeanConvention from object of class java.lang.Class due to security restrictions.
2026-04-29 21:17:12,947 [ 538104]   WARN - org.apache.velocity.introspection - Cannot retrieve method getParamName from object of class java.lang.Class due to security restrictions.
2026-04-29 21:17:12,948 [ 538105]   WARN - org.apache.velocity.introspection - Cannot retrieve method getPropertyName from object of class java.lang.Class due to security restrictions.
2026-04-29 21:17:12,948 [ 538105]   WARN - org.apache.velocity.introspection - Cannot retrieve method sanitizeJavaIdentifier from object of class java.lang.Class due to security restrictions.
2026-04-29 21:17:12,948 [ 538105]   WARN - org.apache.velocity.introspection - Cannot retrieve method capitalizeWithJavaBeanConvention from object of class java.lang.Class due to security restrictions.
2026-04-29 21:17:12,958 [ 538115]   WARN - org.apache.velocity.introspection - Cannot retrieve method getPropertyName from object of class java.lang.Class due to security restrictions.
2026-04-29 21:17:12,959 [ 538116]   WARN - org.apache.velocity.introspection - Cannot retrieve method sanitizeJavaIdentifier from object of class java.lang.Class due to security restrictions.
2026-04-29 21:17:12,959 [ 538116]   WARN - org.apache.velocity.introspection - Cannot retrieve method capitalizeWithJavaBeanConvention from object of class java.lang.Class due to security restrictions.
2026-04-29 21:17:12,966 [ 538123]   WARN - org.apache.velocity.introspection - Cannot retrieve method getParamName from object of class java.lang.Class due to security restrictions.
2026-04-29 21:17:12,967 [ 538124]   WARN - org.apache.velocity.introspection - Cannot retrieve method getPropertyName from object of class java.lang.Class due to security restrictions.
2026-04-29 21:17:12,967 [ 538124]   WARN - org.apache.velocity.introspection - Cannot retrieve method sanitizeJavaIdentifier from object of class java.lang.Class due to security restrictions.
2026-04-29 21:17:12,967 [ 538124]   WARN - org.apache.velocity.introspection - Cannot retrieve method capitalizeWithJavaBeanConvention from object of class java.lang.Class due to security restrictions.
2026-04-29 21:17:12,980 [ 538137]   WARN - org.apache.velocity.introspection - Cannot retrieve method getPropertyName from object of class java.lang.Class due to security restrictions.
2026-04-29 21:17:12,980 [ 538137]   WARN - org.apache.velocity.introspection - Cannot retrieve method sanitizeJavaIdentifier from object of class java.lang.Class due to security restrictions.
2026-04-29 21:17:12,980 [ 538137]   WARN - org.apache.velocity.introspection - Cannot retrieve method capitalizeWithJavaBeanConvention from object of class java.lang.Class due to security restrictions.
2026-04-29 21:17:12,988 [ 538145]   WARN - org.apache.velocity.introspection - Cannot retrieve method getParamName from object of class java.lang.Class due to security restrictions.
2026-04-29 21:17:12,989 [ 538146]   WARN - org.apache.velocity.introspection - Cannot retrieve method getPropertyName from object of class java.lang.Class due to security restrictions.
2026-04-29 21:17:12,989 [ 538146]   WARN - org.apache.velocity.introspection - Cannot retrieve method sanitizeJavaIdentifier from object of class java.lang.Class due to security restrictions.
2026-04-29 21:17:12,989 [ 538146]   WARN - org.apache.velocity.introspection - Cannot retrieve method capitalizeWithJavaBeanConvention from object of class java.lang.Class due to security restrictions.
2026-04-29 21:17:12,998 [ 538155]   WARN - org.apache.velocity.introspection - Cannot retrieve method getPropertyName from object of class java.lang.Class due to security restrictions.
2026-04-29 21:17:12,998 [ 538155]   WARN - org.apache.velocity.introspection - Cannot retrieve method sanitizeJavaIdentifier from object of class java.lang.Class due to security restrictions.
2026-04-29 21:17:12,998 [ 538155]   WARN - org.apache.velocity.introspection - Cannot retrieve method capitalizeWithJavaBeanConvention from object of class java.lang.Class due to security restrictions.
2026-04-29 21:17:13,007 [ 538164]   WARN - org.apache.velocity.introspection - Cannot retrieve method getParamName from object of class java.lang.Class due to security restrictions.
2026-04-29 21:17:13,007 [ 538164]   WARN - org.apache.velocity.introspection - Cannot retrieve method getPropertyName from object of class java.lang.Class due to security restrictions.
2026-04-29 21:17:13,007 [ 538164]   WARN - org.apache.velocity.introspection - Cannot retrieve method sanitizeJavaIdentifier from object of class java.lang.Class due to security restrictions.
2026-04-29 21:17:13,007 [ 538164]   WARN - org.apache.velocity.introspection - Cannot retrieve method capitalizeWithJavaBeanConvention from object of class java.lang.Class due to security restrictions.
2026-04-29 21:17:13,015 [ 538172]   WARN - org.apache.velocity.introspection - Cannot retrieve method getPropertyName from object of class java.lang.Class due to security restrictions.
2026-04-29 21:17:13,016 [ 538173]   WARN - org.apache.velocity.introspection - Cannot retrieve method sanitizeJavaIdentifier from object of class java.lang.Class due to security restrictions.
2026-04-29 21:17:13,016 [ 538173]   WARN - org.apache.velocity.introspection - Cannot retrieve method capitalizeWithJavaBeanConvention from object of class java.lang.Class due to security restrictions.
2026-04-29 21:17:13,023 [ 538180]   WARN - org.apache.velocity.introspection - Cannot retrieve method getParamName from object of class java.lang.Class due to security restrictions.
2026-04-29 21:17:13,023 [ 538180]   WARN - org.apache.velocity.introspection - Cannot retrieve method getPropertyName from object of class java.lang.Class due to security restrictions.
2026-04-29 21:17:13,023 [ 538180]   WARN - org.apache.velocity.introspection - Cannot retrieve method sanitizeJavaIdentifier from object of class java.lang.Class due to security restrictions.
2026-04-29 21:17:13,024 [ 538181]   WARN - org.apache.velocity.introspection - Cannot retrieve method capitalizeWithJavaBeanConvention from object of class java.lang.Class due to security restrictions.
2026-04-29 21:17:17.165 [DBG] [oshi.util.FileUtil] Reading file {}:[Ljava.lang.Object;@66ae43e8
2026-04-29 21:17:17.165 [DBG] [oshi.util.FileUtil] Reading file {}:[Ljava.lang.Object;@6e76ac99
2026-04-29 21:17:17.165 [DBG] [oshi.util.FileUtil] Reading file {}:[Ljava.lang.Object;@2bdd1222
2026-04-29 21:17:17.165 [DBG] [oshi.util.FileUtil] Reading file {}:[Ljava.lang.Object;@6b13116b
2026-04-29 21:17:17.165 [DBG] [oshi.util.FileUtil] Reading file {}:[Ljava.lang.Object;@7fb6bee2
2026-04-29 21:17:17.165 [DBG] [oshi.util.FileUtil] Reading file {}:[Ljava.lang.Object;@24ffd7e9
2026-04-29 21:17:23,722 [ 548879]   WARN - org.apache.velocity.introspection - Cannot retrieve method getPropertyName from object of class java.lang.Class due to security restrictions.
2026-04-29 21:17:23,722 [ 548879]   WARN - org.apache.velocity.introspection - Cannot retrieve method sanitizeJavaIdentifier from object of class java.lang.Class due to security restrictions.
2026-04-29 21:17:23,722 [ 548879]   WARN - org.apache.velocity.introspection - Cannot retrieve method capitalizeWithJavaBeanConvention from object of class java.lang.Class due to security restrictions.
2026-04-29 21:17:23,734 [ 548891]   WARN - org.apache.velocity.introspection - Cannot retrieve method getParamName from object of class java.lang.Class due to security restrictions.
2026-04-29 21:17:23,734 [ 548891]   WARN - org.apache.velocity.introspection - Cannot retrieve method getPropertyName from object of class java.lang.Class due to security restrictions.
2026-04-29 21:17:23,734 [ 548891]   WARN - org.apache.velocity.introspection - Cannot retrieve method sanitizeJavaIdentifier from object of class java.lang.Class due to security restrictions.
2026-04-29 21:17:23,734 [ 548891]   WARN - org.apache.velocity.introspection - Cannot retrieve method capitalizeWithJavaBeanConvention from object of class java.lang.Class due to security restrictions.
2026-04-29 21:17:23,744 [ 548901]   WARN - org.apache.velocity.introspection - Cannot retrieve method getPropertyName from object of class java.lang.Class due to security restrictions.
2026-04-29 21:17:23,745 [ 548902]   WARN - org.apache.velocity.introspection - Cannot retrieve method sanitizeJavaIdentifier from object of class java.lang.Class due to security restrictions.
2026-04-29 21:17:23,745 [ 548902]   WARN - org.apache.velocity.introspection - Cannot retrieve method capitalizeWithJavaBeanConvention from object of class java.lang.Class due to security restrictions.
2026-04-29 21:17:23,752 [ 548909]   WARN - org.apache.velocity.introspection - Cannot retrieve method getParamName from object of class java.lang.Class due to security restrictions.
2026-04-29 21:17:23,752 [ 548909]   WARN - org.apache.velocity.introspection - Cannot retrieve method getPropertyName from object of class java.lang.Class due to security restrictions.
2026-04-29 21:17:23,752 [ 548909]   WARN - org.apache.velocity.introspection - Cannot retrieve method sanitizeJavaIdentifier from object of class java.lang.Class due to security restrictions.
2026-04-29 21:17:23,752 [ 548909]   WARN - org.apache.velocity.introspection - Cannot retrieve method capitalizeWithJavaBeanConvention from object of class java.lang.Class due to security restrictions.
2026-04-29 21:17:23,759 [ 548916]   WARN - org.apache.velocity.introspection - Cannot retrieve method getPropertyName from object of class java.lang.Class due to security restrictions.
2026-04-29 21:17:23,759 [ 548916]   WARN - org.apache.velocity.introspection - Cannot retrieve method sanitizeJavaIdentifier from object of class java.lang.Class due to security restrictions.
2026-04-29 21:17:23,759 [ 548916]   WARN - org.apache.velocity.introspection - Cannot retrieve method capitalizeWithJavaBeanConvention from object of class java.lang.Class due to security restrictions.
2026-04-29 21:17:23,765 [ 548922]   WARN - org.apache.velocity.introspection - Cannot retrieve method getParamName from object of class java.lang.Class due to security restrictions.
2026-04-29 21:17:23,765 [ 548922]   WARN - org.apache.velocity.introspection - Cannot retrieve method getPropertyName from object of class java.lang.Class due to security restrictions.
2026-04-29 21:17:23,765 [ 548922]   WARN - org.apache.velocity.introspection - Cannot retrieve method sanitizeJavaIdentifier from object of class java.lang.Class due to security restrictions.
2026-04-29 21:17:23,766 [ 548923]   WARN - org.apache.velocity.introspection - Cannot retrieve method capitalizeWithJavaBeanConvention from object of class java.lang.Class due to security restrictions.
2026-04-29 21:17:23,776 [ 548933]   WARN - org.apache.velocity.introspection - Cannot retrieve method getPropertyName from object of class java.lang.Class due to security restrictions.
2026-04-29 21:17:23,776 [ 548933]   WARN - org.apache.velocity.introspection - Cannot retrieve method sanitizeJavaIdentifier from object of class java.lang.Class due to security restrictions.
2026-04-29 21:17:23,776 [ 548933]   WARN - org.apache.velocity.introspection - Cannot retrieve method capitalizeWithJavaBeanConvention from object of class java.lang.Class due to security restrictions.
2026-04-29 21:17:23,785 [ 548942]   WARN - org.apache.velocity.introspection - Cannot retrieve method getParamName from object of class java.lang.Class due to security restrictions.
2026-04-29 21:17:23,785 [ 548942]   WARN - org.apache.velocity.introspection - Cannot retrieve method getPropertyName from object of class java.lang.Class due to security restrictions.
2026-04-29 21:17:23,785 [ 548942]   WARN - org.apache.velocity.introspection - Cannot retrieve method sanitizeJavaIdentifier from object of class java.lang.Class due to security restrictions.
2026-04-29 21:17:23,786 [ 548943]   WARN - org.apache.velocity.introspection - Cannot retrieve method capitalizeWithJavaBeanConvention from object of class java.lang.Class due to security restrictions.
2026-04-29 21:17:23,793 [ 548950]   WARN - org.apache.velocity.introspection - Cannot retrieve method getPropertyName from object of class java.lang.Class due to security restrictions.
2026-04-29 21:17:23,794 [ 548951]   WARN - org.apache.velocity.introspection - Cannot retrieve method sanitizeJavaIdentifier from object of class java.lang.Class due to security restrictions.
2026-04-29 21:17:23,794 [ 548951]   WARN - org.apache.velocity.introspection - Cannot retrieve method capitalizeWithJavaBeanConvention from object of class java.lang.Class due to security restrictions.
2026-04-29 21:17:23,801 [ 548958]   WARN - org.apache.velocity.introspection - Cannot retrieve method getParamName from object of class java.lang.Class due to security restrictions.
2026-04-29 21:17:23,801 [ 548958]   WARN - org.apache.velocity.introspection - Cannot retrieve method getPropertyName from object of class java.lang.Class due to security restrictions.
2026-04-29 21:17:23,801 [ 548958]   WARN - org.apache.velocity.introspection - Cannot retrieve method sanitizeJavaIdentifier from object of class java.lang.Class due to security restrictions.
2026-04-29 21:17:23,802 [ 548959]   WARN - org.apache.velocity.introspection - Cannot retrieve method capitalizeWithJavaBeanConvention from object of class java.lang.Class due to security restrictions.
2026-04-29 21:17:23,928 [ 549085]   WARN - org.apache.velocity.introspection - Cannot retrieve method getPropertyName from object of class java.lang.Class due to security restrictions.
2026-04-29 21:17:23,928 [ 549085]   WARN - org.apache.velocity.introspection - Cannot retrieve method sanitizeJavaIdentifier from object of class java.lang.Class due to security restrictions.
2026-04-29 21:17:23,928 [ 549085]   WARN - org.apache.velocity.introspection - Cannot retrieve method capitalizeWithJavaBeanConvention from object of class java.lang.Class due to security restrictions.
2026-04-29 21:17:24,028 [ 549185]   WARN - org.apache.velocity.introspection - Cannot retrieve method getPropertyName from object of class java.lang.Class due to security restrictions.
2026-04-29 21:17:24,029 [ 549186]   WARN - org.apache.velocity.introspection - Cannot retrieve method sanitizeJavaIdentifier from object of class java.lang.Class due to security restrictions.
2026-04-29 21:17:24,029 [ 549186]   WARN - org.apache.velocity.introspection - Cannot retrieve method capitalizeWithJavaBeanConvention from object of class java.lang.Class due to security restrictions.
2026-04-29 21:17:24,045 [ 549202]   WARN - org.apache.velocity.introspection - Cannot retrieve method getParamName from object of class java.lang.Class due to security restrictions.
2026-04-29 21:17:24,045 [ 549202]   WARN - org.apache.velocity.introspection - Cannot retrieve method getPropertyName from object of class java.lang.Class due to security restrictions.
2026-04-29 21:17:24,045 [ 549202]   WARN - org.apache.velocity.introspection - Cannot retrieve method sanitizeJavaIdentifier from object of class java.lang.Class due to security restrictions.
2026-04-29 21:17:24,046 [ 549203]   WARN - org.apache.velocity.introspection - Cannot retrieve method capitalizeWithJavaBeanConvention from object of class java.lang.Class due to security restrictions.
2026-04-29 21:17:24,216 [ 549373]   WARN - org.apache.velocity.introspection - Cannot retrieve method getPropertyName from object of class java.lang.Class due to security restrictions.
2026-04-29 21:17:24,216 [ 549373]   WARN - org.apache.velocity.introspection - Cannot retrieve method sanitizeJavaIdentifier from object of class java.lang.Class due to security restrictions.
2026-04-29 21:17:24,216 [ 549373]   WARN - org.apache.velocity.introspection - Cannot retrieve method capitalizeWithJavaBeanConvention from object of class java.lang.Class due to security restrictions.
2026-04-29 21:17:24,226 [ 549383]   WARN - org.apache.velocity.introspection - Cannot retrieve method getParamName from object of class java.lang.Class due to security restrictions.
2026-04-29 21:17:24,227 [ 549384]   WARN - org.apache.velocity.introspection - Cannot retrieve method getPropertyName from object of class java.lang.Class due to security restrictions.
2026-04-29 21:17:24,227 [ 549384]   WARN - org.apache.velocity.introspection - Cannot retrieve method sanitizeJavaIdentifier from object of class java.lang.Class due to security restrictions.
2026-04-29 21:17:24,227 [ 549384]   WARN - org.apache.velocity.introspection - Cannot retrieve method capitalizeWithJavaBeanConvention from object of class java.lang.Class due to security restrictions.
2026-04-29 21:17:24,237 [ 549394]   WARN - org.apache.velocity.introspection - Cannot retrieve method getPropertyName from object of class java.lang.Class due to security restrictions.
2026-04-29 21:17:24,237 [ 549394]   WARN - org.apache.velocity.introspection - Cannot retrieve method sanitizeJavaIdentifier from object of class java.lang.Class due to security restrictions.
2026-04-29 21:17:24,237 [ 549394]   WARN - org.apache.velocity.introspection - Cannot retrieve method capitalizeWithJavaBeanConvention from object of class java.lang.Class due to security restrictions.
2026-04-29 21:17:24,245 [ 549402]   WARN - org.apache.velocity.introspection - Cannot retrieve method getParamName from object of class java.lang.Class due to security restrictions.
2026-04-29 21:17:24,246 [ 549403]   WARN - org.apache.velocity.introspection - Cannot retrieve method getPropertyName from object of class java.lang.Class due to security restrictions.
2026-04-29 21:17:24,246 [ 549403]   WARN - org.apache.velocity.introspection - Cannot retrieve method sanitizeJavaIdentifier from object of class java.lang.Class due to security restrictions.
2026-04-29 21:17:24,246 [ 549403]   WARN - org.apache.velocity.introspection - Cannot retrieve method capitalizeWithJavaBeanConvention from object of class java.lang.Class due to security restrictions.
2026-04-29 21:17:24,254 [ 549411]   WARN - org.apache.velocity.introspection - Cannot retrieve method getPropertyName from object of class java.lang.Class due to security restrictions.
2026-04-29 21:17:24,254 [ 549411]   WARN - org.apache.velocity.introspection - Cannot retrieve method sanitizeJavaIdentifier from object of class java.lang.Class due to security restrictions.
2026-04-29 21:17:24,254 [ 549411]   WARN - org.apache.velocity.introspection - Cannot retrieve method capitalizeWithJavaBeanConvention from object of class java.lang.Class due to security restrictions.
2026-04-29 21:17:24,260 [ 549417]   WARN - org.apache.velocity.introspection - Cannot retrieve method getParamName from object of class java.lang.Class due to security restrictions.
2026-04-29 21:17:24,261 [ 549418]   WARN - org.apache.velocity.introspection - Cannot retrieve method getPropertyName from object of class java.lang.Class due to security restrictions.
2026-04-29 21:17:24,261 [ 549418]   WARN - org.apache.velocity.introspection - Cannot retrieve method sanitizeJavaIdentifier from object of class java.lang.Class due to security restrictions.
2026-04-29 21:17:24,261 [ 549418]   WARN - org.apache.velocity.introspection - Cannot retrieve method capitalizeWithJavaBeanConvention from object of class java.lang.Class due to security restrictions.
2026-04-29 21:17:24,270 [ 549427]   WARN - org.apache.velocity.introspection - Cannot retrieve method getPropertyName from object of class java.lang.Class due to security restrictions.
2026-04-29 21:17:24,270 [ 549427]   WARN - org.apache.velocity.introspection - Cannot retrieve method sanitizeJavaIdentifier from object of class java.lang.Class due to security restrictions.
2026-04-29 21:17:24,271 [ 549428]   WARN - org.apache.velocity.introspection - Cannot retrieve method capitalizeWithJavaBeanConvention from object of class java.lang.Class due to security restrictions.
2026-04-29 21:17:24,279 [ 549436]   WARN - org.apache.velocity.introspection - Cannot retrieve method getParamName from object of class java.lang.Class due to security restrictions.
2026-04-29 21:17:24,279 [ 549436]   WARN - org.apache.velocity.introspection - Cannot retrieve method getPropertyName from object of class java.lang.Class due to security restrictions.
2026-04-29 21:17:24,279 [ 549436]   WARN - org.apache.velocity.introspection - Cannot retrieve method sanitizeJavaIdentifier from object of class java.lang.Class due to security restrictions.
2026-04-29 21:17:24,279 [ 549436]   WARN - org.apache.velocity.introspection - Cannot retrieve method capitalizeWithJavaBeanConvention from object of class java.lang.Class due to security restrictions.
2026-04-29 21:17:24,288 [ 549445]   WARN - org.apache.velocity.introspection - Cannot retrieve method getPropertyName from object of class java.lang.Class due to security restrictions.
2026-04-29 21:17:24,289 [ 549446]   WARN - org.apache.velocity.introspection - Cannot retrieve method sanitizeJavaIdentifier from object of class java.lang.Class due to security restrictions.
2026-04-29 21:17:24,289 [ 549446]   WARN - org.apache.velocity.introspection - Cannot retrieve method capitalizeWithJavaBeanConvention from object of class java.lang.Class due to security restrictions.
2026-04-29 21:17:24,296 [ 549453]   WARN - org.apache.velocity.introspection - Cannot retrieve method getParamName from object of class java.lang.Class due to security restrictions.
2026-04-29 21:17:24,296 [ 549453]   WARN - org.apache.velocity.introspection - Cannot retrieve method getPropertyName from object of class java.lang.Class due to security restrictions.
2026-04-29 21:17:24,297 [ 549454]   WARN - org.apache.velocity.introspection - Cannot retrieve method sanitizeJavaIdentifier from object of class java.lang.Class due to security restrictions.
2026-04-29 21:17:24,297 [ 549454]   WARN - org.apache.velocity.introspection - Cannot retrieve method capitalizeWithJavaBeanConvention from object of class java.lang.Class due to security restrictions.
2026-04-29 21:17:24,307 [ 549464]   WARN - org.apache.velocity.introspection - Cannot retrieve method getPropertyName from object of class java.lang.Class due to security restrictions.
2026-04-29 21:17:24,307 [ 549464]   WARN - org.apache.velocity.introspection - Cannot retrieve method sanitizeJavaIdentifier from object of class java.lang.Class due to security restrictions.
2026-04-29 21:17:24,307 [ 549464]   WARN - org.apache.velocity.introspection - Cannot retrieve method capitalizeWithJavaBeanConvention from object of class java.lang.Class due to security restrictions.
2026-04-29 21:17:24,316 [ 549473]   WARN - org.apache.velocity.introspection - Cannot retrieve method getParamName from object of class java.lang.Class due to security restrictions.
2026-04-29 21:17:24,316 [ 549473]   WARN - org.apache.velocity.introspection - Cannot retrieve method getPropertyName from object of class java.lang.Class due to security restrictions.
2026-04-29 21:17:24,316 [ 549473]   WARN - org.apache.velocity.introspection - Cannot retrieve method sanitizeJavaIdentifier from object of class java.lang.Class due to security restrictions.
2026-04-29 21:17:24,316 [ 549473]   WARN - org.apache.velocity.introspection - Cannot retrieve method capitalizeWithJavaBeanConvention from object of class java.lang.Class due to security restrictions.
2026-04-29 21:17:37,055 [ 562212]   WARN - org.apache.velocity.introspection - Cannot retrieve method getPropertyName from object of class java.lang.Class due to security restrictions.
2026-04-29 21:17:37,055 [ 562212]   WARN - org.apache.velocity.introspection - Cannot retrieve method sanitizeJavaIdentifier from object of class java.lang.Class due to security restrictions.
2026-04-29 21:17:37,055 [ 562212]   WARN - org.apache.velocity.introspection - Cannot retrieve method capitalizeWithJavaBeanConvention from object of class java.lang.Class due to security restrictions.
2026-04-29 21:17:37,074 [ 562231]   WARN - org.apache.velocity.introspection - Cannot retrieve method getParamName from object of class java.lang.Class due to security restrictions.
2026-04-29 21:17:37,075 [ 562232]   WARN - org.apache.velocity.introspection - Cannot retrieve method getPropertyName from object of class java.lang.Class due to security restrictions.
2026-04-29 21:17:37,075 [ 562232]   WARN - org.apache.velocity.introspection - Cannot retrieve method sanitizeJavaIdentifier from object of class java.lang.Class due to security restrictions.
2026-04-29 21:17:37,075 [ 562232]   WARN - org.apache.velocity.introspection - Cannot retrieve method capitalizeWithJavaBeanConvention from object of class java.lang.Class due to security restrictions.
2026-04-29 21:17:37,090 [ 562247]   WARN - org.apache.velocity.introspection - Cannot retrieve method getPropertyName from object of class java.lang.Class due to security restrictions.
2026-04-29 21:17:37,091 [ 562248]   WARN - org.apache.velocity.introspection - Cannot retrieve method sanitizeJavaIdentifier from object of class java.lang.Class due to security restrictions.
2026-04-29 21:17:37,091 [ 562248]   WARN - org.apache.velocity.introspection - Cannot retrieve method capitalizeWithJavaBeanConvention from object of class java.lang.Class due to security restrictions.
2026-04-29 21:17:37,110 [ 562267]   WARN - org.apache.velocity.introspection - Cannot retrieve method getParamName from object of class java.lang.Class due to security restrictions.
2026-04-29 21:17:37,110 [ 562267]   WARN - org.apache.velocity.introspection - Cannot retrieve method getPropertyName from object of class java.lang.Class due to security restrictions.
2026-04-29 21:17:37,111 [ 562268]   WARN - org.apache.velocity.introspection - Cannot retrieve method sanitizeJavaIdentifier from object of class java.lang.Class due to security restrictions.
2026-04-29 21:17:37,111 [ 562268]   WARN - org.apache.velocity.introspection - Cannot retrieve method capitalizeWithJavaBeanConvention from object of class java.lang.Class due to security restrictions.
2026-04-29 21:17:37,126 [ 562283]   WARN - org.apache.velocity.introspection - Cannot retrieve method getPropertyName from object of class java.lang.Class due to security restrictions.
2026-04-29 21:17:37,127 [ 562284]   WARN - org.apache.velocity.introspection - Cannot retrieve method sanitizeJavaIdentifier from object of class java.lang.Class due to security restrictions.
2026-04-29 21:17:37,127 [ 562284]   WARN - org.apache.velocity.introspection - Cannot retrieve method capitalizeWithJavaBeanConvention from object of class java.lang.Class due to security restrictions.
2026-04-29 21:17:37,140 [ 562297]   WARN - org.apache.velocity.introspection - Cannot retrieve method getParamName from object of class java.lang.Class due to security restrictions.
2026-04-29 21:17:37,140 [ 562297]   WARN - org.apache.velocity.introspection - Cannot retrieve method getPropertyName from object of class java.lang.Class due to security restrictions.
2026-04-29 21:17:37,140 [ 562297]   WARN - org.apache.velocity.introspection - Cannot retrieve method sanitizeJavaIdentifier from object of class java.lang.Class due to security restrictions.
2026-04-29 21:17:37,141 [ 562298]   WARN - org.apache.velocity.introspection - Cannot retrieve method capitalizeWithJavaBeanConvention from object of class java.lang.Class due to security restrictions.
2026-04-29 21:17:37,183 [ 562340]   WARN - org.apache.velocity.introspection - Cannot retrieve method getPropertyName from object of class java.lang.Class due to security restrictions.
2026-04-29 21:17:37,183 [ 562340]   WARN - org.apache.velocity.introspection - Cannot retrieve method sanitizeJavaIdentifier from object of class java.lang.Class due to security restrictions.
2026-04-29 21:17:37,183 [ 562340]   WARN - org.apache.velocity.introspection - Cannot retrieve method capitalizeWithJavaBeanConvention from object of class java.lang.Class due to security restrictions.
2026-04-29 21:17:37,197 [ 562354]   WARN - org.apache.velocity.introspection - Cannot retrieve method getParamName from object of class java.lang.Class due to security restrictions.
2026-04-29 21:17:37,197 [ 562354]   WARN - org.apache.velocity.introspection - Cannot retrieve method getPropertyName from object of class java.lang.Class due to security restrictions.
2026-04-29 21:17:37,197 [ 562354]   WARN - org.apache.velocity.introspection - Cannot retrieve method sanitizeJavaIdentifier from object of class java.lang.Class due to security restrictions.
2026-04-29 21:17:37,198 [ 562355]   WARN - org.apache.velocity.introspection - Cannot retrieve method capitalizeWithJavaBeanConvention from object of class java.lang.Class due to security restrictions.
2026-04-29 21:17:37,212 [ 562369]   WARN - org.apache.velocity.introspection - Cannot retrieve method getPropertyName from object of class java.lang.Class due to security restrictions.
2026-04-29 21:17:37,212 [ 562369]   WARN - org.apache.velocity.introspection - Cannot retrieve method sanitizeJavaIdentifier from object of class java.lang.Class due to security restrictions.
2026-04-29 21:17:37,212 [ 562369]   WARN - org.apache.velocity.introspection - Cannot retrieve method capitalizeWithJavaBeanConvention from object of class java.lang.Class due to security restrictions.
2026-04-29 21:17:37,225 [ 562382]   WARN - org.apache.velocity.introspection - Cannot retrieve method getParamName from object of class java.lang.Class due to security restrictions.
2026-04-29 21:17:37,226 [ 562383]   WARN - org.apache.velocity.introspection - Cannot retrieve method getPropertyName from object of class java.lang.Class due to security restrictions.
2026-04-29 21:17:37,226 [ 562383]   WARN - org.apache.velocity.introspection - Cannot retrieve method sanitizeJavaIdentifier from object of class java.lang.Class due to security restrictions.
2026-04-29 21:17:37,226 [ 562383]   WARN - org.apache.velocity.introspection - Cannot retrieve method capitalizeWithJavaBeanConvention from object of class java.lang.Class due to security restrictions.
2026-04-29 21:17:37,238 [ 562395]   WARN - org.apache.velocity.introspection - Cannot retrieve method getPropertyName from object of class java.lang.Class due to security restrictions.
2026-04-29 21:17:37,238 [ 562395]   WARN - org.apache.velocity.introspection - Cannot retrieve method sanitizeJavaIdentifier from object of class java.lang.Class due to security restrictions.
2026-04-29 21:17:37,238 [ 562395]   WARN - org.apache.velocity.introspection - Cannot retrieve method capitalizeWithJavaBeanConvention from object of class java.lang.Class due to security restrictions.
2026-04-29 21:17:37,248 [ 562405]   WARN - org.apache.velocity.introspection - Cannot retrieve method getParamName from object of class java.lang.Class due to security restrictions.
2026-04-29 21:17:37,249 [ 562406]   WARN - org.apache.velocity.introspection - Cannot retrieve method getPropertyName from object of class java.lang.Class due to security restrictions.
2026-04-29 21:17:37,249 [ 562406]   WARN - org.apache.velocity.introspection - Cannot retrieve method sanitizeJavaIdentifier from object of class java.lang.Class due to security restrictions.
2026-04-29 21:17:37,249 [ 562406]   WARN - org.apache.velocity.introspection - Cannot retrieve method capitalizeWithJavaBeanConvention from object of class java.lang.Class due to security restrictions.
2026-04-29 21:17:37,565 [ 562722]   WARN - org.apache.velocity.introspection - Cannot retrieve method getPropertyName from object of class java.lang.Class due to security restrictions.
2026-04-29 21:17:37,565 [ 562722]   WARN - org.apache.velocity.introspection - Cannot retrieve method sanitizeJavaIdentifier from object of class java.lang.Class due to security restrictions.
2026-04-29 21:17:37,565 [ 562722]   WARN - org.apache.velocity.introspection - Cannot retrieve method capitalizeWithJavaBeanConvention from object of class java.lang.Class due to security restrictions.
2026-04-29 21:17:37,633 [ 562790]   WARN - org.apache.velocity.introspection - Cannot retrieve method getPropertyName from object of class java.lang.Class due to security restrictions.
2026-04-29 21:17:37,633 [ 562790]   WARN - org.apache.velocity.introspection - Cannot retrieve method sanitizeJavaIdentifier from object of class java.lang.Class due to security restrictions.
2026-04-29 21:17:37,634 [ 562791]   WARN - org.apache.velocity.introspection - Cannot retrieve method capitalizeWithJavaBeanConvention from object of class java.lang.Class due to security restrictions.
2026-04-29 21:17:37,716 [ 562873]   WARN - org.apache.velocity.introspection - Cannot retrieve method getPropertyName from object of class java.lang.Class due to security restrictions.
2026-04-29 21:17:37,716 [ 562873]   WARN - org.apache.velocity.introspection - Cannot retrieve method sanitizeJavaIdentifier from object of class java.lang.Class due to security restrictions.
2026-04-29 21:17:37,716 [ 562873]   WARN - org.apache.velocity.introspection - Cannot retrieve method capitalizeWithJavaBeanConvention from object of class java.lang.Class due to security restrictions.
2026-04-29 21:17:37,736 [ 562893]   WARN - org.apache.velocity.introspection - Cannot retrieve method getParamName from object of class java.lang.Class due to security restrictions.
2026-04-29 21:17:37,736 [ 562893]   WARN - org.apache.velocity.introspection - Cannot retrieve method getPropertyName from object of class java.lang.Class due to security restrictions.
2026-04-29 21:17:37,737 [ 562894]   WARN - org.apache.velocity.introspection - Cannot retrieve method sanitizeJavaIdentifier from object of class java.lang.Class due to security restrictions.
2026-04-29 21:17:37,737 [ 562894]   WARN - org.apache.velocity.introspection - Cannot retrieve method capitalizeWithJavaBeanConvention from object of class java.lang.Class due to security restrictions.
2026-04-29 21:17:37,750 [ 562907]   WARN - org.apache.velocity.introspection - Cannot retrieve method getPropertyName from object of class java.lang.Class due to security restrictions.
2026-04-29 21:17:37,750 [ 562907]   WARN - org.apache.velocity.introspection - Cannot retrieve method sanitizeJavaIdentifier from object of class java.lang.Class due to security restrictions.
2026-04-29 21:17:37,751 [ 562908]   WARN - org.apache.velocity.introspection - Cannot retrieve method capitalizeWithJavaBeanConvention from object of class java.lang.Class due to security restrictions.
2026-04-29 21:18:07,278 [ 592435]   WARN - org.apache.velocity.introspection - Cannot retrieve method getPropertyName from object of class java.lang.Class due to security restrictions.
2026-04-29 21:18:07,279 [ 592436]   WARN - org.apache.velocity.introspection - Cannot retrieve method sanitizeJavaIdentifier from object of class java.lang.Class due to security restrictions.
2026-04-29 21:18:07,279 [ 592436]   WARN - org.apache.velocity.introspection - Cannot retrieve method capitalizeWithJavaBeanConvention from object of class java.lang.Class due to security restrictions.
2026-04-29 21:18:07,300 [ 592457]   WARN - org.apache.velocity.introspection - Cannot retrieve method getPropertyName from object of class java.lang.Class due to security restrictions.
2026-04-29 21:18:07,301 [ 592458]   WARN - org.apache.velocity.introspection - Cannot retrieve method sanitizeJavaIdentifier from object of class java.lang.Class due to security restrictions.
2026-04-29 21:18:07,301 [ 592458]   WARN - org.apache.velocity.introspection - Cannot retrieve method capitalizeWithJavaBeanConvention from object of class java.lang.Class due to security restrictions.
2026-04-29 21:18:13,528 [ 598685]   WARN - org.apache.velocity.introspection - Cannot retrieve method getPropertyName from object of class java.lang.Class due to security restrictions.
2026-04-29 21:18:13,528 [ 598685]   WARN - org.apache.velocity.introspection - Cannot retrieve method sanitizeJavaIdentifier from object of class java.lang.Class due to security restrictions.
2026-04-29 21:18:13,528 [ 598685]   WARN - org.apache.velocity.introspection - Cannot retrieve method capitalizeWithJavaBeanConvention from object of class java.lang.Class due to security restrictions.
2026-04-29 21:18:13,541 [ 598698]   WARN - org.apache.velocity.introspection - Cannot retrieve method getParamName from object of class java.lang.Class due to security restrictions.
2026-04-29 21:18:13,541 [ 598698]   WARN - org.apache.velocity.introspection - Cannot retrieve method getPropertyName from object of class java.lang.Class due to security restrictions.
2026-04-29 21:18:13,542 [ 598699]   WARN - org.apache.velocity.introspection - Cannot retrieve method sanitizeJavaIdentifier from object of class java.lang.Class due to security restrictions.
2026-04-29 21:18:13,542 [ 598699]   WARN - org.apache.velocity.introspection - Cannot retrieve method capitalizeWithJavaBeanConvention from object of class java.lang.Class due to security restrictions.
2026-04-29 21:18:13,561 [ 598718]   WARN - org.apache.velocity.introspection - Cannot retrieve method getPropertyName from object of class java.lang.Class due to security restrictions.
2026-04-29 21:18:13,561 [ 598718]   WARN - org.apache.velocity.introspection - Cannot retrieve method sanitizeJavaIdentifier from object of class java.lang.Class due to security restrictions.
2026-04-29 21:18:13,561 [ 598718]   WARN - org.apache.velocity.introspection - Cannot retrieve method capitalizeWithJavaBeanConvention from object of class java.lang.Class due to security restrictions.
2026-04-29 21:18:13,656 [ 598813]   WARN - org.apache.velocity.introspection - Cannot retrieve method getPropertyName from object of class java.lang.Class due to security restrictions.
2026-04-29 21:18:13,657 [ 598814]   WARN - org.apache.velocity.introspection - Cannot retrieve method sanitizeJavaIdentifier from object of class java.lang.Class due to security restrictions.
2026-04-29 21:18:13,657 [ 598814]   WARN - org.apache.velocity.introspection - Cannot retrieve method capitalizeWithJavaBeanConvention from object of class java.lang.Class due to security restrictions.
2026-04-29 21:18:13,668 [ 598825]   WARN - org.apache.velocity.introspection - Cannot retrieve method getParamName from object of class java.lang.Class due to security restrictions.
2026-04-29 21:18:13,669 [ 598826]   WARN - org.apache.velocity.introspection - Cannot retrieve method getPropertyName from object of class java.lang.Class due to security restrictions.
2026-04-29 21:18:13,669 [ 598826]   WARN - org.apache.velocity.introspection - Cannot retrieve method sanitizeJavaIdentifier from object of class java.lang.Class due to security restrictions.
2026-04-29 21:18:13,669 [ 598826]   WARN - org.apache.velocity.introspection - Cannot retrieve method capitalizeWithJavaBeanConvention from object of class java.lang.Class due to security restrictions.
2026-04-29 21:18:13,677 [ 598834]   WARN - org.apache.velocity.introspection - Cannot retrieve method getPropertyName from object of class java.lang.Class due to security restrictions.
2026-04-29 21:18:13,677 [ 598834]   WARN - org.apache.velocity.introspection - Cannot retrieve method sanitizeJavaIdentifier from object of class java.lang.Class due to security restrictions.
2026-04-29 21:18:13,677 [ 598834]   WARN - org.apache.velocity.introspection - Cannot retrieve method capitalizeWithJavaBeanConvention from object of class java.lang.Class due to security restrictions.
2026-04-29 21:18:13,688 [ 598845]   WARN - org.apache.velocity.introspection - Cannot retrieve method getParamName from object of class java.lang.Class due to security restrictions.
2026-04-29 21:18:13,688 [ 598845]   WARN - org.apache.velocity.introspection - Cannot retrieve method getPropertyName from object of class java.lang.Class due to security restrictions.
2026-04-29 21:18:13,689 [ 598846]   WARN - org.apache.velocity.introspection - Cannot retrieve method sanitizeJavaIdentifier from object of class java.lang.Class due to security restrictions.
2026-04-29 21:18:13,689 [ 598846]   WARN - org.apache.velocity.introspection - Cannot retrieve method capitalizeWithJavaBeanConvention from object of class java.lang.Class due to security restrictions.
2026-04-29 21:18:13,696 [ 598853]   WARN - org.apache.velocity.introspection - Cannot retrieve method getPropertyName from object of class java.lang.Class due to security restrictions.
2026-04-29 21:18:13,696 [ 598853]   WARN - org.apache.velocity.introspection - Cannot retrieve method sanitizeJavaIdentifier from object of class java.lang.Class due to security restrictions.
2026-04-29 21:18:13,696 [ 598853]   WARN - org.apache.velocity.introspection - Cannot retrieve method capitalizeWithJavaBeanConvention from object of class java.lang.Class due to security restrictions.
2026-04-29 21:18:13,705 [ 598862]   WARN - org.apache.velocity.introspection - Cannot retrieve method getParamName from object of class java.lang.Class due to security restrictions.
2026-04-29 21:18:13,705 [ 598862]   WARN - org.apache.velocity.introspection - Cannot retrieve method getPropertyName from object of class java.lang.Class due to security restrictions.
2026-04-29 21:18:13,705 [ 598862]   WARN - org.apache.velocity.introspection - Cannot retrieve method sanitizeJavaIdentifier from object of class java.lang.Class due to security restrictions.
2026-04-29 21:18:13,705 [ 598862]   WARN - org.apache.velocity.introspection - Cannot retrieve method capitalizeWithJavaBeanConvention from object of class java.lang.Class due to security restrictions.
2026-04-29 21:18:13,715 [ 598872]   WARN - org.apache.velocity.introspection - Cannot retrieve method getPropertyName from object of class java.lang.Class due to security restrictions.
2026-04-29 21:18:13,716 [ 598873]   WARN - org.apache.velocity.introspection - Cannot retrieve method sanitizeJavaIdentifier from object of class java.lang.Class due to security restrictions.
2026-04-29 21:18:13,716 [ 598873]   WARN - org.apache.velocity.introspection - Cannot retrieve method capitalizeWithJavaBeanConvention from object of class java.lang.Class due to security restrictions.
2026-04-29 21:18:13,771 [ 598928]   WARN - org.apache.velocity.introspection - Cannot retrieve method getPropertyName from object of class java.lang.Class due to security restrictions.
2026-04-29 21:18:13,771 [ 598928]   WARN - org.apache.velocity.introspection - Cannot retrieve method sanitizeJavaIdentifier from object of class java.lang.Class due to security restrictions.
2026-04-29 21:18:13,771 [ 598928]   WARN - org.apache.velocity.introspection - Cannot retrieve method capitalizeWithJavaBeanConvention from object of class java.lang.Class due to security restrictions.
2026-04-29 21:18:13,778 [ 598935]   WARN - org.apache.velocity.introspection - Cannot retrieve method getParamName from object of class java.lang.Class due to security restrictions.
2026-04-29 21:18:13,779 [ 598936]   WARN - org.apache.velocity.introspection - Cannot retrieve method getPropertyName from object of class java.lang.Class due to security restrictions.
2026-04-29 21:18:13,779 [ 598936]   WARN - org.apache.velocity.introspection - Cannot retrieve method sanitizeJavaIdentifier from object of class java.lang.Class due to security restrictions.
2026-04-29 21:18:13,779 [ 598936]   WARN - org.apache.velocity.introspection - Cannot retrieve method capitalizeWithJavaBeanConvention from object of class java.lang.Class due to security restrictions.
2026-04-29 21:18:13,789 [ 598946]   WARN - org.apache.velocity.introspection - Cannot retrieve method getPropertyName from object of class java.lang.Class due to security restrictions.
2026-04-29 21:18:13,789 [ 598946]   WARN - org.apache.velocity.introspection - Cannot retrieve method sanitizeJavaIdentifier from object of class java.lang.Class due to security restrictions.
2026-04-29 21:18:13,789 [ 598946]   WARN - org.apache.velocity.introspection - Cannot retrieve method capitalizeWithJavaBeanConvention from object of class java.lang.Class due to security restrictions.
2026-04-29 21:18:13,796 [ 598953]   WARN - org.apache.velocity.introspection - Cannot retrieve method getParamName from object of class java.lang.Class due to security restrictions.
2026-04-29 21:18:13,796 [ 598953]   WARN - org.apache.velocity.introspection - Cannot retrieve method getPropertyName from object of class java.lang.Class due to security restrictions.
2026-04-29 21:18:13,796 [ 598953]   WARN - org.apache.velocity.introspection - Cannot retrieve method sanitizeJavaIdentifier from object of class java.lang.Class due to security restrictions.
2026-04-29 21:18:13,797 [ 598954]   WARN - org.apache.velocity.introspection - Cannot retrieve method capitalizeWithJavaBeanConvention from object of class java.lang.Class due to security restrictions.
2026-04-29 21:18:13,802 [ 598959]   WARN - org.apache.velocity.introspection - Cannot retrieve method getPropertyName from object of class java.lang.Class due to security restrictions.
2026-04-29 21:18:13,802 [ 598959]   WARN - org.apache.velocity.introspection - Cannot retrieve method sanitizeJavaIdentifier from object of class java.lang.Class due to security restrictions.
2026-04-29 21:18:13,802 [ 598959]   WARN - org.apache.velocity.introspection - Cannot retrieve method capitalizeWithJavaBeanConvention from object of class java.lang.Class due to security restrictions.
2026-04-29 21:18:13,810 [ 598967]   WARN - org.apache.velocity.introspection - Cannot retrieve method getParamName from object of class java.lang.Class due to security restrictions.
2026-04-29 21:18:13,810 [ 598967]   WARN - org.apache.velocity.introspection - Cannot retrieve method getPropertyName from object of class java.lang.Class due to security restrictions.
2026-04-29 21:18:13,810 [ 598967]   WARN - org.apache.velocity.introspection - Cannot retrieve method sanitizeJavaIdentifier from object of class java.lang.Class due to security restrictions.
2026-04-29 21:18:13,810 [ 598967]   WARN - org.apache.velocity.introspection - Cannot retrieve method capitalizeWithJavaBeanConvention from object of class java.lang.Class due to security restrictions.
2026-04-29 21:18:13,818 [ 598975]   WARN - org.apache.velocity.introspection - Cannot retrieve method getPropertyName from object of class java.lang.Class due to security restrictions.
2026-04-29 21:18:13,819 [ 598976]   WARN - org.apache.velocity.introspection - Cannot retrieve method sanitizeJavaIdentifier from object of class java.lang.Class due to security restrictions.
2026-04-29 21:18:13,819 [ 598976]   WARN - org.apache.velocity.introspection - Cannot retrieve method capitalizeWithJavaBeanConvention from object of class java.lang.Class due to security restrictions.
2026-04-29 21:18:13,823 [ 598980]   WARN - org.apache.velocity.introspection - Cannot retrieve method getParamName from object of class java.lang.Class due to security restrictions.
2026-04-29 21:18:13,824 [ 598981]   WARN - org.apache.velocity.introspection - Cannot retrieve method getPropertyName from object of class java.lang.Class due to security restrictions.
2026-04-29 21:18:13,824 [ 598981]   WARN - org.apache.velocity.introspection - Cannot retrieve method sanitizeJavaIdentifier from object of class java.lang.Class due to security restrictions.
2026-04-29 21:18:13,824 [ 598981]   WARN - org.apache.velocity.introspection - Cannot retrieve method capitalizeWithJavaBeanConvention from object of class java.lang.Class due to security restrictions.
2026-04-29 21:18:13,830 [ 598987]   WARN - org.apache.velocity.introspection - Cannot retrieve method getPropertyName from object of class java.lang.Class due to security restrictions.
2026-04-29 21:18:13,830 [ 598987]   WARN - org.apache.velocity.introspection - Cannot retrieve method sanitizeJavaIdentifier from object of class java.lang.Class due to security restrictions.
2026-04-29 21:18:13,830 [ 598987]   WARN - org.apache.velocity.introspection - Cannot retrieve method capitalizeWithJavaBeanConvention from object of class java.lang.Class due to security restrictions.
2026-04-29 21:18:13,836 [ 598993]   WARN - org.apache.velocity.introspection - Cannot retrieve method getParamName from object of class java.lang.Class due to security restrictions.
2026-04-29 21:18:13,836 [ 598993]   WARN - org.apache.velocity.introspection - Cannot retrieve method getPropertyName from object of class java.lang.Class due to security restrictions.
2026-04-29 21:18:13,836 [ 598993]   WARN - org.apache.velocity.introspection - Cannot retrieve method sanitizeJavaIdentifier from object of class java.lang.Class due to security restrictions.
2026-04-29 21:18:13,837 [ 598994]   WARN - org.apache.velocity.introspection - Cannot retrieve method capitalizeWithJavaBeanConvention from object of class java.lang.Class due to security restrictions.
2026-04-29 21:18:13,842 [ 598999]   WARN - org.apache.velocity.introspection - Cannot retrieve method getPropertyName from object of class java.lang.Class due to security restrictions.
2026-04-29 21:18:13,842 [ 598999]   WARN - org.apache.velocity.introspection - Cannot retrieve method sanitizeJavaIdentifier from object of class java.lang.Class due to security restrictions.
2026-04-29 21:18:13,842 [ 598999]   WARN - org.apache.velocity.introspection - Cannot retrieve method capitalizeWithJavaBeanConvention from object of class java.lang.Class due to security restrictions.
2026-04-29 21:18:13,847 [ 599004]   WARN - org.apache.velocity.introspection - Cannot retrieve method getParamName from object of class java.lang.Class due to security restrictions.
2026-04-29 21:18:13,847 [ 599004]   WARN - org.apache.velocity.introspection - Cannot retrieve method getPropertyName from object of class java.lang.Class due to security restrictions.
2026-04-29 21:18:13,847 [ 599004]   WARN - org.apache.velocity.introspection - Cannot retrieve method sanitizeJavaIdentifier from object of class java.lang.Class due to security restrictions.
2026-04-29 21:18:13,847 [ 599004]   WARN - org.apache.velocity.introspection - Cannot retrieve method capitalizeWithJavaBeanConvention from object of class java.lang.Class due to security restrictions.
2026-04-29 21:18:13,852 [ 599009]   WARN - org.apache.velocity.introspection - Cannot retrieve method getPropertyName from object of class java.lang.Class due to security restrictions.
2026-04-29 21:18:13,853 [ 599010]   WARN - org.apache.velocity.introspection - Cannot retrieve method sanitizeJavaIdentifier from object of class java.lang.Class due to security restrictions.
2026-04-29 21:18:13,853 [ 599010]   WARN - org.apache.velocity.introspection - Cannot retrieve method capitalizeWithJavaBeanConvention from object of class java.lang.Class due to security restrictions.
2026-04-29 21:18:13,858 [ 599015]   WARN - org.apache.velocity.introspection - Cannot retrieve method getParamName from object of class java.lang.Class due to security restrictions.
2026-04-29 21:18:13,858 [ 599015]   WARN - org.apache.velocity.introspection - Cannot retrieve method getPropertyName from object of class java.lang.Class due to security restrictions.
2026-04-29 21:18:13,858 [ 599015]   WARN - org.apache.velocity.introspection - Cannot retrieve method sanitizeJavaIdentifier from object of class java.lang.Class due to security restrictions.
2026-04-29 21:18:13,858 [ 599015]   WARN - org.apache.velocity.introspection - Cannot retrieve method capitalizeWithJavaBeanConvention from object of class java.lang.Class due to security restrictions.
2026-04-29 21:18:13,918 [ 599075]   WARN - org.apache.velocity.introspection - Cannot retrieve method getPropertyName from object of class java.lang.Class due to security restrictions.
2026-04-29 21:18:13,918 [ 599075]   WARN - org.apache.velocity.introspection - Cannot retrieve method sanitizeJavaIdentifier from object of class java.lang.Class due to security restrictions.
2026-04-29 21:18:13,918 [ 599075]   WARN - org.apache.velocity.introspection - Cannot retrieve method capitalizeWithJavaBeanConvention from object of class java.lang.Class due to security restrictions.
2026-04-29 21:18:13,934 [ 599091]   WARN - org.apache.velocity.introspection - Cannot retrieve method getParamName from object of class java.lang.Class due to security restrictions.
2026-04-29 21:18:13,934 [ 599091]   WARN - org.apache.velocity.introspection - Cannot retrieve method getPropertyName from object of class java.lang.Class due to security restrictions.
2026-04-29 21:18:13,934 [ 599091]   WARN - org.apache.velocity.introspection - Cannot retrieve method sanitizeJavaIdentifier from object of class java.lang.Class due to security restrictions.
2026-04-29 21:18:13,934 [ 599091]   WARN - org.apache.velocity.introspection - Cannot retrieve method capitalizeWithJavaBeanConvention from object of class java.lang.Class due to security restrictions.
2026-04-29 21:18:13,943 [ 599100]   WARN - org.apache.velocity.introspection - Cannot retrieve method getPropertyName from object of class java.lang.Class due to security restrictions.
2026-04-29 21:18:13,943 [ 599100]   WARN - org.apache.velocity.introspection - Cannot retrieve method sanitizeJavaIdentifier from object of class java.lang.Class due to security restrictions.
2026-04-29 21:18:13,943 [ 599100]   WARN - org.apache.velocity.introspection - Cannot retrieve method capitalizeWithJavaBeanConvention from object of class java.lang.Class due to security restrictions.
2026-04-29 21:18:13,948 [ 599105]   WARN - org.apache.velocity.introspection - Cannot retrieve method getParamName from object of class java.lang.Class due to security restrictions.
2026-04-29 21:18:13,948 [ 599105]   WARN - org.apache.velocity.introspection - Cannot retrieve method getPropertyName from object of class java.lang.Class due to security restrictions.
2026-04-29 21:18:13,948 [ 599105]   WARN - org.apache.velocity.introspection - Cannot retrieve method sanitizeJavaIdentifier from object of class java.lang.Class due to security restrictions.
2026-04-29 21:18:13,948 [ 599105]   WARN - org.apache.velocity.introspection - Cannot retrieve method capitalizeWithJavaBeanConvention from object of class java.lang.Class due to security restrictions.
2026-04-29 21:18:13,953 [ 599110]   WARN - org.apache.velocity.introspection - Cannot retrieve method getPropertyName from object of class java.lang.Class due to security restrictions.
2026-04-29 21:18:13,953 [ 599110]   WARN - org.apache.velocity.introspection - Cannot retrieve method sanitizeJavaIdentifier from object of class java.lang.Class due to security restrictions.
2026-04-29 21:18:13,953 [ 599110]   WARN - org.apache.velocity.introspection - Cannot retrieve method capitalizeWithJavaBeanConvention from object of class java.lang.Class due to security restrictions.
2026-04-29 21:18:13,957 [ 599114]   WARN - org.apache.velocity.introspection - Cannot retrieve method getParamName from object of class java.lang.Class due to security restrictions.
2026-04-29 21:18:13,957 [ 599114]   WARN - org.apache.velocity.introspection - Cannot retrieve method getPropertyName from object of class java.lang.Class due to security restrictions.
2026-04-29 21:18:13,957 [ 599114]   WARN - org.apache.velocity.introspection - Cannot retrieve method sanitizeJavaIdentifier from object of class java.lang.Class due to security restrictions.
2026-04-29 21:18:13,957 [ 599114]   WARN - org.apache.velocity.introspection - Cannot retrieve method capitalizeWithJavaBeanConvention from object of class java.lang.Class due to security restrictions.
2026-04-29 21:18:13,964 [ 599121]   WARN - org.apache.velocity.introspection - Cannot retrieve method getPropertyName from object of class java.lang.Class due to security restrictions.
2026-04-29 21:18:13,964 [ 599121]   WARN - org.apache.velocity.introspection - Cannot retrieve method sanitizeJavaIdentifier from object of class java.lang.Class due to security restrictions.
2026-04-29 21:18:13,964 [ 599121]   WARN - org.apache.velocity.introspection - Cannot retrieve method capitalizeWithJavaBeanConvention from object of class java.lang.Class due to security restrictions.
2026-04-29 21:18:13,969 [ 599126]   WARN - org.apache.velocity.introspection - Cannot retrieve method getParamName from object of class java.lang.Class due to security restrictions.
2026-04-29 21:18:13,969 [ 599126]   WARN - org.apache.velocity.introspection - Cannot retrieve method getPropertyName from object of class java.lang.Class due to security restrictions.
2026-04-29 21:18:13,969 [ 599126]   WARN - org.apache.velocity.introspection - Cannot retrieve method sanitizeJavaIdentifier from object of class java.lang.Class due to security restrictions.
2026-04-29 21:18:13,969 [ 599126]   WARN - org.apache.velocity.introspection - Cannot retrieve method capitalizeWithJavaBeanConvention from object of class java.lang.Class due to security restrictions.
2026-04-29 21:18:13,975 [ 599132]   WARN - org.apache.velocity.introspection - Cannot retrieve method getPropertyName from object of class java.lang.Class due to security restrictions.
2026-04-29 21:18:13,975 [ 599132]   WARN - org.apache.velocity.introspection - Cannot retrieve method sanitizeJavaIdentifier from object of class java.lang.Class due to security restrictions.
2026-04-29 21:18:13,976 [ 599133]   WARN - org.apache.velocity.introspection - Cannot retrieve method capitalizeWithJavaBeanConvention from object of class java.lang.Class due to security restrictions.
2026-04-29 21:18:13,981 [ 599138]   WARN - org.apache.velocity.introspection - Cannot retrieve method getParamName from object of class java.lang.Class due to security restrictions.
2026-04-29 21:18:13,981 [ 599138]   WARN - org.apache.velocity.introspection - Cannot retrieve method getPropertyName from object of class java.lang.Class due to security restrictions.
2026-04-29 21:18:13,981 [ 599138]   WARN - org.apache.velocity.introspection - Cannot retrieve method sanitizeJavaIdentifier from object of class java.lang.Class due to security restrictions.
2026-04-29 21:18:13,981 [ 599138]   WARN - org.apache.velocity.introspection - Cannot retrieve method capitalizeWithJavaBeanConvention from object of class java.lang.Class due to security restrictions.
2026-04-29 21:18:13,987 [ 599144]   WARN - org.apache.velocity.introspection - Cannot retrieve method getPropertyName from object of class java.lang.Class due to security restrictions.
2026-04-29 21:18:13,987 [ 599144]   WARN - org.apache.velocity.introspection - Cannot retrieve method sanitizeJavaIdentifier from object of class java.lang.Class due to security restrictions.
2026-04-29 21:18:13,987 [ 599144]   WARN - org.apache.velocity.introspection - Cannot retrieve method capitalizeWithJavaBeanConvention from object of class java.lang.Class due to security restrictions.
2026-04-29 21:18:13,993 [ 599150]   WARN - org.apache.velocity.introspection - Cannot retrieve method getParamName from object of class java.lang.Class due to security restrictions.
2026-04-29 21:18:13,994 [ 599151]   WARN - org.apache.velocity.introspection - Cannot retrieve method getPropertyName from object of class java.lang.Class due to security restrictions.
2026-04-29 21:18:13,994 [ 599151]   WARN - org.apache.velocity.introspection - Cannot retrieve method sanitizeJavaIdentifier from object of class java.lang.Class due to security restrictions.
2026-04-29 21:18:13,994 [ 599151]   WARN - org.apache.velocity.introspection - Cannot retrieve method capitalizeWithJavaBeanConvention from object of class java.lang.Class due to security restrictions.
2026-04-29 21:18:14,027 [ 599184]   WARN - org.apache.velocity.introspection - Cannot retrieve method getPropertyName from object of class java.lang.Class due to security restrictions.
2026-04-29 21:18:14,028 [ 599185]   WARN - org.apache.velocity.introspection - Cannot retrieve method sanitizeJavaIdentifier from object of class java.lang.Class due to security restrictions.
2026-04-29 21:18:14,028 [ 599185]   WARN - org.apache.velocity.introspection - Cannot retrieve method capitalizeWithJavaBeanConvention from object of class java.lang.Class due to security restrictions.
2026-04-29 21:18:14,035 [ 599192]   WARN - org.apache.velocity.introspection - Cannot retrieve method getParamName from object of class java.lang.Class due to security restrictions.
2026-04-29 21:18:14,036 [ 599193]   WARN - org.apache.velocity.introspection - Cannot retrieve method getPropertyName from object of class java.lang.Class due to security restrictions.
2026-04-29 21:18:14,036 [ 599193]   WARN - org.apache.velocity.introspection - Cannot retrieve method sanitizeJavaIdentifier from object of class java.lang.Class due to security restrictions.
2026-04-29 21:18:14,036 [ 599193]   WARN - org.apache.velocity.introspection - Cannot retrieve method capitalizeWithJavaBeanConvention from object of class java.lang.Class due to security restrictions.
2026-04-29 21:18:14,043 [ 599200]   WARN - org.apache.velocity.introspection - Cannot retrieve method getPropertyName from object of class java.lang.Class due to security restrictions.
2026-04-29 21:18:14,043 [ 599200]   WARN - org.apache.velocity.introspection - Cannot retrieve method sanitizeJavaIdentifier from object of class java.lang.Class due to security restrictions.
2026-04-29 21:18:14,043 [ 599200]   WARN - org.apache.velocity.introspection - Cannot retrieve method capitalizeWithJavaBeanConvention from object of class java.lang.Class due to security restrictions.
2026-04-29 21:18:14,048 [ 599205]   WARN - org.apache.velocity.introspection - Cannot retrieve method getParamName from object of class java.lang.Class due to security restrictions.
2026-04-29 21:18:14,049 [ 599206]   WARN - org.apache.velocity.introspection - Cannot retrieve method getPropertyName from object of class java.lang.Class due to security restrictions.
2026-04-29 21:18:14,049 [ 599206]   WARN - org.apache.velocity.introspection - Cannot retrieve method sanitizeJavaIdentifier from object of class java.lang.Class due to security restrictions.
2026-04-29 21:18:14,049 [ 599206]   WARN - org.apache.velocity.introspection - Cannot retrieve method capitalizeWithJavaBeanConvention from object of class java.lang.Class due to security restrictions.
2026-04-29 21:18:14,055 [ 599212]   WARN - org.apache.velocity.introspection - Cannot retrieve method getPropertyName from object of class java.lang.Class due to security restrictions.
2026-04-29 21:18:14,056 [ 599213]   WARN - org.apache.velocity.introspection - Cannot retrieve method sanitizeJavaIdentifier from object of class java.lang.Class due to security restrictions.
2026-04-29 21:18:14,056 [ 599213]   WARN - org.apache.velocity.introspection - Cannot retrieve method capitalizeWithJavaBeanConvention from object of class java.lang.Class due to security restrictions.
2026-04-29 21:18:14,061 [ 599218]   WARN - org.apache.velocity.introspection - Cannot retrieve method getParamName from object of class java.lang.Class due to security restrictions.
2026-04-29 21:18:14,061 [ 599218]   WARN - org.apache.velocity.introspection - Cannot retrieve method getPropertyName from object of class java.lang.Class due to security restrictions.
2026-04-29 21:18:14,061 [ 599218]   WARN - org.apache.velocity.introspection - Cannot retrieve method sanitizeJavaIdentifier from object of class java.lang.Class due to security restrictions.
2026-04-29 21:18:14,061 [ 599218]   WARN - org.apache.velocity.introspection - Cannot retrieve method capitalizeWithJavaBeanConvention from object of class java.lang.Class due to security restrictions.
2026-04-29 21:18:14,072 [ 599229]   WARN - org.apache.velocity.introspection - Cannot retrieve method getPropertyName from object of class java.lang.Class due to security restrictions.
2026-04-29 21:18:14,073 [ 599230]   WARN - org.apache.velocity.introspection - Cannot retrieve method sanitizeJavaIdentifier from object of class java.lang.Class due to security restrictions.
2026-04-29 21:18:14,073 [ 599230]   WARN - org.apache.velocity.introspection - Cannot retrieve method capitalizeWithJavaBeanConvention from object of class java.lang.Class due to security restrictions.
2026-04-29 21:18:14,080 [ 599237]   WARN - org.apache.velocity.introspection - Cannot retrieve method getParamName from object of class java.lang.Class due to security restrictions.
2026-04-29 21:18:14,080 [ 599237]   WARN - org.apache.velocity.introspection - Cannot retrieve method getPropertyName from object of class java.lang.Class due to security restrictions.
2026-04-29 21:18:14,080 [ 599237]   WARN - org.apache.velocity.introspection - Cannot retrieve method sanitizeJavaIdentifier from object of class java.lang.Class due to security restrictions.
2026-04-29 21:18:14,080 [ 599237]   WARN - org.apache.velocity.introspection - Cannot retrieve method capitalizeWithJavaBeanConvention from object of class java.lang.Class due to security restrictions.
2026-04-29 21:18:14,086 [ 599243]   WARN - org.apache.velocity.introspection - Cannot retrieve method getPropertyName from object of class java.lang.Class due to security restrictions.
2026-04-29 21:18:14,086 [ 599243]   WARN - org.apache.velocity.introspection - Cannot retrieve method sanitizeJavaIdentifier from object of class java.lang.Class due to security restrictions.
2026-04-29 21:18:14,086 [ 599243]   WARN - org.apache.velocity.introspection - Cannot retrieve method capitalizeWithJavaBeanConvention from object of class java.lang.Class due to security restrictions.
2026-04-29 21:18:14,091 [ 599248]   WARN - org.apache.velocity.introspection - Cannot retrieve method getParamName from object of class java.lang.Class due to security restrictions.
2026-04-29 21:18:14,091 [ 599248]   WARN - org.apache.velocity.introspection - Cannot retrieve method getPropertyName from object of class java.lang.Class due to security restrictions.
2026-04-29 21:18:14,091 [ 599248]   WARN - org.apache.velocity.introspection - Cannot retrieve method sanitizeJavaIdentifier from object of class java.lang.Class due to security restrictions.
2026-04-29 21:18:14,091 [ 599248]   WARN - org.apache.velocity.introspection - Cannot retrieve method capitalizeWithJavaBeanConvention from object of class java.lang.Class due to security restrictions.
2026-04-29 21:18:14,097 [ 599254]   WARN - org.apache.velocity.introspection - Cannot retrieve method getPropertyName from object of class java.lang.Class due to security restrictions.
2026-04-29 21:18:14,097 [ 599254]   WARN - org.apache.velocity.introspection - Cannot retrieve method sanitizeJavaIdentifier from object of class java.lang.Class due to security restrictions.
2026-04-29 21:18:14,097 [ 599254]   WARN - org.apache.velocity.introspection - Cannot retrieve method capitalizeWithJavaBeanConvention from object of class java.lang.Class due to security restrictions.
2026-04-29 21:18:14,103 [ 599260]   WARN - org.apache.velocity.introspection - Cannot retrieve method getParamName from object of class java.lang.Class due to security restrictions.
2026-04-29 21:18:14,103 [ 599260]   WARN - org.apache.velocity.introspection - Cannot retrieve method getPropertyName from object of class java.lang.Class due to security restrictions.
2026-04-29 21:18:14,103 [ 599260]   WARN - org.apache.velocity.introspection - Cannot retrieve method sanitizeJavaIdentifier from object of class java.lang.Class due to security restrictions.
2026-04-29 21:18:14,103 [ 599260]   WARN - org.apache.velocity.introspection - Cannot retrieve method capitalizeWithJavaBeanConvention from object of class java.lang.Class due to security restrictions.
2026-04-29 21:18:14,109 [ 599266]   WARN - org.apache.velocity.introspection - Cannot retrieve method getPropertyName from object of class java.lang.Class due to security restrictions.
2026-04-29 21:18:14,110 [ 599267]   WARN - org.apache.velocity.introspection - Cannot retrieve method sanitizeJavaIdentifier from object of class java.lang.Class due to security restrictions.
2026-04-29 21:18:14,110 [ 599267]   WARN - org.apache.velocity.introspection - Cannot retrieve method capitalizeWithJavaBeanConvention from object of class java.lang.Class due to security restrictions.
2026-04-29 21:18:14,115 [ 599272]   WARN - org.apache.velocity.introspection - Cannot retrieve method getParamName from object of class java.lang.Class due to security restrictions.
2026-04-29 21:18:14,115 [ 599272]   WARN - org.apache.velocity.introspection - Cannot retrieve method getPropertyName from object of class java.lang.Class due to security restrictions.
2026-04-29 21:18:14,115 [ 599272]   WARN - org.apache.velocity.introspection - Cannot retrieve method sanitizeJavaIdentifier from object of class java.lang.Class due to security restrictions.
2026-04-29 21:18:14,115 [ 599272]   WARN - org.apache.velocity.introspection - Cannot retrieve method capitalizeWithJavaBeanConvention from object of class java.lang.Class due to security restrictions.
2026-04-29 21:18:17.170 [DBG] [oshi.util.FileUtil] Reading file {}:[Ljava.lang.Object;@1962e551
2026-04-29 21:18:17.170 [DBG] [oshi.util.FileUtil] Reading file {}:[Ljava.lang.Object;@65be7c52
2026-04-29 21:18:17.170 [DBG] [oshi.util.FileUtil] Reading file {}:[Ljava.lang.Object;@2f901033
2026-04-29 21:18:17.171 [DBG] [oshi.util.FileUtil] Reading file {}:[Ljava.lang.Object;@1ee893c0
2026-04-29 21:18:17.171 [DBG] [oshi.util.FileUtil] Reading file {}:[Ljava.lang.Object;@102ea521
2026-04-29 21:18:17.171 [DBG] [oshi.util.FileUtil] Reading file {}:[Ljava.lang.Object;@6e4179a
2026-04-29 21:18:17,455 [ 602612]   WARN - org.apache.velocity.introspection - Cannot retrieve method getPropertyName from object of class java.lang.Class due to security restrictions.
2026-04-29 21:18:17,456 [ 602613]   WARN - org.apache.velocity.introspection - Cannot retrieve method sanitizeJavaIdentifier from object of class java.lang.Class due to security restrictions.
2026-04-29 21:18:17,456 [ 602613]   WARN - org.apache.velocity.introspection - Cannot retrieve method capitalizeWithJavaBeanConvention from object of class java.lang.Class due to security restrictions.
2026-04-29 21:18:17,468 [ 602625]   WARN - org.apache.velocity.introspection - Cannot retrieve method getParamName from object of class java.lang.Class due to security restrictions.
2026-04-29 21:18:17,468 [ 602625]   WARN - org.apache.velocity.introspection - Cannot retrieve method getPropertyName from object of class java.lang.Class due to security restrictions.
2026-04-29 21:18:17,468 [ 602625]   WARN - org.apache.velocity.introspection - Cannot retrieve method sanitizeJavaIdentifier from object of class java.lang.Class due to security restrictions.
2026-04-29 21:18:17,468 [ 602625]   WARN - org.apache.velocity.introspection - Cannot retrieve method capitalizeWithJavaBeanConvention from object of class java.lang.Class due to security restrictions.
2026-04-29 21:18:17,480 [ 602637]   WARN - org.apache.velocity.introspection - Cannot retrieve method getPropertyName from object of class java.lang.Class due to security restrictions.
2026-04-29 21:18:17,480 [ 602637]   WARN - org.apache.velocity.introspection - Cannot retrieve method sanitizeJavaIdentifier from object of class java.lang.Class due to security restrictions.
2026-04-29 21:18:17,481 [ 602638]   WARN - org.apache.velocity.introspection - Cannot retrieve method capitalizeWithJavaBeanConvention from object of class java.lang.Class due to security restrictions.
2026-04-29 21:18:17,489 [ 602646]   WARN - org.apache.velocity.introspection - Cannot retrieve method getParamName from object of class java.lang.Class due to security restrictions.
2026-04-29 21:18:17,489 [ 602646]   WARN - org.apache.velocity.introspection - Cannot retrieve method getPropertyName from object of class java.lang.Class due to security restrictions.
2026-04-29 21:18:17,490 [ 602647]   WARN - org.apache.velocity.introspection - Cannot retrieve method sanitizeJavaIdentifier from object of class java.lang.Class due to security restrictions.
2026-04-29 21:18:17,490 [ 602647]   WARN - org.apache.velocity.introspection - Cannot retrieve method capitalizeWithJavaBeanConvention from object of class java.lang.Class due to security restrictions.
2026-04-29 21:18:17,500 [ 602657]   WARN - org.apache.velocity.introspection - Cannot retrieve method getPropertyName from object of class java.lang.Class due to security restrictions.
2026-04-29 21:18:17,500 [ 602657]   WARN - org.apache.velocity.introspection - Cannot retrieve method sanitizeJavaIdentifier from object of class java.lang.Class due to security restrictions.
2026-04-29 21:18:17,501 [ 602658]   WARN - org.apache.velocity.introspection - Cannot retrieve method capitalizeWithJavaBeanConvention from object of class java.lang.Class due to security restrictions.
2026-04-29 21:18:17,509 [ 602666]   WARN - org.apache.velocity.introspection - Cannot retrieve method getParamName from object of class java.lang.Class due to security restrictions.
2026-04-29 21:18:17,509 [ 602666]   WARN - org.apache.velocity.introspection - Cannot retrieve method getPropertyName from object of class java.lang.Class due to security restrictions.
2026-04-29 21:18:17,509 [ 602666]   WARN - org.apache.velocity.introspection - Cannot retrieve method sanitizeJavaIdentifier from object of class java.lang.Class due to security restrictions.
2026-04-29 21:18:17,510 [ 602667]   WARN - org.apache.velocity.introspection - Cannot retrieve method capitalizeWithJavaBeanConvention from object of class java.lang.Class due to security restrictions.
2026-04-29 21:18:17,553 [ 602710]   WARN - org.apache.velocity.introspection - Cannot retrieve method getPropertyName from object of class java.lang.Class due to security restrictions.
2026-04-29 21:18:17,553 [ 602710]   WARN - org.apache.velocity.introspection - Cannot retrieve method sanitizeJavaIdentifier from object of class java.lang.Class due to security restrictions.
2026-04-29 21:18:17,553 [ 602710]   WARN - org.apache.velocity.introspection - Cannot retrieve method capitalizeWithJavaBeanConvention from object of class java.lang.Class due to security restrictions.
2026-04-29 21:18:17,562 [ 602719]   WARN - org.apache.velocity.introspection - Cannot retrieve method getParamName from object of class java.lang.Class due to security restrictions.
2026-04-29 21:18:17,563 [ 602720]   WARN - org.apache.velocity.introspection - Cannot retrieve method getPropertyName from object of class java.lang.Class due to security restrictions.
2026-04-29 21:18:17,563 [ 602720]   WARN - org.apache.velocity.introspection - Cannot retrieve method sanitizeJavaIdentifier from object of class java.lang.Class due to security restrictions.
2026-04-29 21:18:17,563 [ 602720]   WARN - org.apache.velocity.introspection - Cannot retrieve method capitalizeWithJavaBeanConvention from object of class java.lang.Class due to security restrictions.
2026-04-29 21:18:17,572 [ 602729]   WARN - org.apache.velocity.introspection - Cannot retrieve method getPropertyName from object of class java.lang.Class due to security restrictions.
2026-04-29 21:18:17,573 [ 602730]   WARN - org.apache.velocity.introspection - Cannot retrieve method sanitizeJavaIdentifier from object of class java.lang.Class due to security restrictions.
2026-04-29 21:18:17,573 [ 602730]   WARN - org.apache.velocity.introspection - Cannot retrieve method capitalizeWithJavaBeanConvention from object of class java.lang.Class due to security restrictions.
2026-04-29 21:18:17,581 [ 602738]   WARN - org.apache.velocity.introspection - Cannot retrieve method getParamName from object of class java.lang.Class due to security restrictions.
2026-04-29 21:18:17,582 [ 602739]   WARN - org.apache.velocity.introspection - Cannot retrieve method getPropertyName from object of class java.lang.Class due to security restrictions.
2026-04-29 21:18:17,582 [ 602739]   WARN - org.apache.velocity.introspection - Cannot retrieve method sanitizeJavaIdentifier from object of class java.lang.Class due to security restrictions.
2026-04-29 21:18:17,582 [ 602739]   WARN - org.apache.velocity.introspection - Cannot retrieve method capitalizeWithJavaBeanConvention from object of class java.lang.Class due to security restrictions.
2026-04-29 21:18:17,591 [ 602748]   WARN - org.apache.velocity.introspection - Cannot retrieve method getPropertyName from object of class java.lang.Class due to security restrictions.
2026-04-29 21:18:17,592 [ 602749]   WARN - org.apache.velocity.introspection - Cannot retrieve method sanitizeJavaIdentifier from object of class java.lang.Class due to security restrictions.
2026-04-29 21:18:17,592 [ 602749]   WARN - org.apache.velocity.introspection - Cannot retrieve method capitalizeWithJavaBeanConvention from object of class java.lang.Class due to security restrictions.
2026-04-29 21:18:17,599 [ 602756]   WARN - org.apache.velocity.introspection - Cannot retrieve method getParamName from object of class java.lang.Class due to security restrictions.
2026-04-29 21:18:17,599 [ 602756]   WARN - org.apache.velocity.introspection - Cannot retrieve method getPropertyName from object of class java.lang.Class due to security restrictions.
2026-04-29 21:18:17,599 [ 602756]   WARN - org.apache.velocity.introspection - Cannot retrieve method sanitizeJavaIdentifier from object of class java.lang.Class due to security restrictions.
2026-04-29 21:18:17,600 [ 602757]   WARN - org.apache.velocity.introspection - Cannot retrieve method capitalizeWithJavaBeanConvention from object of class java.lang.Class due to security restrictions.
2026-04-29 21:18:17,608 [ 602765]   WARN - org.apache.velocity.introspection - Cannot retrieve method getPropertyName from object of class java.lang.Class due to security restrictions.
2026-04-29 21:18:17,608 [ 602765]   WARN - org.apache.velocity.introspection - Cannot retrieve method sanitizeJavaIdentifier from object of class java.lang.Class due to security restrictions.
2026-04-29 21:18:17,608 [ 602765]   WARN - org.apache.velocity.introspection - Cannot retrieve method capitalizeWithJavaBeanConvention from object of class java.lang.Class due to security restrictions.
2026-04-29 21:18:17,615 [ 602772]   WARN - org.apache.velocity.introspection - Cannot retrieve method getParamName from object of class java.lang.Class due to security restrictions.
2026-04-29 21:18:17,615 [ 602772]   WARN - org.apache.velocity.introspection - Cannot retrieve method getPropertyName from object of class java.lang.Class due to security restrictions.
2026-04-29 21:18:17,615 [ 602772]   WARN - org.apache.velocity.introspection - Cannot retrieve method sanitizeJavaIdentifier from object of class java.lang.Class due to security restrictions.
2026-04-29 21:18:17,615 [ 602772]   WARN - org.apache.velocity.introspection - Cannot retrieve method capitalizeWithJavaBeanConvention from object of class java.lang.Class due to security restrictions.
2026-04-29 21:18:17,928 [ 603085]   WARN - org.apache.velocity.introspection - Cannot retrieve method getPropertyName from object of class java.lang.Class due to security restrictions.
2026-04-29 21:18:17,929 [ 603086]   WARN - org.apache.velocity.introspection - Cannot retrieve method sanitizeJavaIdentifier from object of class java.lang.Class due to security restrictions.
2026-04-29 21:18:17,929 [ 603086]   WARN - org.apache.velocity.introspection - Cannot retrieve method capitalizeWithJavaBeanConvention from object of class java.lang.Class due to security restrictions.
2026-04-29 21:18:17,936 [ 603093]   WARN - org.apache.velocity.introspection - Cannot retrieve method getParamName from object of class java.lang.Class due to security restrictions.
2026-04-29 21:18:17,936 [ 603093]   WARN - org.apache.velocity.introspection - Cannot retrieve method getPropertyName from object of class java.lang.Class due to security restrictions.
2026-04-29 21:18:17,937 [ 603094]   WARN - org.apache.velocity.introspection - Cannot retrieve method sanitizeJavaIdentifier from object of class java.lang.Class due to security restrictions.
2026-04-29 21:18:17,937 [ 603094]   WARN - org.apache.velocity.introspection - Cannot retrieve method capitalizeWithJavaBeanConvention from object of class java.lang.Class due to security restrictions.
2026-04-29 21:18:17,943 [ 603100]   WARN - org.apache.velocity.introspection - Cannot retrieve method getPropertyName from object of class java.lang.Class due to security restrictions.
2026-04-29 21:18:17,943 [ 603100]   WARN - org.apache.velocity.introspection - Cannot retrieve method sanitizeJavaIdentifier from object of class java.lang.Class due to security restrictions.
2026-04-29 21:18:17,943 [ 603100]   WARN - org.apache.velocity.introspection - Cannot retrieve method capitalizeWithJavaBeanConvention from object of class java.lang.Class due to security restrictions.
2026-04-29 21:18:17,948 [ 603105]   WARN - org.apache.velocity.introspection - Cannot retrieve method getParamName from object of class java.lang.Class due to security restrictions.
2026-04-29 21:18:17,948 [ 603105]   WARN - org.apache.velocity.introspection - Cannot retrieve method getPropertyName from object of class java.lang.Class due to security restrictions.
2026-04-29 21:18:17,948 [ 603105]   WARN - org.apache.velocity.introspection - Cannot retrieve method sanitizeJavaIdentifier from object of class java.lang.Class due to security restrictions.
2026-04-29 21:18:17,948 [ 603105]   WARN - org.apache.velocity.introspection - Cannot retrieve method capitalizeWithJavaBeanConvention from object of class java.lang.Class due to security restrictions.
2026-04-29 21:18:17,953 [ 603110]   WARN - org.apache.velocity.introspection - Cannot retrieve method getPropertyName from object of class java.lang.Class due to security restrictions.
2026-04-29 21:18:17,954 [ 603111]   WARN - org.apache.velocity.introspection - Cannot retrieve method sanitizeJavaIdentifier from object of class java.lang.Class due to security restrictions.
2026-04-29 21:18:17,954 [ 603111]   WARN - org.apache.velocity.introspection - Cannot retrieve method capitalizeWithJavaBeanConvention from object of class java.lang.Class due to security restrictions.
2026-04-29 21:18:17,958 [ 603115]   WARN - org.apache.velocity.introspection - Cannot retrieve method getParamName from object of class java.lang.Class due to security restrictions.
2026-04-29 21:18:17,958 [ 603115]   WARN - org.apache.velocity.introspection - Cannot retrieve method getPropertyName from object of class java.lang.Class due to security restrictions.
2026-04-29 21:18:17,959 [ 603116]   WARN - org.apache.velocity.introspection - Cannot retrieve method sanitizeJavaIdentifier from object of class java.lang.Class due to security restrictions.
2026-04-29 21:18:17,959 [ 603116]   WARN - org.apache.velocity.introspection - Cannot retrieve method capitalizeWithJavaBeanConvention from object of class java.lang.Class due to security restrictions.
2026-04-29 21:18:17,968 [ 603125]   WARN - org.apache.velocity.introspection - Cannot retrieve method getPropertyName from object of class java.lang.Class due to security restrictions.
2026-04-29 21:18:17,969 [ 603126]   WARN - org.apache.velocity.introspection - Cannot retrieve method sanitizeJavaIdentifier from object of class java.lang.Class due to security restrictions.
2026-04-29 21:18:17,969 [ 603126]   WARN - org.apache.velocity.introspection - Cannot retrieve method capitalizeWithJavaBeanConvention from object of class java.lang.Class due to security restrictions.
2026-04-29 21:18:17,974 [ 603131]   WARN - org.apache.velocity.introspection - Cannot retrieve method getParamName from object of class java.lang.Class due to security restrictions.
2026-04-29 21:18:17,974 [ 603131]   WARN - org.apache.velocity.introspection - Cannot retrieve method getPropertyName from object of class java.lang.Class due to security restrictions.
2026-04-29 21:18:17,974 [ 603131]   WARN - org.apache.velocity.introspection - Cannot retrieve method sanitizeJavaIdentifier from object of class java.lang.Class due to security restrictions.
2026-04-29 21:18:17,974 [ 603131]   WARN - org.apache.velocity.introspection - Cannot retrieve method capitalizeWithJavaBeanConvention from object of class java.lang.Class due to security restrictions.
2026-04-29 21:18:17,979 [ 603136]   WARN - org.apache.velocity.introspection - Cannot retrieve method getPropertyName from object of class java.lang.Class due to security restrictions.
2026-04-29 21:18:17,980 [ 603137]   WARN - org.apache.velocity.introspection - Cannot retrieve method sanitizeJavaIdentifier from object of class java.lang.Class due to security restrictions.
2026-04-29 21:18:17,980 [ 603137]   WARN - org.apache.velocity.introspection - Cannot retrieve method capitalizeWithJavaBeanConvention from object of class java.lang.Class due to security restrictions.
2026-04-29 21:18:17,985 [ 603142]   WARN - org.apache.velocity.introspection - Cannot retrieve method getParamName from object of class java.lang.Class due to security restrictions.
2026-04-29 21:18:17,985 [ 603142]   WARN - org.apache.velocity.introspection - Cannot retrieve method getPropertyName from object of class java.lang.Class due to security restrictions.
2026-04-29 21:18:17,985 [ 603142]   WARN - org.apache.velocity.introspection - Cannot retrieve method sanitizeJavaIdentifier from object of class java.lang.Class due to security restrictions.
2026-04-29 21:18:17,985 [ 603142]   WARN - org.apache.velocity.introspection - Cannot retrieve method capitalizeWithJavaBeanConvention from object of class java.lang.Class due to security restrictions.
2026-04-29 21:18:17,990 [ 603147]   WARN - org.apache.velocity.introspection - Cannot retrieve method getPropertyName from object of class java.lang.Class due to security restrictions.
2026-04-29 21:18:17,990 [ 603147]   WARN - org.apache.velocity.introspection - Cannot retrieve method sanitizeJavaIdentifier from object of class java.lang.Class due to security restrictions.
2026-04-29 21:18:17,990 [ 603147]   WARN - org.apache.velocity.introspection - Cannot retrieve method capitalizeWithJavaBeanConvention from object of class java.lang.Class due to security restrictions.
2026-04-29 21:18:17,996 [ 603153]   WARN - org.apache.velocity.introspection - Cannot retrieve method getParamName from object of class java.lang.Class due to security restrictions.
2026-04-29 21:18:17,996 [ 603153]   WARN - org.apache.velocity.introspection - Cannot retrieve method getPropertyName from object of class java.lang.Class due to security restrictions.
2026-04-29 21:18:17,996 [ 603153]   WARN - org.apache.velocity.introspection - Cannot retrieve method sanitizeJavaIdentifier from object of class java.lang.Class due to security restrictions.
2026-04-29 21:18:17,996 [ 603153]   WARN - org.apache.velocity.introspection - Cannot retrieve method capitalizeWithJavaBeanConvention from object of class java.lang.Class due to security restrictions.
2026-04-29 21:18:18,002 [ 603159]   WARN - org.apache.velocity.introspection - Cannot retrieve method getPropertyName from object of class java.lang.Class due to security restrictions.
2026-04-29 21:18:18,002 [ 603159]   WARN - org.apache.velocity.introspection - Cannot retrieve method sanitizeJavaIdentifier from object of class java.lang.Class due to security restrictions.
2026-04-29 21:18:18,002 [ 603159]   WARN - org.apache.velocity.introspection - Cannot retrieve method capitalizeWithJavaBeanConvention from object of class java.lang.Class due to security restrictions.
2026-04-29 21:18:18,058 [ 603215]   WARN - org.apache.velocity.introspection - Cannot retrieve method getPropertyName from object of class java.lang.Class due to security restrictions.
2026-04-29 21:18:18,059 [ 603216]   WARN - org.apache.velocity.introspection - Cannot retrieve method sanitizeJavaIdentifier from object of class java.lang.Class due to security restrictions.
2026-04-29 21:18:18,059 [ 603216]   WARN - org.apache.velocity.introspection - Cannot retrieve method capitalizeWithJavaBeanConvention from object of class java.lang.Class due to security restrictions.
2026-04-29 21:18:18,065 [ 603222]   WARN - org.apache.velocity.introspection - Cannot retrieve method getParamName from object of class java.lang.Class due to security restrictions.
2026-04-29 21:18:18,065 [ 603222]   WARN - org.apache.velocity.introspection - Cannot retrieve method getPropertyName from object of class java.lang.Class due to security restrictions.
2026-04-29 21:18:18,065 [ 603222]   WARN - org.apache.velocity.introspection - Cannot retrieve method sanitizeJavaIdentifier from object of class java.lang.Class due to security restrictions.
2026-04-29 21:18:18,065 [ 603222]   WARN - org.apache.velocity.introspection - Cannot retrieve method capitalizeWithJavaBeanConvention from object of class java.lang.Class due to security restrictions.
2026-04-29 21:18:18,071 [ 603228]   WARN - org.apache.velocity.introspection - Cannot retrieve method getPropertyName from object of class java.lang.Class due to security restrictions.
2026-04-29 21:18:18,071 [ 603228]   WARN - org.apache.velocity.introspection - Cannot retrieve method sanitizeJavaIdentifier from object of class java.lang.Class due to security restrictions.
2026-04-29 21:18:18,071 [ 603228]   WARN - org.apache.velocity.introspection - Cannot retrieve method capitalizeWithJavaBeanConvention from object of class java.lang.Class due to security restrictions.
2026-04-29 21:18:18,124 [ 603281]   WARN - org.apache.velocity.introspection - Cannot retrieve method getPropertyName from object of class java.lang.Class due to security restrictions.
2026-04-29 21:18:18,125 [ 603282]   WARN - org.apache.velocity.introspection - Cannot retrieve method sanitizeJavaIdentifier from object of class java.lang.Class due to security restrictions.
2026-04-29 21:18:18,125 [ 603282]   WARN - org.apache.velocity.introspection - Cannot retrieve method capitalizeWithJavaBeanConvention from object of class java.lang.Class due to security restrictions.
2026-04-29 21:18:18,189 [ 603346]   WARN - org.apache.velocity.introspection - Cannot retrieve method getPropertyName from object of class java.lang.Class due to security restrictions.
2026-04-29 21:18:18,189 [ 603346]   WARN - org.apache.velocity.introspection - Cannot retrieve method sanitizeJavaIdentifier from object of class java.lang.Class due to security restrictions.
2026-04-29 21:18:18,189 [ 603346]   WARN - org.apache.velocity.introspection - Cannot retrieve method capitalizeWithJavaBeanConvention from object of class java.lang.Class due to security restrictions.
2026-04-29 21:18:18,199 [ 603356]   WARN - org.apache.velocity.introspection - Cannot retrieve method getParamName from object of class java.lang.Class due to security restrictions.
2026-04-29 21:18:18,199 [ 603356]   WARN - org.apache.velocity.introspection - Cannot retrieve method getPropertyName from object of class java.lang.Class due to security restrictions.
2026-04-29 21:18:18,199 [ 603356]   WARN - org.apache.velocity.introspection - Cannot retrieve method sanitizeJavaIdentifier from object of class java.lang.Class due to security restrictions.
2026-04-29 21:18:18,199 [ 603356]   WARN - org.apache.velocity.introspection - Cannot retrieve method capitalizeWithJavaBeanConvention from object of class java.lang.Class due to security restrictions.
2026-04-29 21:18:18,206 [ 603363]   WARN - org.apache.velocity.introspection - Cannot retrieve method getPropertyName from object of class java.lang.Class due to security restrictions.
2026-04-29 21:18:18,206 [ 603363]   WARN - org.apache.velocity.introspection - Cannot retrieve method sanitizeJavaIdentifier from object of class java.lang.Class due to security restrictions.
2026-04-29 21:18:18,206 [ 603363]   WARN - org.apache.velocity.introspection - Cannot retrieve method capitalizeWithJavaBeanConvention from object of class java.lang.Class due to security restrictions.
2026-04-29 21:18:18,211 [ 603368]   WARN - org.apache.velocity.introspection - Cannot retrieve method getParamName from object of class java.lang.Class due to security restrictions.
2026-04-29 21:18:18,211 [ 603368]   WARN - org.apache.velocity.introspection - Cannot retrieve method getPropertyName from object of class java.lang.Class due to security restrictions.
2026-04-29 21:18:18,211 [ 603368]   WARN - org.apache.velocity.introspection - Cannot retrieve method sanitizeJavaIdentifier from object of class java.lang.Class due to security restrictions.
2026-04-29 21:18:18,212 [ 603369]   WARN - org.apache.velocity.introspection - Cannot retrieve method capitalizeWithJavaBeanConvention from object of class java.lang.Class due to security restrictions.
2026-04-29 21:18:18,217 [ 603374]   WARN - org.apache.velocity.introspection - Cannot retrieve method getPropertyName from object of class java.lang.Class due to security restrictions.
2026-04-29 21:18:18,217 [ 603374]   WARN - org.apache.velocity.introspection - Cannot retrieve method sanitizeJavaIdentifier from object of class java.lang.Class due to security restrictions.
2026-04-29 21:18:18,217 [ 603374]   WARN - org.apache.velocity.introspection - Cannot retrieve method capitalizeWithJavaBeanConvention from object of class java.lang.Class due to security restrictions.
2026-04-29 21:18:18,222 [ 603379]   WARN - org.apache.velocity.introspection - Cannot retrieve method getParamName from object of class java.lang.Class due to security restrictions.
2026-04-29 21:18:18,222 [ 603379]   WARN - org.apache.velocity.introspection - Cannot retrieve method getPropertyName from object of class java.lang.Class due to security restrictions.
2026-04-29 21:18:18,222 [ 603379]   WARN - org.apache.velocity.introspection - Cannot retrieve method sanitizeJavaIdentifier from object of class java.lang.Class due to security restrictions.
2026-04-29 21:18:18,222 [ 603379]   WARN - org.apache.velocity.introspection - Cannot retrieve method capitalizeWithJavaBeanConvention from object of class java.lang.Class due to security restrictions.
2026-04-29 21:18:18,262 [ 603419]   WARN - org.apache.velocity.introspection - Cannot retrieve method getPropertyName from object of class java.lang.Class due to security restrictions.
2026-04-29 21:18:18,262 [ 603419]   WARN - org.apache.velocity.introspection - Cannot retrieve method sanitizeJavaIdentifier from object of class java.lang.Class due to security restrictions.
2026-04-29 21:18:18,262 [ 603419]   WARN - org.apache.velocity.introspection - Cannot retrieve method capitalizeWithJavaBeanConvention from object of class java.lang.Class due to security restrictions.
2026-04-29 21:18:18,269 [ 603426]   WARN - org.apache.velocity.introspection - Cannot retrieve method getParamName from object of class java.lang.Class due to security restrictions.
2026-04-29 21:18:18,269 [ 603426]   WARN - org.apache.velocity.introspection - Cannot retrieve method getPropertyName from object of class java.lang.Class due to security restrictions.
2026-04-29 21:18:18,269 [ 603426]   WARN - org.apache.velocity.introspection - Cannot retrieve method sanitizeJavaIdentifier from object of class java.lang.Class due to security restrictions.
2026-04-29 21:18:18,269 [ 603426]   WARN - org.apache.velocity.introspection - Cannot retrieve method capitalizeWithJavaBeanConvention from object of class java.lang.Class due to security restrictions.
2026-04-29 21:18:18,275 [ 603432]   WARN - org.apache.velocity.introspection - Cannot retrieve method getPropertyName from object of class java.lang.Class due to security restrictions.
2026-04-29 21:18:18,276 [ 603433]   WARN - org.apache.velocity.introspection - Cannot retrieve method sanitizeJavaIdentifier from object of class java.lang.Class due to security restrictions.
2026-04-29 21:18:18,276 [ 603433]   WARN - org.apache.velocity.introspection - Cannot retrieve method capitalizeWithJavaBeanConvention from object of class java.lang.Class due to security restrictions.
2026-04-29 21:18:18,280 [ 603437]   WARN - org.apache.velocity.introspection - Cannot retrieve method getParamName from object of class java.lang.Class due to security restrictions.
2026-04-29 21:18:18,281 [ 603438]   WARN - org.apache.velocity.introspection - Cannot retrieve method getPropertyName from object of class java.lang.Class due to security restrictions.
2026-04-29 21:18:18,281 [ 603438]   WARN - org.apache.velocity.introspection - Cannot retrieve method sanitizeJavaIdentifier from object of class java.lang.Class due to security restrictions.
2026-04-29 21:18:18,281 [ 603438]   WARN - org.apache.velocity.introspection - Cannot retrieve method capitalizeWithJavaBeanConvention from object of class java.lang.Class due to security restrictions.
2026-04-29 21:18:18,286 [ 603443]   WARN - org.apache.velocity.introspection - Cannot retrieve method getPropertyName from object of class java.lang.Class due to security restrictions.
2026-04-29 21:18:18,287 [ 603444]   WARN - org.apache.velocity.introspection - Cannot retrieve method sanitizeJavaIdentifier from object of class java.lang.Class due to security restrictions.
2026-04-29 21:18:18,287 [ 603444]   WARN - org.apache.velocity.introspection - Cannot retrieve method capitalizeWithJavaBeanConvention from object of class java.lang.Class due to security restrictions.
2026-04-29 21:18:18,291 [ 603448]   WARN - org.apache.velocity.introspection - Cannot retrieve method getParamName from object of class java.lang.Class due to security restrictions.
2026-04-29 21:18:18,292 [ 603449]   WARN - org.apache.velocity.introspection - Cannot retrieve method getPropertyName from object of class java.lang.Class due to security restrictions.
2026-04-29 21:18:18,292 [ 603449]   WARN - org.apache.velocity.introspection - Cannot retrieve method sanitizeJavaIdentifier from object of class java.lang.Class due to security restrictions.
2026-04-29 21:18:18,292 [ 603449]   WARN - org.apache.velocity.introspection - Cannot retrieve method capitalizeWithJavaBeanConvention from object of class java.lang.Class due to security restrictions.
2026-04-29 21:18:18,299 [ 603456]   WARN - org.apache.velocity.introspection - Cannot retrieve method getPropertyName from object of class java.lang.Class due to security restrictions.
2026-04-29 21:18:18,300 [ 603457]   WARN - org.apache.velocity.introspection - Cannot retrieve method sanitizeJavaIdentifier from object of class java.lang.Class due to security restrictions.
2026-04-29 21:18:18,300 [ 603457]   WARN - org.apache.velocity.introspection - Cannot retrieve method capitalizeWithJavaBeanConvention from object of class java.lang.Class due to security restrictions.
2026-04-29 21:18:18,305 [ 603462]   WARN - org.apache.velocity.introspection - Cannot retrieve method getParamName from object of class java.lang.Class due to security restrictions.
2026-04-29 21:18:18,305 [ 603462]   WARN - org.apache.velocity.introspection - Cannot retrieve method getPropertyName from object of class java.lang.Class due to security restrictions.
2026-04-29 21:18:18,305 [ 603462]   WARN - org.apache.velocity.introspection - Cannot retrieve method sanitizeJavaIdentifier from object of class java.lang.Class due to security restrictions.
2026-04-29 21:18:18,306 [ 603463]   WARN - org.apache.velocity.introspection - Cannot retrieve method capitalizeWithJavaBeanConvention from object of class java.lang.Class due to security restrictions.
2026-04-29 21:18:18,312 [ 603469]   WARN - org.apache.velocity.introspection - Cannot retrieve method getPropertyName from object of class java.lang.Class due to security restrictions.
2026-04-29 21:18:18,312 [ 603469]   WARN - org.apache.velocity.introspection - Cannot retrieve method sanitizeJavaIdentifier from object of class java.lang.Class due to security restrictions.
2026-04-29 21:18:18,312 [ 603469]   WARN - org.apache.velocity.introspection - Cannot retrieve method capitalizeWithJavaBeanConvention from object of class java.lang.Class due to security restrictions.
2026-04-29 21:18:18,317 [ 603474]   WARN - org.apache.velocity.introspection - Cannot retrieve method getParamName from object of class java.lang.Class due to security restrictions.
2026-04-29 21:18:18,318 [ 603475]   WARN - org.apache.velocity.introspection - Cannot retrieve method getPropertyName from object of class java.lang.Class due to security restrictions.
2026-04-29 21:18:18,318 [ 603475]   WARN - org.apache.velocity.introspection - Cannot retrieve method sanitizeJavaIdentifier from object of class java.lang.Class due to security restrictions.
2026-04-29 21:18:18,318 [ 603475]   WARN - org.apache.velocity.introspection - Cannot retrieve method capitalizeWithJavaBeanConvention from object of class java.lang.Class due to security restrictions.
2026-04-29 21:18:18,324 [ 603481]   WARN - org.apache.velocity.introspection - Cannot retrieve method getPropertyName from object of class java.lang.Class due to security restrictions.
2026-04-29 21:18:18,325 [ 603482]   WARN - org.apache.velocity.introspection - Cannot retrieve method sanitizeJavaIdentifier from object of class java.lang.Class due to security restrictions.
2026-04-29 21:18:18,325 [ 603482]   WARN - org.apache.velocity.introspection - Cannot retrieve method capitalizeWithJavaBeanConvention from object of class java.lang.Class due to security restrictions.
2026-04-29 21:18:18,640 [ 603797]   WARN - org.apache.velocity.introspection - Cannot retrieve method getPropertyName from object of class java.lang.Class due to security restrictions.
2026-04-29 21:18:18,640 [ 603797]   WARN - org.apache.velocity.introspection - Cannot retrieve method sanitizeJavaIdentifier from object of class java.lang.Class due to security restrictions.
2026-04-29 21:18:18,640 [ 603797]   WARN - org.apache.velocity.introspection - Cannot retrieve method capitalizeWithJavaBeanConvention from object of class java.lang.Class due to security restrictions.
2026-04-29 21:18:18,649 [ 603806]   WARN - org.apache.velocity.introspection - Cannot retrieve method getPropertyName from object of class java.lang.Class due to security restrictions.
2026-04-29 21:18:18,650 [ 603807]   WARN - org.apache.velocity.introspection - Cannot retrieve method sanitizeJavaIdentifier from object of class java.lang.Class due to security restrictions.
2026-04-29 21:18:18,650 [ 603807]   WARN - org.apache.velocity.introspection - Cannot retrieve method capitalizeWithJavaBeanConvention from object of class java.lang.Class due to security restrictions.
2026-04-29 21:18:18,657 [ 603814]   WARN - org.apache.velocity.introspection - Cannot retrieve method getPropertyName from object of class java.lang.Class due to security restrictions.
2026-04-29 21:18:18,657 [ 603814]   WARN - org.apache.velocity.introspection - Cannot retrieve method sanitizeJavaIdentifier from object of class java.lang.Class due to security restrictions.
2026-04-29 21:18:18,658 [ 603815]   WARN - org.apache.velocity.introspection - Cannot retrieve method capitalizeWithJavaBeanConvention from object of class java.lang.Class due to security restrictions.
2026-04-29 21:19:17.177 [DBG] [oshi.util.FileUtil] Reading file {}:[Ljava.lang.Object;@67870aa8
2026-04-29 21:19:17.177 [DBG] [oshi.util.FileUtil] Reading file {}:[Ljava.lang.Object;@7a09e875
2026-04-29 21:19:17.177 [DBG] [oshi.util.FileUtil] Reading file {}:[Ljava.lang.Object;@f22e8f0
2026-04-29 21:19:17.177 [DBG] [oshi.util.FileUtil] Reading file {}:[Ljava.lang.Object;@5afe6084
2026-04-29 21:19:17.178 [DBG] [oshi.util.FileUtil] Reading file {}:[Ljava.lang.Object;@5f3f339
2026-04-29 21:19:17.178 [DBG] [oshi.util.FileUtil] Reading file {}:[Ljava.lang.Object;@308ce9b2
2026-04-29 21:20:17.184 [DBG] [oshi.util.FileUtil] Reading file {}:[Ljava.lang.Object;@49c9697d
2026-04-29 21:20:17.184 [DBG] [oshi.util.FileUtil] Reading file {}:[Ljava.lang.Object;@446c9f68
2026-04-29 21:20:17.184 [DBG] [oshi.util.FileUtil] Reading file {}:[Ljava.lang.Object;@59694f60
2026-04-29 21:20:17.184 [DBG] [oshi.util.FileUtil] Reading file {}:[Ljava.lang.Object;@67684cd7
2026-04-29 21:20:17.184 [DBG] [oshi.util.FileUtil] Reading file {}:[Ljava.lang.Object;@656853c6
2026-04-29 21:20:17.185 [DBG] [oshi.util.FileUtil] Reading file {}:[Ljava.lang.Object;@45df17dc
2026-04-29 21:21:17.190 [DBG] [oshi.util.FileUtil] Reading file {}:[Ljava.lang.Object;@edb2a2f
2026-04-29 21:21:17.190 [DBG] [oshi.util.FileUtil] Reading file {}:[Ljava.lang.Object;@400f4a0b
2026-04-29 21:21:17.190 [DBG] [oshi.util.FileUtil] Reading file {}:[Ljava.lang.Object;@4a6640db
2026-04-29 21:21:17.191 [DBG] [oshi.util.FileUtil] Reading file {}:[Ljava.lang.Object;@290365fa
2026-04-29 21:21:17.191 [DBG] [oshi.util.FileUtil] Reading file {}:[Ljava.lang.Object;@7e5ea8a7
2026-04-29 21:21:17.191 [DBG] [oshi.util.FileUtil] Reading file {}:[Ljava.lang.Object;@44bbea75
2026-04-29 21:22:17.196 [DBG] [oshi.util.FileUtil] Reading file {}:[Ljava.lang.Object;@13dbf607
2026-04-29 21:22:17.196 [DBG] [oshi.util.FileUtil] Reading file {}:[Ljava.lang.Object;@7441cc1f
2026-04-29 21:22:17.197 [DBG] [oshi.util.FileUtil] Reading file {}:[Ljava.lang.Object;@68391b6a
2026-04-29 21:22:17.197 [DBG] [oshi.util.FileUtil] Reading file {}:[Ljava.lang.Object;@77efafa6
2026-04-29 21:22:17.197 [DBG] [oshi.util.FileUtil] Reading file {}:[Ljava.lang.Object;@3bc81492
2026-04-29 21:22:17.197 [DBG] [oshi.util.FileUtil] Reading file {}:[Ljava.lang.Object;@419316c0
2026-04-29 21:23:17.202 [DBG] [oshi.util.FileUtil] Reading file {}:[Ljava.lang.Object;@1541e19e
2026-04-29 21:23:17.202 [DBG] [oshi.util.FileUtil] Reading file {}:[Ljava.lang.Object;@3ee388d2
2026-04-29 21:23:17.202 [DBG] [oshi.util.FileUtil] Reading file {}:[Ljava.lang.Object;@6723368e
2026-04-29 21:23:17.203 [DBG] [oshi.util.FileUtil] Reading file {}:[Ljava.lang.Object;@1c6a6a7b
2026-04-29 21:23:17.203 [DBG] [oshi.util.FileUtil] Reading file {}:[Ljava.lang.Object;@6bd2579
2026-04-29 21:23:17.203 [DBG] [oshi.util.FileUtil] Reading file {}:[Ljava.lang.Object;@24ba9864
2026-04-29 21:24:17.208 [DBG] [oshi.util.FileUtil] Reading file {}:[Ljava.lang.Object;@2e685608
2026-04-29 21:24:17.209 [DBG] [oshi.util.FileUtil] Reading file {}:[Ljava.lang.Object;@6ee8bef2
2026-04-29 21:24:17.209 [DBG] [oshi.util.FileUtil] Reading file {}:[Ljava.lang.Object;@667ab541
2026-04-29 21:24:17.209 [DBG] [oshi.util.FileUtil] Reading file {}:[Ljava.lang.Object;@662cb91c
2026-04-29 21:24:17.209 [DBG] [oshi.util.FileUtil] Reading file {}:[Ljava.lang.Object;@a987bc7
2026-04-29 21:24:17.209 [DBG] [oshi.util.FileUtil] Reading file {}:[Ljava.lang.Object;@21ac4b48
2026-04-29 21:25:17.214 [DBG] [oshi.util.FileUtil] Reading file {}:[Ljava.lang.Object;@486c74d3
2026-04-29 21:25:17.214 [DBG] [oshi.util.FileUtil] Reading file {}:[Ljava.lang.Object;@778bb51a
2026-04-29 21:25:17.215 [DBG] [oshi.util.FileUtil] Reading file {}:[Ljava.lang.Object;@6d0daa02
2026-04-29 21:25:17.215 [DBG] [oshi.util.FileUtil] Reading file {}:[Ljava.lang.Object;@66da23bf
2026-04-29 21:25:17.215 [DBG] [oshi.util.FileUtil] Reading file {}:[Ljava.lang.Object;@4dbb195b
2026-04-29 21:25:17.215 [DBG] [oshi.util.FileUtil] Reading file {}:[Ljava.lang.Object;@67325693
2026-04-29 21:26:17.221 [DBG] [oshi.util.FileUtil] Reading file {}:[Ljava.lang.Object;@55c7d181
2026-04-29 21:26:17.221 [DBG] [oshi.util.FileUtil] Reading file {}:[Ljava.lang.Object;@5c5a4e71
2026-04-29 21:26:17.221 [DBG] [oshi.util.FileUtil] Reading file {}:[Ljava.lang.Object;@79ca0955
2026-04-29 21:26:17.221 [DBG] [oshi.util.FileUtil] Reading file {}:[Ljava.lang.Object;@701441a3
2026-04-29 21:26:17.221 [DBG] [oshi.util.FileUtil] Reading file {}:[Ljava.lang.Object;@1bb4ddf9
2026-04-29 21:26:17.221 [DBG] [oshi.util.FileUtil] Reading file {}:[Ljava.lang.Object;@15932138
2026-04-29 21:27:11,352 [1136509]   WARN - org.apache.velocity.deprecation - configuration key 'resource.loader' has been deprecated in favor of 'resource.loaders'
2026-04-29 21:27:11,353 [1136510]   WARN - org.apache.velocity.deprecation - configuration key 'includes.resource.loader.instance' has been deprecated in favor of 'resource.loader.includes.instance'
2026-04-29 21:27:17.226 [DBG] [oshi.util.FileUtil] Reading file {}:[Ljava.lang.Object;@4b27f085
2026-04-29 21:27:17.227 [DBG] [oshi.util.FileUtil] Reading file {}:[Ljava.lang.Object;@26a3e4be
2026-04-29 21:27:17.227 [DBG] [oshi.util.FileUtil] Reading file {}:[Ljava.lang.Object;@125baf5f
2026-04-29 21:27:17.227 [DBG] [oshi.util.FileUtil] Reading file {}:[Ljava.lang.Object;@78556319
2026-04-29 21:27:17.227 [DBG] [oshi.util.FileUtil] Reading file {}:[Ljava.lang.Object;@c82074e
2026-04-29 21:27:17.227 [DBG] [oshi.util.FileUtil] Reading file {}:[Ljava.lang.Object;@35bd8474
2026-04-29 21:28:17.232 [DBG] [oshi.util.FileUtil] Reading file {}:[Ljava.lang.Object;@10db3472
2026-04-29 21:28:17.232 [DBG] [oshi.util.FileUtil] Reading file {}:[Ljava.lang.Object;@564d4704
2026-04-29 21:28:17.232 [DBG] [oshi.util.FileUtil] Reading file {}:[Ljava.lang.Object;@99ecbb9
2026-04-29 21:28:17.232 [DBG] [oshi.util.FileUtil] Reading file {}:[Ljava.lang.Object;@3e044bfc
2026-04-29 21:28:17.232 [DBG] [oshi.util.FileUtil] Reading file {}:[Ljava.lang.Object;@77b580ea
2026-04-29 21:28:17.232 [DBG] [oshi.util.FileUtil] Reading file {}:[Ljava.lang.Object;@4b7c9c7f
2026-04-29 21:29:17.236 [DBG] [oshi.util.FileUtil] Reading file {}:[Ljava.lang.Object;@7d235975
2026-04-29 21:29:17.236 [DBG] [oshi.util.FileUtil] Reading file {}:[Ljava.lang.Object;@54ee3c32
2026-04-29 21:29:17.236 [DBG] [oshi.util.FileUtil] Reading file {}:[Ljava.lang.Object;@32349308
2026-04-29 21:29:17.236 [DBG] [oshi.util.FileUtil] Reading file {}:[Ljava.lang.Object;@7f536912
2026-04-29 21:29:17.236 [DBG] [oshi.util.FileUtil] Reading file {}:[Ljava.lang.Object;@18dc6f7c
2026-04-29 21:29:17.236 [DBG] [oshi.util.FileUtil] Reading file {}:[Ljava.lang.Object;@3df6dff9
2026-04-29 21:29:44,259 [1289416]   WARN - #o.j.i.maven - updateMavenProjects started: incremental=true, MavenProjectAware.reloadProject, sync selected 1 0 Teacher_Content_Portal
2026-04-29 21:29:53,589 [1298746]   WARN - #o.j.i.maven - updateMavenProjects finished: incremental=true, MavenProjectAware.reloadProject, sync selected 1 0 Teacher_Content_Portal
2026-04-29 21:29:54,170 [1299327]   WARN - #c.i.p.s.VulnerableApiService - Processing error: PreProcessedVulnerablePath(packageManager=maven, pathsHolders=[{"parent":"org.springframework.security.authentication.ott.JdbcOneTimeTokenService","vulnerableMethods":["consume","deleteOneTimeToken"]}])
com.intellij.openapi.project.IndexNotReadyException: Please change caller according to com.intellij.openapi.project.IndexNotReadyException documentation. Dumb mode start trace is in attachment.
	at com.intellij.openapi.project.IndexNotReadyException.create(IndexNotReadyException.java:69)
	at com.intellij.util.indexing.FileBasedIndexImpl.handleDumbMode(FileBasedIndexImpl.java:969)
	at com.intellij.util.indexing.FileBasedIndexImpl.ensureUpToDate(FileBasedIndexImpl.java:904)
	at com.intellij.psi.stubs.StubIndexEx.getContainingIds(StubIndexEx.java:388)
	at com.intellij.psi.stubs.StubIndexEx.processElements(StubIndexEx.java:204)
	at com.intellij.psi.stubs.StubIndex.getElements(StubIndex.java:109)
	at com.intellij.psi.stubs.StubIndex.getElements(StubIndex.java:98)
	at com.intellij.psi.impl.java.stubs.index.JavaShortClassNameIndex.getClasses(JavaShortClassNameIndex.java:42)
	at com.intellij.psi.impl.PsiShortNamesCacheImpl.getClassesByName(PsiShortNamesCacheImpl.java:59)
	at com.intellij.psi.impl.CompositeShortNamesCache.getClassesByName(CompositeShortNamesCache.java:93)
	at com.intellij.packageChecker.java.JavaLibraryDependency.getVulnerableElementQualifiedNames$lambda$0$0(JavaLibraryDependency.kt:40)
	at com.intellij.openapi.application.rw.PlatformReadWriteActionSupport.computeCancellable$lambda$0(PlatformReadWriteActionSupport.kt:80)
	at com.intellij.openapi.application.rw.CancellableReadActionKt.cancellableReadActionInternal$lambda$0$0$0(cancellableReadAction.kt:32)
	at com.intellij.openapi.application.impl.AppImplKt$runnableUnitFunction$1.invoke(appImpl.kt:124)
	at com.intellij.openapi.application.impl.AppImplKt$runnableUnitFunction$1.invoke(appImpl.kt:124)
	at com.intellij.platform.locking.impl.NestedLocksThreadingSupport.tryRunReadAction(NestedLocksThreadingSupport.kt:900)
	at com.intellij.openapi.application.impl.ApplicationImpl.tryRunReadAction(ApplicationImpl.java:1266)
	at com.intellij.openapi.application.rw.CancellableReadActionKt.cancellableReadActionInternal$lambda$0$0(cancellableReadAction.kt:30)
	at com.intellij.openapi.progress.util.ProgressIndicatorUtilService.runActionAndCancelBeforeWrite(ProgressIndicatorUtilService.java:73)
	at com.intellij.openapi.progress.util.ProgressIndicatorUtils.runActionAndCancelBeforeWrite(ProgressIndicatorUtils.java:168)
	at com.intellij.openapi.application.rw.CancellableReadActionKt.cancellableReadActionInternal$lambda$0(cancellableReadAction.kt:28)
	at com.intellij.concurrency.ThreadContext.installThreadContext(threadContext.kt:305)
	at com.intellij.concurrency.ThreadContext.installThreadContext$default(threadContext.kt:303)
	at com.intellij.openapi.application.rw.CancellableReadActionKt.cancellableReadActionInternal(cancellableReadAction.kt:24)
	at com.intellij.openapi.application.rw.CancellableReadActionKt.cancellableReadAction$lambda$0(cancellableReadAction.kt:17)
	at com.intellij.openapi.progress.ContextKt.prepareThreadContext$lambda$0(context.kt:93)
	at com.intellij.concurrency.ThreadContext.resetThreadContext(threadContext.kt:294)
	at com.intellij.openapi.progress.ContextKt.prepareThreadContext(context.kt:92)
	at com.intellij.openapi.application.rw.CancellableReadActionKt.cancellableReadAction(cancellableReadAction.kt:16)
	at com.intellij.openapi.application.rw.PlatformReadWriteActionSupport.computeCancellable(PlatformReadWriteActionSupport.kt:79)
	at com.intellij.openapi.application.ReadAction.computeCancellable(ReadAction.java:160)
	at com.intellij.packageChecker.java.JavaLibraryDependency.getVulnerableElementQualifiedNames(JavaLibraryDependency.kt:37)
	at com.intellij.packageChecker.service.VulnerableApiService.bindToFqn(VulnerableApiService.kt:205)
	at com.intellij.packageChecker.service.VulnerableApiService.access$bindToFqn(VulnerableApiService.kt:69)
	at com.intellij.packageChecker.service.VulnerableApiService$createLibrariesFqnVulnerabilitiesFlow$1.invokeSuspend(VulnerableApiService.kt:148)
	at kotlin.coroutines.jvm.internal.BaseContinuationImpl.resumeWith(ContinuationImpl.kt:34)
	at kotlinx.coroutines.UndispatchedCoroutine.afterResume(CoroutineContext.kt:277)
	at kotlinx.coroutines.AbstractCoroutine.resumeWith(AbstractCoroutine.kt:101)
	at kotlin.coroutines.jvm.internal.BaseContinuationImpl.resumeWith(ContinuationImpl.kt:47)
	at kotlinx.coroutines.DispatchedTask.run(DispatchedTask.kt:100)
	at kotlinx.coroutines.scheduling.CoroutineScheduler.runSafely(CoroutineScheduler.kt:610)
	at kotlinx.coroutines.scheduling.CoroutineScheduler$Worker.runDefaultDispatcherTask(CoroutineScheduler.kt:1194)
	at kotlinx.coroutines.scheduling.CoroutineScheduler$Worker.executeTask(CoroutineScheduler.kt:906)
	at kotlinx.coroutines.scheduling.CoroutineScheduler$Worker.runWorker(CoroutineScheduler.kt:775)
	at kotlinx.coroutines.scheduling.CoroutineScheduler$Worker.run(CoroutineScheduler.kt:762)
2026-04-29 21:30:04,259 [1309416]   WARN - #c.i.p.s.VulnerableApiService - Processing error: PreProcessedVulnerablePath(packageManager=maven, pathsHolders=[{"parent":"org.springframework.security.authentication.ott.JdbcOneTimeTokenService","vulnerableMethods":["consume","deleteOneTimeToken"]}])
com.intellij.openapi.project.IndexNotReadyException: Please change caller according to com.intellij.openapi.project.IndexNotReadyException documentation. Dumb mode start trace is in attachment.
	at com.intellij.openapi.project.IndexNotReadyException.create(IndexNotReadyException.java:69)
	at com.intellij.util.indexing.FileBasedIndexImpl.handleDumbMode(FileBasedIndexImpl.java:969)
	at com.intellij.util.indexing.FileBasedIndexImpl.ensureUpToDate(FileBasedIndexImpl.java:904)
	at com.intellij.psi.stubs.StubIndexEx.getContainingIds(StubIndexEx.java:388)
	at com.intellij.psi.stubs.StubIndexEx.processElements(StubIndexEx.java:204)
	at com.intellij.psi.stubs.StubIndex.getElements(StubIndex.java:109)
	at com.intellij.psi.stubs.StubIndex.getElements(StubIndex.java:98)
	at com.intellij.psi.impl.java.stubs.index.JavaShortClassNameIndex.getClasses(JavaShortClassNameIndex.java:42)
	at com.intellij.psi.impl.PsiShortNamesCacheImpl.getClassesByName(PsiShortNamesCacheImpl.java:59)
	at com.intellij.psi.impl.CompositeShortNamesCache.getClassesByName(CompositeShortNamesCache.java:93)
	at com.intellij.packageChecker.java.JavaLibraryDependency.getVulnerableElementQualifiedNames$lambda$0$0(JavaLibraryDependency.kt:40)
	at com.intellij.openapi.application.rw.PlatformReadWriteActionSupport.computeCancellable$lambda$0(PlatformReadWriteActionSupport.kt:80)
	at com.intellij.openapi.application.rw.CancellableReadActionKt.cancellableReadActionInternal$lambda$0$0$0(cancellableReadAction.kt:32)
	at com.intellij.openapi.application.impl.AppImplKt$runnableUnitFunction$1.invoke(appImpl.kt:124)
	at com.intellij.openapi.application.impl.AppImplKt$runnableUnitFunction$1.invoke(appImpl.kt:124)
	at com.intellij.platform.locking.impl.NestedLocksThreadingSupport.tryRunReadAction(NestedLocksThreadingSupport.kt:900)
	at com.intellij.openapi.application.impl.ApplicationImpl.tryRunReadAction(ApplicationImpl.java:1266)
	at com.intellij.openapi.application.rw.CancellableReadActionKt.cancellableReadActionInternal$lambda$0$0(cancellableReadAction.kt:30)
	at com.intellij.openapi.progress.util.ProgressIndicatorUtilService.runActionAndCancelBeforeWrite(ProgressIndicatorUtilService.java:73)
	at com.intellij.openapi.progress.util.ProgressIndicatorUtils.runActionAndCancelBeforeWrite(ProgressIndicatorUtils.java:168)
	at com.intellij.openapi.application.rw.CancellableReadActionKt.cancellableReadActionInternal$lambda$0(cancellableReadAction.kt:28)
	at com.intellij.concurrency.ThreadContext.installThreadContext(threadContext.kt:305)
	at com.intellij.concurrency.ThreadContext.installThreadContext$default(threadContext.kt:303)
	at com.intellij.openapi.application.rw.CancellableReadActionKt.cancellableReadActionInternal(cancellableReadAction.kt:24)
	at com.intellij.openapi.application.rw.CancellableReadActionKt.cancellableReadAction$lambda$0(cancellableReadAction.kt:17)
	at com.intellij.openapi.progress.ContextKt.prepareThreadContext$lambda$0(context.kt:93)
	at com.intellij.concurrency.ThreadContext.resetThreadContext(threadContext.kt:294)
	at com.intellij.openapi.progress.ContextKt.prepareThreadContext(context.kt:92)
	at com.intellij.openapi.application.rw.CancellableReadActionKt.cancellableReadAction(cancellableReadAction.kt:16)
	at com.intellij.openapi.application.rw.PlatformReadWriteActionSupport.computeCancellable(PlatformReadWriteActionSupport.kt:79)
	at com.intellij.openapi.application.ReadAction.computeCancellable(ReadAction.java:160)
	at com.intellij.packageChecker.java.JavaLibraryDependency.getVulnerableElementQualifiedNames(JavaLibraryDependency.kt:37)
	at com.intellij.packageChecker.service.VulnerableApiService.bindToFqn(VulnerableApiService.kt:205)
	at com.intellij.packageChecker.service.VulnerableApiService.access$bindToFqn(VulnerableApiService.kt:69)
	at com.intellij.packageChecker.service.VulnerableApiService$createLibrariesFqnVulnerabilitiesFlow$1.invokeSuspend(VulnerableApiService.kt:148)
	at com.intellij.packageChecker.service.VulnerableApiService$createLibrariesFqnVulnerabilitiesFlow$1.invoke(VulnerableApiService.kt)
	at com.intellij.packageChecker.service.VulnerableApiService$createLibrariesFqnVulnerabilitiesFlow$1.invoke(VulnerableApiService.kt)
	at kotlinx.coroutines.flow.FlowKt__ZipKt$combine$1$1.invokeSuspend(Zip.kt:29)
	at kotlinx.coroutines.flow.FlowKt__ZipKt$combine$1$1.invoke(Zip.kt)
	at kotlinx.coroutines.flow.FlowKt__ZipKt$combine$1$1.invoke(Zip.kt)
	at kotlinx.coroutines.flow.internal.CombineKt$combineInternal$2.invokeSuspend(Combine.kt:73)
	at kotlin.coroutines.jvm.internal.BaseContinuationImpl.resumeWith(ContinuationImpl.kt:34)
	at kotlinx.coroutines.DispatchedTask.run(DispatchedTask.kt:100)
	at kotlinx.coroutines.scheduling.CoroutineScheduler.runSafely(CoroutineScheduler.kt:610)
	at kotlinx.coroutines.scheduling.CoroutineScheduler$Worker.runDefaultDispatcherTask(CoroutineScheduler.kt:1194)
	at kotlinx.coroutines.scheduling.CoroutineScheduler$Worker.executeTask(CoroutineScheduler.kt:906)
	at kotlinx.coroutines.scheduling.CoroutineScheduler$Worker.runWorker(CoroutineScheduler.kt:775)
	at kotlinx.coroutines.scheduling.CoroutineScheduler$Worker.run(CoroutineScheduler.kt:762)
2026-04-29 21:30:17.240 [DBG] [oshi.util.FileUtil] Reading file {}:[Ljava.lang.Object;@65bb121c
2026-04-29 21:30:17.240 [DBG] [oshi.util.FileUtil] Reading file {}:[Ljava.lang.Object;@2a001964
2026-04-29 21:30:17.240 [DBG] [oshi.util.FileUtil] Reading file {}:[Ljava.lang.Object;@1ee31567
2026-04-29 21:30:17.240 [DBG] [oshi.util.FileUtil] Reading file {}:[Ljava.lang.Object;@532d1b56
2026-04-29 21:30:17.240 [DBG] [oshi.util.FileUtil] Reading file {}:[Ljava.lang.Object;@6ebbd8dd
2026-04-29 21:30:17.240 [DBG] [oshi.util.FileUtil] Reading file {}:[Ljava.lang.Object;@44da2757
2026-04-29 21:31:17.244 [DBG] [oshi.util.FileUtil] Reading file {}:[Ljava.lang.Object;@688b3f37
2026-04-29 21:31:17.244 [DBG] [oshi.util.FileUtil] Reading file {}:[Ljava.lang.Object;@2668aec1
2026-04-29 21:31:17.245 [DBG] [oshi.util.FileUtil] Reading file {}:[Ljava.lang.Object;@2bdc32b5
2026-04-29 21:31:17.245 [DBG] [oshi.util.FileUtil] Reading file {}:[Ljava.lang.Object;@fcb2d8b
2026-04-29 21:31:17.245 [DBG] [oshi.util.FileUtil] Reading file {}:[Ljava.lang.Object;@3e08d9c2
2026-04-29 21:31:17.245 [DBG] [oshi.util.FileUtil] Reading file {}:[Ljava.lang.Object;@5d757664
2026-04-29 21:32:17.248 [DBG] [oshi.util.FileUtil] Reading file {}:[Ljava.lang.Object;@5d20abbf
2026-04-29 21:32:17.248 [DBG] [oshi.util.FileUtil] Reading file {}:[Ljava.lang.Object;@4109cda4
2026-04-29 21:32:17.248 [DBG] [oshi.util.FileUtil] Reading file {}:[Ljava.lang.Object;@3156706f
2026-04-29 21:32:17.248 [DBG] [oshi.util.FileUtil] Reading file {}:[Ljava.lang.Object;@6696b983
2026-04-29 21:32:17.249 [DBG] [oshi.util.FileUtil] Reading file {}:[Ljava.lang.Object;@3eb38bbd
2026-04-29 21:32:17.249 [DBG] [oshi.util.FileUtil] Reading file {}:[Ljava.lang.Object;@31d81522
2026-04-29 21:33:17.252 [DBG] [oshi.util.FileUtil] Reading file {}:[Ljava.lang.Object;@1656118a
2026-04-29 21:33:17.252 [DBG] [oshi.util.FileUtil] Reading file {}:[Ljava.lang.Object;@46c397ad
2026-04-29 21:33:17.253 [DBG] [oshi.util.FileUtil] Reading file {}:[Ljava.lang.Object;@7b73d3e0
2026-04-29 21:33:17.253 [DBG] [oshi.util.FileUtil] Reading file {}:[Ljava.lang.Object;@7e8ab8c5
2026-04-29 21:33:17.253 [DBG] [oshi.util.FileUtil] Reading file {}:[Ljava.lang.Object;@58762cdf
2026-04-29 21:33:17.253 [DBG] [oshi.util.FileUtil] Reading file {}:[Ljava.lang.Object;@2d2a683
2026-04-29 21:34:17.256 [DBG] [oshi.util.FileUtil] Reading file {}:[Ljava.lang.Object;@4fc9ea25
2026-04-29 21:34:17.257 [DBG] [oshi.util.FileUtil] Reading file {}:[Ljava.lang.Object;@37c6d25d
2026-04-29 21:34:17.257 [DBG] [oshi.util.FileUtil] Reading file {}:[Ljava.lang.Object;@61ac7cc9
2026-04-29 21:34:17.257 [DBG] [oshi.util.FileUtil] Reading file {}:[Ljava.lang.Object;@26162345
2026-04-29 21:34:17.257 [DBG] [oshi.util.FileUtil] Reading file {}:[Ljava.lang.Object;@268e6d60
2026-04-29 21:34:17.257 [DBG] [oshi.util.FileUtil] Reading file {}:[Ljava.lang.Object;@27db17d6
2026-04-29 21:35:17.261 [DBG] [oshi.util.FileUtil] Reading file {}:[Ljava.lang.Object;@1e88d47b
2026-04-29 21:35:17.261 [DBG] [oshi.util.FileUtil] Reading file {}:[Ljava.lang.Object;@657a1149
2026-04-29 21:35:17.261 [DBG] [oshi.util.FileUtil] Reading file {}:[Ljava.lang.Object;@5168c5ba
2026-04-29 21:35:17.261 [DBG] [oshi.util.FileUtil] Reading file {}:[Ljava.lang.Object;@57920736
2026-04-29 21:35:17.261 [DBG] [oshi.util.FileUtil] Reading file {}:[Ljava.lang.Object;@fe13ab3
2026-04-29 21:35:17.261 [DBG] [oshi.util.FileUtil] Reading file {}:[Ljava.lang.Object;@3aa4825f
2026-04-29 21:36:17.264 [DBG] [oshi.util.FileUtil] Reading file {}:[Ljava.lang.Object;@5ef36a33
2026-04-29 21:36:17.265 [DBG] [oshi.util.FileUtil] Reading file {}:[Ljava.lang.Object;@1fec9133
2026-04-29 21:36:17.265 [DBG] [oshi.util.FileUtil] Reading file {}:[Ljava.lang.Object;@45afa79a
2026-04-29 21:36:17.265 [DBG] [oshi.util.FileUtil] Reading file {}:[Ljava.lang.Object;@5ffbd51d
2026-04-29 21:36:17.265 [DBG] [oshi.util.FileUtil] Reading file {}:[Ljava.lang.Object;@1a9c9e23
2026-04-29 21:36:17.265 [DBG] [oshi.util.FileUtil] Reading file {}:[Ljava.lang.Object;@6182f14a
2026-04-29 21:36:35,504 [1700661] SEVERE - #c.i.p.s.StubProcessingHelperBase - Stub index points to a file without PSI: file = jar:///home/neel/.m2/repository/org/hibernate/orm/hibernate-core/7.2.4.Final/hibernate-core-7.2.4.Final.jar!/org/hibernate/collection/internal/CollectionLogger_$logger.class, file type = com.intellij.ide.highlighter.JavaClassFileType@50a5c726, indexed file type = com.intellij.ide.highlighter.JavaClassFileType@50a5c726, indexing stamp info = indexing timestamp = 1770510148000, binary = true, byte size = 4171, char size = -1, used scope = com.intellij.psi.impl.search.JavaSourceFilterScope[Java 17 @ Module-with-dependencies:Teacher_Content_Portal compile-only:true include-libraries:true include-other-modules:true include-tests:false]
java.lang.Throwable: Stub index points to a file without PSI: file = jar:///home/neel/.m2/repository/org/hibernate/orm/hibernate-core/7.2.4.Final/hibernate-core-7.2.4.Final.jar!/org/hibernate/collection/internal/CollectionLogger_$logger.class, file type = com.intellij.ide.highlighter.JavaClassFileType@50a5c726, indexed file type = com.intellij.ide.highlighter.JavaClassFileType@50a5c726, indexing stamp info = indexing timestamp = 1770510148000, binary = true, byte size = 4171, char size = -1, used scope = com.intellij.psi.impl.search.JavaSourceFilterScope[Java 17 @ Module-with-dependencies:Teacher_Content_Portal compile-only:true include-libraries:true include-other-modules:true include-tests:false]
	at com.intellij.openapi.diagnostic.Logger.error(Logger.java:375)
	at com.intellij.psi.stubs.StubProcessingHelperBase.processStubsInFile(StubProcessingHelperBase.java:64)
	at com.intellij.psi.stubs.StubIndexEx.lambda$processElements$6(StubIndexEx.java:187)
	at com.intellij.psi.stubs.StubIndexEx.processElements(StubIndexEx.java:238)
	at com.intellij.psi.stubs.StubIndex.getElements(StubIndex.java:109)
	at com.intellij.psi.stubs.StubIndex.getElements(StubIndex.java:98)
	at com.intellij.psi.impl.java.stubs.index.JavaShortClassNameIndex.getClasses(JavaShortClassNameIndex.java:42)
	at com.intellij.psi.impl.PsiShortNamesCacheImpl.getClassesByName(PsiShortNamesCacheImpl.java:59)
	at com.intellij.psi.impl.CompositeShortNamesCache.getClassesByName(CompositeShortNamesCache.java:93)
	at com.intellij.psi.impl.search.AllClassesSearchExecutor.lambda$processByName$3(AllClassesSearchExecutor.java:90)
	at com.intellij.openapi.project.DumbService.runReadActionInSmartMode$lambda$0(DumbService.kt:151)
	at com.intellij.openapi.project.DumbService.runReadActionInSmartMode(DumbService.kt:211)
	at com.intellij.openapi.project.DumbService.runReadActionInSmartMode(DumbService.kt:151)
	at com.intellij.psi.impl.search.AllClassesSearchExecutor.processByName(AllClassesSearchExecutor.java:90)
	at com.intellij.psi.impl.search.AllClassesSearchExecutor.processClassesByNames(AllClassesSearchExecutor.java:80)
	at com.intellij.codeInsight.completion.AllClassesGetter.processJavaClasses(AllClassesGetter.java:205)
	at com.intellij.codeInsight.completion.JavaClassNameCompletionContributor.addAllClasses(JavaClassNameCompletionContributor.java:202)
	at com.intellij.codeInsight.completion.JavaNoVariantsDelegator.suggestNonImportedClasses(JavaNoVariantsDelegator.java:288)
	at com.intellij.codeInsight.completion.JavaNoVariantsDelegator.fillCompletionVariants(JavaNoVariantsDelegator.java:89)
	at com.intellij.codeInsight.completion.CompletionService.getVariantsFromContributor(CompletionService.java:133)
	at com.intellij.codeInsight.completion.impl.CompletionServiceImpl.getVariantsFromContributor(CompletionServiceImpl.kt:230)
	at com.intellij.codeInsight.completion.CompletionService.getVariantsFromContributors(CompletionService.java:77)
	at com.intellij.codeInsight.completion.CompletionResultSet.runRemainingContributors(CompletionResultSet.java:200)
	at com.intellij.codeInsight.completion.CompletionResultSet.runRemainingContributors(CompletionResultSet.java:175)
	at de.plushnikov.intellij.plugin.completion.LombokOnXCompletionContributorFilter.fillCompletionVariants(LombokOnXCompletionContributorFilter.java:32)
	at com.intellij.codeInsight.completion.CompletionService.getVariantsFromContributor(CompletionService.java:133)
	at com.intellij.codeInsight.completion.impl.CompletionServiceImpl.getVariantsFromContributor(CompletionServiceImpl.kt:230)
	at com.intellij.codeInsight.completion.CompletionService.getVariantsFromContributors(CompletionService.java:77)
	at com.intellij.codeInsight.completion.CompletionResultSet.runRemainingContributors(CompletionResultSet.java:200)
	at com.intellij.codeInsight.completion.CompletionResultSet.runRemainingContributors(CompletionResultSet.java:175)
	at com.intellij.codeInsight.completion.command.CommandCompletionProvider.addCompletions(CommandCompletionProvider.kt:110)
	at com.intellij.codeInsight.completion.CompletionProvider.addCompletionVariants(CompletionProvider.java:23)
	at com.intellij.codeInsight.completion.CompletionContributor$ProviderWithPattern.processCandidates(CompletionContributor.java:274)
	at com.intellij.codeInsight.completion.CompletionContributor.fillCompletionVariants(CompletionContributor.java:162)
	at com.intellij.codeInsight.completion.CompletionService.getVariantsFromContributor(CompletionService.java:133)
	at com.intellij.codeInsight.completion.impl.CompletionServiceImpl.getVariantsFromContributor(CompletionServiceImpl.kt:230)
	at com.intellij.codeInsight.completion.CompletionService.getVariantsFromContributors(CompletionService.java:77)
	at com.intellij.codeInsight.completion.CompletionResultSet.runRemainingContributors(CompletionResultSet.java:200)
	at com.intellij.codeInsight.completion.CompletionResultSet.runRemainingContributors(CompletionResultSet.java:175)
	at com.intellij.codeInsight.template.impl.LiveTemplateCompletionContributor$1.addCompletions(LiveTemplateCompletionContributor.java:91)
	at com.intellij.codeInsight.completion.CompletionProvider.addCompletionVariants(CompletionProvider.java:23)
	at com.intellij.codeInsight.completion.CompletionContributor$ProviderWithPattern.processCandidates(CompletionContributor.java:274)
	at com.intellij.codeInsight.completion.CompletionContributor.fillCompletionVariants(CompletionContributor.java:162)
	at com.intellij.codeInsight.completion.CompletionService.getVariantsFromContributor(CompletionService.java:133)
	at com.intellij.codeInsight.completion.impl.CompletionServiceImpl.getVariantsFromContributor(CompletionServiceImpl.kt:230)
	at com.intellij.codeInsight.completion.CompletionService.getVariantsFromContributors(CompletionService.java:77)
	at com.intellij.codeInsight.completion.CompletionService.performCompletion(CompletionService.java:185)
	at com.intellij.codeInsight.completion.BaseCompletionService.performCompletion(BaseCompletionService.java:45)
	at com.intellij.codeInsight.completion.impl.CompletionServiceImpl.performCompletion(CompletionServiceImpl.kt:245)
	at com.intellij.codeInsight.completion.CompletionProgressIndicator.lambda$calculateItems$13(CompletionProgressIndicator.java:1035)
	at com.intellij.util.indexing.FileBasedIndex.lambda$ignoreDumbMode$0(FileBasedIndex.java:260)
	at com.intellij.openapi.util.RecursionManager$1.computePreventingRecursion(RecursionManager.java:124)
	at com.intellij.util.indexing.FileBasedIndexEx.ignoreDumbMode(FileBasedIndexEx.java:730)
	at com.intellij.util.indexing.FileBasedIndex.ignoreDumbMode(FileBasedIndex.java:259)
	at com.intellij.util.indexing.DumbModeAccessType.ignoreDumbMode(DumbModeAccessType.java:41)
	at com.intellij.codeInsight.completion.CompletionProgressIndicator.calculateItems(CompletionProgressIndicator.java:1031)
	at com.intellij.codeInsight.completion.CompletionProgressIndicator.runContributors(CompletionProgressIndicator.java:1017)
	at com.intellij.codeInsight.completion.CodeCompletionHandlerBase.lambda$startContributorThread$7(CodeCompletionHandlerBase.java:430)
	at io.opentelemetry.context.Context.lambda$wrap$1(Context.java:241)
	at com.intellij.codeInsight.completion.CompletionThreadingKt.tryReadOrCancel$lambda$0(CompletionThreading.kt:100)
	at com.intellij.openapi.application.impl.AppImplKt$runnableUnitFunction$1.invoke(appImpl.kt:124)
	at com.intellij.openapi.application.impl.AppImplKt$runnableUnitFunction$1.invoke(appImpl.kt:124)
	at com.intellij.platform.locking.impl.NestedLocksThreadingSupport.tryRunReadAction(NestedLocksThreadingSupport.kt:900)
	at com.intellij.openapi.application.impl.ApplicationImpl.tryRunReadAction(ApplicationImpl.java:1266)
	at com.intellij.codeInsight.completion.CompletionThreadingKt.tryReadOrCancel(CompletionThreading.kt:98)
	at com.intellij.codeInsight.completion.CodeCompletionHandlerBase.lambda$startContributorThread$8(CodeCompletionHandlerBase.java:422)
	at io.opentelemetry.context.Context.lambda$wrap$1(Context.java:241)
	at com.intellij.codeInsight.completion.AsyncCompletion.startThread$lambda$0$0(CompletionThreading.kt:123)
	at com.intellij.openapi.progress.impl.CoreProgressManager.lambda$runProcess$2(CoreProgressManager.java:283)
	at com.intellij.openapi.progress.impl.CoreProgressManager.lambda$executeProcessUnderProgress$14(CoreProgressManager.java:744)
	at com.intellij.openapi.progress.impl.CoreProgressManager.registerIndicatorAndRun(CoreProgressManager.java:819)
	at com.intellij.openapi.progress.impl.CoreProgressManager.computeUnderProgress(CoreProgressManager.java:775)
	at com.intellij.openapi.progress.impl.CoreProgressManager.executeProcessUnderProgress(CoreProgressManager.java:743)
	at com.intellij.openapi.progress.impl.ProgressManagerImpl.executeProcessUnderProgress(ProgressManagerImpl.java:87)
	at com.intellij.openapi.progress.impl.CoreProgressManager.runProcess(CoreProgressManager.java:267)
	at com.intellij.codeInsight.completion.AsyncCompletion.startThread$lambda$0(CompletionThreading.kt:118)
	at com.intellij.codeInsight.completion.AsyncCompletion$startThread$future$1.invokeSuspend(CompletionThreading.kt:131)
	at kotlin.coroutines.jvm.internal.BaseContinuationImpl.resumeWith(ContinuationImpl.kt:34)
	at kotlinx.coroutines.DispatchedTask.run(DispatchedTask.kt:100)
	at kotlinx.coroutines.internal.SoftLimitedDispatcher$Worker.run(SoftLimitedDispatcher.kt:130)
	at kotlinx.coroutines.scheduling.TaskImpl.run(Tasks.kt:89)
	at kotlinx.coroutines.scheduling.CoroutineScheduler.runSafely(CoroutineScheduler.kt:610)
	at kotlinx.coroutines.scheduling.CoroutineScheduler$Worker.executeTask(CoroutineScheduler.kt:1188)
	at kotlinx.coroutines.scheduling.CoroutineScheduler$Worker.runWorker(CoroutineScheduler.kt:775)
	at kotlinx.coroutines.scheduling.CoroutineScheduler$Worker.run(CoroutineScheduler.kt:762)
2026-04-29 21:36:35,505 [1700662] SEVERE - #c.i.p.s.StubProcessingHelperBase - IntelliJ IDEA 2026.1  Build #IU-261.22158.277
2026-04-29 21:36:35,505 [1700662] SEVERE - #c.i.p.s.StubProcessingHelperBase - JDK: 25.0.2; VM: OpenJDK 64-Bit Server VM; Vendor: JetBrains s.r.o.
2026-04-29 21:36:35,505 [1700662] SEVERE - #c.i.p.s.StubProcessingHelperBase - OS: Linux
2026-04-29 21:36:35,506 [1700663] SEVERE - #c.i.p.s.StubProcessingHelperBase - Plugin to blame: Java version: 261.22158.277
2026-04-29 21:36:35,506 [1700663] SEVERE - #c.i.p.s.StubProcessingHelperBase - Last Action: EditorLeft
2026-04-29 21:36:35,696 [1700853]   WARN - #c.i.p.s.StubProcessingHelperBase - Suppressed a frequent exception logged for the 2nd time: Stub index points to a file without PSI: file = jar:///home/neel/.m2/repository/org/hibernate/orm/hibernate-core/7.2.4.Final/hibernate-core-7.2.4.Final.jar!/org/hibernate/collection/internal/CollectionLogger_$logger.class, file type = com.intellij.ide.highlighter.JavaClassFileType@50a5c726, index...
2026-04-29 21:37:17.268 [DBG] [oshi.util.FileUtil] Reading file {}:[Ljava.lang.Object;@1bf1b3d2
2026-04-29 21:37:17.268 [DBG] [oshi.util.FileUtil] Reading file {}:[Ljava.lang.Object;@465c9c4f
2026-04-29 21:37:17.268 [DBG] [oshi.util.FileUtil] Reading file {}:[Ljava.lang.Object;@2bf24db4
2026-04-29 21:37:17.268 [DBG] [oshi.util.FileUtil] Reading file {}:[Ljava.lang.Object;@59ead724
2026-04-29 21:37:17.268 [DBG] [oshi.util.FileUtil] Reading file {}:[Ljava.lang.Object;@4f1390e8
2026-04-29 21:37:17.268 [DBG] [oshi.util.FileUtil] Reading file {}:[Ljava.lang.Object;@6d8fd3a1
2026-04-29 21:38:17.272 [DBG] [oshi.util.FileUtil] Reading file {}:[Ljava.lang.Object;@71f92ff7
2026-04-29 21:38:17.272 [DBG] [oshi.util.FileUtil] Reading file {}:[Ljava.lang.Object;@1a2b57c9
2026-04-29 21:38:17.273 [DBG] [oshi.util.FileUtil] Reading file {}:[Ljava.lang.Object;@86d6b0c
2026-04-29 21:38:17.273 [DBG] [oshi.util.FileUtil] Reading file {}:[Ljava.lang.Object;@5b20e51d
2026-04-29 21:38:17.273 [DBG] [oshi.util.FileUtil] Reading file {}:[Ljava.lang.Object;@631eff19
2026-04-29 21:38:17.273 [DBG] [oshi.util.FileUtil] Reading file {}:[Ljava.lang.Object;@23cb69ac
2026-04-29 21:39:17.276 [DBG] [oshi.util.FileUtil] Reading file {}:[Ljava.lang.Object;@4997260a
2026-04-29 21:39:17.276 [DBG] [oshi.util.FileUtil] Reading file {}:[Ljava.lang.Object;@39985cd8
2026-04-29 21:39:17.277 [DBG] [oshi.util.FileUtil] Reading file {}:[Ljava.lang.Object;@5e3f74b8
2026-04-29 21:39:17.277 [DBG] [oshi.util.FileUtil] Reading file {}:[Ljava.lang.Object;@161ed11a
2026-04-29 21:39:17.277 [DBG] [oshi.util.FileUtil] Reading file {}:[Ljava.lang.Object;@664902a5
2026-04-29 21:39:17.277 [DBG] [oshi.util.FileUtil] Reading file {}:[Ljava.lang.Object;@1dccfc28
2026-04-29 21:40:17.280 [DBG] [oshi.util.FileUtil] Reading file {}:[Ljava.lang.Object;@789d6190
2026-04-29 21:40:17.280 [DBG] [oshi.util.FileUtil] Reading file {}:[Ljava.lang.Object;@29ead304
2026-04-29 21:40:17.280 [DBG] [oshi.util.FileUtil] Reading file {}:[Ljava.lang.Object;@f624339
2026-04-29 21:40:17.280 [DBG] [oshi.util.FileUtil] Reading file {}:[Ljava.lang.Object;@1a7f3150
2026-04-29 21:40:17.281 [DBG] [oshi.util.FileUtil] Reading file {}:[Ljava.lang.Object;@9fd426e
2026-04-29 21:40:17.281 [DBG] [oshi.util.FileUtil] Reading file {}:[Ljava.lang.Object;@7670c2a6
2026-04-29 21:41:17.284 [DBG] [oshi.util.FileUtil] Reading file {}:[Ljava.lang.Object;@789a95dc
2026-04-29 21:41:17.284 [DBG] [oshi.util.FileUtil] Reading file {}:[Ljava.lang.Object;@70e69682
2026-04-29 21:41:17.284 [DBG] [oshi.util.FileUtil] Reading file {}:[Ljava.lang.Object;@4b94c0a6
2026-04-29 21:41:17.284 [DBG] [oshi.util.FileUtil] Reading file {}:[Ljava.lang.Object;@18742334
2026-04-29 21:41:17.285 [DBG] [oshi.util.FileUtil] Reading file {}:[Ljava.lang.Object;@34ec7193
2026-04-29 21:41:17.285 [DBG] [oshi.util.FileUtil] Reading file {}:[Ljava.lang.Object;@70faa30a
2026-04-29 21:42:17.288 [DBG] [oshi.util.FileUtil] Reading file {}:[Ljava.lang.Object;@72bd19ed
2026-04-29 21:42:17.288 [DBG] [oshi.util.FileUtil] Reading file {}:[Ljava.lang.Object;@4b49558d
2026-04-29 21:42:17.288 [DBG] [oshi.util.FileUtil] Reading file {}:[Ljava.lang.Object;@26d1ca2f
2026-04-29 21:42:17.288 [DBG] [oshi.util.FileUtil] Reading file {}:[Ljava.lang.Object;@33f1edc4
2026-04-29 21:42:17.288 [DBG] [oshi.util.FileUtil] Reading file {}:[Ljava.lang.Object;@2919e826
2026-04-29 21:42:17.288 [DBG] [oshi.util.FileUtil] Reading file {}:[Ljava.lang.Object;@287d25b5
2026-04-29 21:43:17.292 [DBG] [oshi.util.FileUtil] Reading file {}:[Ljava.lang.Object;@368cc269
2026-04-29 21:43:17.292 [DBG] [oshi.util.FileUtil] Reading file {}:[Ljava.lang.Object;@172d916e
2026-04-29 21:43:17.292 [DBG] [oshi.util.FileUtil] Reading file {}:[Ljava.lang.Object;@17388310
2026-04-29 21:43:17.292 [DBG] [oshi.util.FileUtil] Reading file {}:[Ljava.lang.Object;@3d980fe6
2026-04-29 21:43:17.292 [DBG] [oshi.util.FileUtil] Reading file {}:[Ljava.lang.Object;@6dd71db6
2026-04-29 21:43:17.292 [DBG] [oshi.util.FileUtil] Reading file {}:[Ljava.lang.Object;@168a4783
2026-04-29 21:44:17.295 [DBG] [oshi.util.FileUtil] Reading file {}:[Ljava.lang.Object;@22e51096
2026-04-29 21:44:17.296 [DBG] [oshi.util.FileUtil] Reading file {}:[Ljava.lang.Object;@3701051c
2026-04-29 21:44:17.296 [DBG] [oshi.util.FileUtil] Reading file {}:[Ljava.lang.Object;@329afcbc
2026-04-29 21:44:17.296 [DBG] [oshi.util.FileUtil] Reading file {}:[Ljava.lang.Object;@6f27cb36
2026-04-29 21:44:17.296 [DBG] [oshi.util.FileUtil] Reading file {}:[Ljava.lang.Object;@654c07e4
2026-04-29 21:44:17.296 [DBG] [oshi.util.FileUtil] Reading file {}:[Ljava.lang.Object;@5adac7b4
2026-04-29 21:45:17.299 [DBG] [oshi.util.FileUtil] Reading file {}:[Ljava.lang.Object;@6408290a
2026-04-29 21:45:17.299 [DBG] [oshi.util.FileUtil] Reading file {}:[Ljava.lang.Object;@12c886c1
2026-04-29 21:45:17.299 [DBG] [oshi.util.FileUtil] Reading file {}:[Ljava.lang.Object;@53fec1b
2026-04-29 21:45:17.299 [DBG] [oshi.util.FileUtil] Reading file {}:[Ljava.lang.Object;@30a99911
2026-04-29 21:45:17.299 [DBG] [oshi.util.FileUtil] Reading file {}:[Ljava.lang.Object;@154ca677
2026-04-29 21:45:17.299 [DBG] [oshi.util.FileUtil] Reading file {}:[Ljava.lang.Object;@4364c491
2026-04-29 21:46:17.303 [DBG] [oshi.util.FileUtil] Reading file {}:[Ljava.lang.Object;@5400885c
2026-04-29 21:46:17.303 [DBG] [oshi.util.FileUtil] Reading file {}:[Ljava.lang.Object;@703a29e6
2026-04-29 21:46:17.303 [DBG] [oshi.util.FileUtil] Reading file {}:[Ljava.lang.Object;@2f6220fa
2026-04-29 21:46:17.303 [DBG] [oshi.util.FileUtil] Reading file {}:[Ljava.lang.Object;@4abc51dc
2026-04-29 21:46:17.303 [DBG] [oshi.util.FileUtil] Reading file {}:[Ljava.lang.Object;@1aae62bf
2026-04-29 21:46:17.303 [DBG] [oshi.util.FileUtil] Reading file {}:[Ljava.lang.Object;@3b7a1d15
2026-04-29 21:47:17.308 [DBG] [oshi.util.FileUtil] Reading file {}:[Ljava.lang.Object;@25d317cd
2026-04-29 21:47:17.308 [DBG] [oshi.util.FileUtil] Reading file {}:[Ljava.lang.Object;@49cc27da
2026-04-29 21:47:17.308 [DBG] [oshi.util.FileUtil] Reading file {}:[Ljava.lang.Object;@4a5d71
2026-04-29 21:47:17.308 [DBG] [oshi.util.FileUtil] Reading file {}:[Ljava.lang.Object;@1be482da
2026-04-29 21:47:17.308 [DBG] [oshi.util.FileUtil] Reading file {}:[Ljava.lang.Object;@26348314
2026-04-29 21:47:17.308 [DBG] [oshi.util.FileUtil] Reading file {}:[Ljava.lang.Object;@eee82ff
2026-04-29 21:47:33,744 [2358901]   WARN - org.apache.velocity.introspection - Cannot retrieve method getPropertyName from object of class java.lang.Class due to security restrictions.
2026-04-29 21:47:33,745 [2358902]   WARN - org.apache.velocity.introspection - Cannot retrieve method sanitizeJavaIdentifier from object of class java.lang.Class due to security restrictions.
2026-04-29 21:47:33,745 [2358902]   WARN - org.apache.velocity.introspection - Cannot retrieve method capitalizeWithJavaBeanConvention from object of class java.lang.Class due to security restrictions.
2026-04-29 21:47:34,819 [2359976]   WARN - org.apache.velocity.introspection - Cannot retrieve method getPropertyName from object of class java.lang.Class due to security restrictions.
2026-04-29 21:47:34,820 [2359977]   WARN - org.apache.velocity.introspection - Cannot retrieve method sanitizeJavaIdentifier from object of class java.lang.Class due to security restrictions.
2026-04-29 21:47:34,820 [2359977]   WARN - org.apache.velocity.introspection - Cannot retrieve method capitalizeWithJavaBeanConvention from object of class java.lang.Class due to security restrictions.
2026-04-29 21:47:35,031 [2360188]   WARN - org.apache.velocity.introspection - Cannot retrieve method getPropertyName from object of class java.lang.Class due to security restrictions.
2026-04-29 21:47:35,031 [2360188]   WARN - org.apache.velocity.introspection - Cannot retrieve method sanitizeJavaIdentifier from object of class java.lang.Class due to security restrictions.
2026-04-29 21:47:35,031 [2360188]   WARN - org.apache.velocity.introspection - Cannot retrieve method capitalizeWithJavaBeanConvention from object of class java.lang.Class due to security restrictions.
2026-04-29 21:47:37,707 [2362864]   WARN - org.apache.velocity.introspection - Cannot retrieve method getPropertyName from object of class java.lang.Class due to security restrictions.
2026-04-29 21:47:37,707 [2362864]   WARN - org.apache.velocity.introspection - Cannot retrieve method sanitizeJavaIdentifier from object of class java.lang.Class due to security restrictions.
2026-04-29 21:47:37,708 [2362865]   WARN - org.apache.velocity.introspection - Cannot retrieve method capitalizeWithJavaBeanConvention from object of class java.lang.Class due to security restrictions.
2026-04-29 21:47:38,059 [2363216]   WARN - org.apache.velocity.introspection - Cannot retrieve method getPropertyName from object of class java.lang.Class due to security restrictions.
2026-04-29 21:47:38,059 [2363216]   WARN - org.apache.velocity.introspection - Cannot retrieve method sanitizeJavaIdentifier from object of class java.lang.Class due to security restrictions.
2026-04-29 21:47:38,059 [2363216]   WARN - org.apache.velocity.introspection - Cannot retrieve method capitalizeWithJavaBeanConvention from object of class java.lang.Class due to security restrictions.
2026-04-29 21:47:39,615 [2364772]   WARN - org.apache.velocity.introspection - Cannot retrieve method getPropertyName from object of class java.lang.Class due to security restrictions.
2026-04-29 21:47:39,615 [2364772]   WARN - org.apache.velocity.introspection - Cannot retrieve method sanitizeJavaIdentifier from object of class java.lang.Class due to security restrictions.
2026-04-29 21:47:39,616 [2364773]   WARN - org.apache.velocity.introspection - Cannot retrieve method capitalizeWithJavaBeanConvention from object of class java.lang.Class due to security restrictions.
2026-04-29 21:47:40,406 [2365563]   WARN - org.apache.velocity.introspection - Cannot retrieve method getPropertyName from object of class java.lang.Class due to security restrictions.
2026-04-29 21:47:40,406 [2365563]   WARN - org.apache.velocity.introspection - Cannot retrieve method sanitizeJavaIdentifier from object of class java.lang.Class due to security restrictions.
2026-04-29 21:47:40,406 [2365563]   WARN - org.apache.velocity.introspection - Cannot retrieve method capitalizeWithJavaBeanConvention from object of class java.lang.Class due to security restrictions.
2026-04-29 21:47:40,589 [2365746]   WARN - org.apache.velocity.introspection - Cannot retrieve method getPropertyName from object of class java.lang.Class due to security restrictions.
2026-04-29 21:47:40,590 [2365747]   WARN - org.apache.velocity.introspection - Cannot retrieve method sanitizeJavaIdentifier from object of class java.lang.Class due to security restrictions.
2026-04-29 21:47:40,590 [2365747]   WARN - org.apache.velocity.introspection - Cannot retrieve method capitalizeWithJavaBeanConvention from object of class java.lang.Class due to security restrictions.
2026-04-29 21:47:56,428 [2381585]   WARN - org.apache.velocity.introspection - Cannot retrieve method getPropertyName from object of class java.lang.Class due to security restrictions.
2026-04-29 21:47:56,429 [2381586]   WARN - org.apache.velocity.introspection - Cannot retrieve method sanitizeJavaIdentifier from object of class java.lang.Class due to security restrictions.
2026-04-29 21:47:56,429 [2381586]   WARN - org.apache.velocity.introspection - Cannot retrieve method capitalizeWithJavaBeanConvention from object of class java.lang.Class due to security restrictions.
2026-04-29 21:47:57,471 [2382628]   WARN - org.apache.velocity.introspection - Cannot retrieve method getPropertyName from object of class java.lang.Class due to security restrictions.
2026-04-29 21:47:57,471 [2382628]   WARN - org.apache.velocity.introspection - Cannot retrieve method sanitizeJavaIdentifier from object of class java.lang.Class due to security restrictions.
2026-04-29 21:47:57,472 [2382629]   WARN - org.apache.velocity.introspection - Cannot retrieve method capitalizeWithJavaBeanConvention from object of class java.lang.Class due to security restrictions.
2026-04-29 21:47:57,748 [2382905]   WARN - org.apache.velocity.introspection - Cannot retrieve method getPropertyName from object of class java.lang.Class due to security restrictions.
2026-04-29 21:47:57,748 [2382905]   WARN - org.apache.velocity.introspection - Cannot retrieve method sanitizeJavaIdentifier from object of class java.lang.Class due to security restrictions.
2026-04-29 21:47:57,748 [2382905]   WARN - org.apache.velocity.introspection - Cannot retrieve method capitalizeWithJavaBeanConvention from object of class java.lang.Class due to security restrictions.
2026-04-29 21:48:10,401 [2395558]   WARN - org.apache.velocity.introspection - Cannot retrieve method getPropertyName from object of class java.lang.Class due to security restrictions.
2026-04-29 21:48:10,401 [2395558]   WARN - org.apache.velocity.introspection - Cannot retrieve method sanitizeJavaIdentifier from object of class java.lang.Class due to security restrictions.
2026-04-29 21:48:10,401 [2395558]   WARN - org.apache.velocity.introspection - Cannot retrieve method capitalizeWithJavaBeanConvention from object of class java.lang.Class due to security restrictions.
2026-04-29 21:48:10,655 [2395812]   WARN - org.apache.velocity.introspection - Cannot retrieve method getPropertyName from object of class java.lang.Class due to security restrictions.
2026-04-29 21:48:10,656 [2395813]   WARN - org.apache.velocity.introspection - Cannot retrieve method sanitizeJavaIdentifier from object of class java.lang.Class due to security restrictions.
2026-04-29 21:48:10,656 [2395813]   WARN - org.apache.velocity.introspection - Cannot retrieve method capitalizeWithJavaBeanConvention from object of class java.lang.Class due to security restrictions.
2026-04-29 21:48:10,740 [2395897]   WARN - org.apache.velocity.introspection - Cannot retrieve method getPropertyName from object of class java.lang.Class due to security restrictions.
2026-04-29 21:48:10,741 [2395898]   WARN - org.apache.velocity.introspection - Cannot retrieve method sanitizeJavaIdentifier from object of class java.lang.Class due to security restrictions.
2026-04-29 21:48:10,741 [2395898]   WARN - org.apache.velocity.introspection - Cannot retrieve method capitalizeWithJavaBeanConvention from object of class java.lang.Class due to security restrictions.
2026-04-29 21:48:11,667 [2396824]   WARN - org.apache.velocity.introspection - Cannot retrieve method getPropertyName from object of class java.lang.Class due to security restrictions.
2026-04-29 21:48:11,668 [2396825]   WARN - org.apache.velocity.introspection - Cannot retrieve method sanitizeJavaIdentifier from object of class java.lang.Class due to security restrictions.
2026-04-29 21:48:11,668 [2396825]   WARN - org.apache.velocity.introspection - Cannot retrieve method capitalizeWithJavaBeanConvention from object of class java.lang.Class due to security restrictions.
2026-04-29 21:48:12,049 [2397206]   WARN - org.apache.velocity.introspection - Cannot retrieve method getPropertyName from object of class java.lang.Class due to security restrictions.
2026-04-29 21:48:12,049 [2397206]   WARN - org.apache.velocity.introspection - Cannot retrieve method sanitizeJavaIdentifier from object of class java.lang.Class due to security restrictions.
2026-04-29 21:48:12,049 [2397206]   WARN - org.apache.velocity.introspection - Cannot retrieve method capitalizeWithJavaBeanConvention from object of class java.lang.Class due to security restrictions.
2026-04-29 21:48:12,192 [2397349]   WARN - org.apache.velocity.introspection - Cannot retrieve method getPropertyName from object of class java.lang.Class due to security restrictions.
2026-04-29 21:48:12,192 [2397349]   WARN - org.apache.velocity.introspection - Cannot retrieve method sanitizeJavaIdentifier from object of class java.lang.Class due to security restrictions.
2026-04-29 21:48:12,192 [2397349]   WARN - org.apache.velocity.introspection - Cannot retrieve method capitalizeWithJavaBeanConvention from object of class java.lang.Class due to security restrictions.
2026-04-29 21:48:12,227 [2397384]   WARN - org.apache.velocity.introspection - Cannot retrieve method getPropertyName from object of class java.lang.Class due to security restrictions.
2026-04-29 21:48:12,227 [2397384]   WARN - org.apache.velocity.introspection - Cannot retrieve method sanitizeJavaIdentifier from object of class java.lang.Class due to security restrictions.
2026-04-29 21:48:12,227 [2397384]   WARN - org.apache.velocity.introspection - Cannot retrieve method capitalizeWithJavaBeanConvention from object of class java.lang.Class due to security restrictions.
2026-04-29 21:48:12,286 [2397443]   WARN - org.apache.velocity.introspection - Cannot retrieve method getPropertyName from object of class java.lang.Class due to security restrictions.
2026-04-29 21:48:12,286 [2397443]   WARN - org.apache.velocity.introspection - Cannot retrieve method sanitizeJavaIdentifier from object of class java.lang.Class due to security restrictions.
2026-04-29 21:48:12,286 [2397443]   WARN - org.apache.velocity.introspection - Cannot retrieve method capitalizeWithJavaBeanConvention from object of class java.lang.Class due to security restrictions.
2026-04-29 21:48:17.312 [DBG] [oshi.util.FileUtil] Reading file {}:[Ljava.lang.Object;@227a4ea4
2026-04-29 21:48:17.312 [DBG] [oshi.util.FileUtil] Reading file {}:[Ljava.lang.Object;@25302978
2026-04-29 21:48:17.312 [DBG] [oshi.util.FileUtil] Reading file {}:[Ljava.lang.Object;@2e7523eb
2026-04-29 21:48:17.312 [DBG] [oshi.util.FileUtil] Reading file {}:[Ljava.lang.Object;@1e677999
2026-04-29 21:48:17.312 [DBG] [oshi.util.FileUtil] Reading file {}:[Ljava.lang.Object;@6e980b9f
2026-04-29 21:48:17.312 [DBG] [oshi.util.FileUtil] Reading file {}:[Ljava.lang.Object;@4ac794dd
2026-04-29 21:49:17.315 [DBG] [oshi.util.FileUtil] Reading file {}:[Ljava.lang.Object;@b82f0dd
2026-04-29 21:49:17.316 [DBG] [oshi.util.FileUtil] Reading file {}:[Ljava.lang.Object;@47e0142
2026-04-29 21:49:17.316 [DBG] [oshi.util.FileUtil] Reading file {}:[Ljava.lang.Object;@29da7c68
2026-04-29 21:49:17.316 [DBG] [oshi.util.FileUtil] Reading file {}:[Ljava.lang.Object;@5673b31a
2026-04-29 21:49:17.316 [DBG] [oshi.util.FileUtil] Reading file {}:[Ljava.lang.Object;@4aeba511
2026-04-29 21:49:17.316 [DBG] [oshi.util.FileUtil] Reading file {}:[Ljava.lang.Object;@3e6bd91f
2026-04-29 21:50:17.320 [DBG] [oshi.util.FileUtil] Reading file {}:[Ljava.lang.Object;@58adf52b
2026-04-29 21:50:17.320 [DBG] [oshi.util.FileUtil] Reading file {}:[Ljava.lang.Object;@53a9dae4
2026-04-29 21:50:17.320 [DBG] [oshi.util.FileUtil] Reading file {}:[Ljava.lang.Object;@5a61e3c1
2026-04-29 21:50:17.320 [DBG] [oshi.util.FileUtil] Reading file {}:[Ljava.lang.Object;@21269dfd
2026-04-29 21:50:17.320 [DBG] [oshi.util.FileUtil] Reading file {}:[Ljava.lang.Object;@1695205f
2026-04-29 21:50:17.320 [DBG] [oshi.util.FileUtil] Reading file {}:[Ljava.lang.Object;@b76a693
2026-04-29 21:51:17.324 [DBG] [oshi.util.FileUtil] Reading file {}:[Ljava.lang.Object;@4693686
2026-04-29 21:51:17.324 [DBG] [oshi.util.FileUtil] Reading file {}:[Ljava.lang.Object;@46c2031f
2026-04-29 21:51:17.324 [DBG] [oshi.util.FileUtil] Reading file {}:[Ljava.lang.Object;@78668463
2026-04-29 21:51:17.324 [DBG] [oshi.util.FileUtil] Reading file {}:[Ljava.lang.Object;@2bf5ce08
2026-04-29 21:51:17.324 [DBG] [oshi.util.FileUtil] Reading file {}:[Ljava.lang.Object;@666500f6
2026-04-29 21:51:17.324 [DBG] [oshi.util.FileUtil] Reading file {}:[Ljava.lang.Object;@30693dde
2026-04-29 21:52:17.327 [DBG] [oshi.util.FileUtil] Reading file {}:[Ljava.lang.Object;@76896314
2026-04-29 21:52:17.327 [DBG] [oshi.util.FileUtil] Reading file {}:[Ljava.lang.Object;@65d76029
2026-04-29 21:52:17.328 [DBG] [oshi.util.FileUtil] Reading file {}:[Ljava.lang.Object;@1bfa4ff5
2026-04-29 21:52:17.328 [DBG] [oshi.util.FileUtil] Reading file {}:[Ljava.lang.Object;@4da7b6e3
2026-04-29 21:52:17.328 [DBG] [oshi.util.FileUtil] Reading file {}:[Ljava.lang.Object;@708bed80
2026-04-29 21:52:17.328 [DBG] [oshi.util.FileUtil] Reading file {}:[Ljava.lang.Object;@2e830d90
2026-04-29 21:53:17.331 [DBG] [oshi.util.FileUtil] Reading file {}:[Ljava.lang.Object;@97769da
2026-04-29 21:53:17.332 [DBG] [oshi.util.FileUtil] Reading file {}:[Ljava.lang.Object;@285e71b3
2026-04-29 21:53:17.332 [DBG] [oshi.util.FileUtil] Reading file {}:[Ljava.lang.Object;@2343429c
2026-04-29 21:53:17.332 [DBG] [oshi.util.FileUtil] Reading file {}:[Ljava.lang.Object;@879d4f7
2026-04-29 21:53:17.332 [DBG] [oshi.util.FileUtil] Reading file {}:[Ljava.lang.Object;@3af2459b
2026-04-29 21:53:17.332 [DBG] [oshi.util.FileUtil] Reading file {}:[Ljava.lang.Object;@617a789f
2026-04-29 21:54:17.335 [DBG] [oshi.util.FileUtil] Reading file {}:[Ljava.lang.Object;@7331c9e7
2026-04-29 21:54:17.335 [DBG] [oshi.util.FileUtil] Reading file {}:[Ljava.lang.Object;@3d844962
2026-04-29 21:54:17.336 [DBG] [oshi.util.FileUtil] Reading file {}:[Ljava.lang.Object;@22753697
2026-04-29 21:54:17.336 [DBG] [oshi.util.FileUtil] Reading file {}:[Ljava.lang.Object;@a00d5e6
2026-04-29 21:54:17.336 [DBG] [oshi.util.FileUtil] Reading file {}:[Ljava.lang.Object;@77834bb0
2026-04-29 21:54:17.336 [DBG] [oshi.util.FileUtil] Reading file {}:[Ljava.lang.Object;@68d3d37b
2026-04-29 21:55:17.339 [DBG] [oshi.util.FileUtil] Reading file {}:[Ljava.lang.Object;@5b759593
2026-04-29 21:55:17.339 [DBG] [oshi.util.FileUtil] Reading file {}:[Ljava.lang.Object;@1ac47361
2026-04-29 21:55:17.339 [DBG] [oshi.util.FileUtil] Reading file {}:[Ljava.lang.Object;@1a03718d
2026-04-29 21:55:17.339 [DBG] [oshi.util.FileUtil] Reading file {}:[Ljava.lang.Object;@654269c0
2026-04-29 21:55:17.339 [DBG] [oshi.util.FileUtil] Reading file {}:[Ljava.lang.Object;@126ca1f6
2026-04-29 21:55:17.339 [DBG] [oshi.util.FileUtil] Reading file {}:[Ljava.lang.Object;@2b0a87a1
2026-04-29 21:56:17.343 [DBG] [oshi.util.FileUtil] Reading file {}:[Ljava.lang.Object;@4613e6be
2026-04-29 21:56:17.343 [DBG] [oshi.util.FileUtil] Reading file {}:[Ljava.lang.Object;@101d20ef
2026-04-29 21:56:17.343 [DBG] [oshi.util.FileUtil] Reading file {}:[Ljava.lang.Object;@498a3aa
2026-04-29 21:56:17.343 [DBG] [oshi.util.FileUtil] Reading file {}:[Ljava.lang.Object;@33fe4e2c
2026-04-29 21:56:17.343 [DBG] [oshi.util.FileUtil] Reading file {}:[Ljava.lang.Object;@6a8178fb
2026-04-29 21:56:17.343 [DBG] [oshi.util.FileUtil] Reading file {}:[Ljava.lang.Object;@13e2371c
2026-04-29 21:57:17.346 [DBG] [oshi.util.FileUtil] Reading file {}:[Ljava.lang.Object;@30763578
2026-04-29 21:57:17.346 [DBG] [oshi.util.FileUtil] Reading file {}:[Ljava.lang.Object;@46bdfda5
2026-04-29 21:57:17.347 [DBG] [oshi.util.FileUtil] Reading file {}:[Ljava.lang.Object;@651082f5
2026-04-29 21:57:17.347 [DBG] [oshi.util.FileUtil] Reading file {}:[Ljava.lang.Object;@41e0082d
2026-04-29 21:57:17.347 [DBG] [oshi.util.FileUtil] Reading file {}:[Ljava.lang.Object;@40bc289c
2026-04-29 21:57:17.347 [DBG] [oshi.util.FileUtil] Reading file {}:[Ljava.lang.Object;@69c5b5fb
2026-04-29 21:58:17.350 [DBG] [oshi.util.FileUtil] Reading file {}:[Ljava.lang.Object;@2f0c04bf
2026-04-29 21:58:17.350 [DBG] [oshi.util.FileUtil] Reading file {}:[Ljava.lang.Object;@5764701f
2026-04-29 21:58:17.350 [DBG] [oshi.util.FileUtil] Reading file {}:[Ljava.lang.Object;@105db20c
2026-04-29 21:58:17.350 [DBG] [oshi.util.FileUtil] Reading file {}:[Ljava.lang.Object;@1420c918
2026-04-29 21:58:17.350 [DBG] [oshi.util.FileUtil] Reading file {}:[Ljava.lang.Object;@5b461edf
2026-04-29 21:58:17.350 [DBG] [oshi.util.FileUtil] Reading file {}:[Ljava.lang.Object;@2fd67920
2026-04-29 21:59:17.355 [DBG] [oshi.util.FileUtil] Reading file {}:[Ljava.lang.Object;@7e62a4a4
2026-04-29 21:59:17.355 [DBG] [oshi.util.FileUtil] Reading file {}:[Ljava.lang.Object;@758b6778
2026-04-29 21:59:17.355 [DBG] [oshi.util.FileUtil] Reading file {}:[Ljava.lang.Object;@9d0b6d5
2026-04-29 21:59:17.355 [DBG] [oshi.util.FileUtil] Reading file {}:[Ljava.lang.Object;@aa9e2e5
2026-04-29 21:59:17.356 [DBG] [oshi.util.FileUtil] Reading file {}:[Ljava.lang.Object;@61052090
2026-04-29 21:59:17.356 [DBG] [oshi.util.FileUtil] Reading file {}:[Ljava.lang.Object;@4f1b2b6f
2026-04-29 22:00:17.359 [DBG] [oshi.util.FileUtil] Reading file {}:[Ljava.lang.Object;@340d2936
2026-04-29 22:00:17.359 [DBG] [oshi.util.FileUtil] Reading file {}:[Ljava.lang.Object;@3101622
2026-04-29 22:00:17.359 [DBG] [oshi.util.FileUtil] Reading file {}:[Ljava.lang.Object;@7e60d62f
2026-04-29 22:00:17.359 [DBG] [oshi.util.FileUtil] Reading file {}:[Ljava.lang.Object;@76570c99
2026-04-29 22:00:17.359 [DBG] [oshi.util.FileUtil] Reading file {}:[Ljava.lang.Object;@2b4edffc
2026-04-29 22:00:17.359 [DBG] [oshi.util.FileUtil] Reading file {}:[Ljava.lang.Object;@28ec7db1
2026-04-29 22:01:17.362 [DBG] [oshi.util.FileUtil] Reading file {}:[Ljava.lang.Object;@48b66290
2026-04-29 22:01:17.363 [DBG] [oshi.util.FileUtil] Reading file {}:[Ljava.lang.Object;@272fb11e
2026-04-29 22:01:17.363 [DBG] [oshi.util.FileUtil] Reading file {}:[Ljava.lang.Object;@53fa80b9
2026-04-29 22:01:17.363 [DBG] [oshi.util.FileUtil] Reading file {}:[Ljava.lang.Object;@476fede2
2026-04-29 22:01:17.363 [DBG] [oshi.util.FileUtil] Reading file {}:[Ljava.lang.Object;@3c36a57d
2026-04-29 22:01:17.363 [DBG] [oshi.util.FileUtil] Reading file {}:[Ljava.lang.Object;@66cb54a4
2026-04-29 22:02:17.366 [DBG] [oshi.util.FileUtil] Reading file {}:[Ljava.lang.Object;@709e9e5b
2026-04-29 22:02:17.366 [DBG] [oshi.util.FileUtil] Reading file {}:[Ljava.lang.Object;@6941190f
2026-04-29 22:02:17.366 [DBG] [oshi.util.FileUtil] Reading file {}:[Ljava.lang.Object;@7a37d24b
2026-04-29 22:02:17.366 [DBG] [oshi.util.FileUtil] Reading file {}:[Ljava.lang.Object;@6ce579ad
2026-04-29 22:02:17.366 [DBG] [oshi.util.FileUtil] Reading file {}:[Ljava.lang.Object;@680d4e2c
2026-04-29 22:02:17.366 [DBG] [oshi.util.FileUtil] Reading file {}:[Ljava.lang.Object;@9e5ab43
2026-04-29 22:03:17.370 [DBG] [oshi.util.FileUtil] Reading file {}:[Ljava.lang.Object;@577c704
2026-04-29 22:03:17.370 [DBG] [oshi.util.FileUtil] Reading file {}:[Ljava.lang.Object;@22a21190
2026-04-29 22:03:17.370 [DBG] [oshi.util.FileUtil] Reading file {}:[Ljava.lang.Object;@57e5fb7
2026-04-29 22:03:17.371 [DBG] [oshi.util.FileUtil] Reading file {}:[Ljava.lang.Object;@eb57b9d
2026-04-29 22:03:17.371 [DBG] [oshi.util.FileUtil] Reading file {}:[Ljava.lang.Object;@35c1d2a8
2026-04-29 22:03:17.371 [DBG] [oshi.util.FileUtil] Reading file {}:[Ljava.lang.Object;@75d6b11
2026-04-29 22:04:17.374 [DBG] [oshi.util.FileUtil] Reading file {}:[Ljava.lang.Object;@42a979ed
2026-04-29 22:04:17.374 [DBG] [oshi.util.FileUtil] Reading file {}:[Ljava.lang.Object;@24862c7c
2026-04-29 22:04:17.374 [DBG] [oshi.util.FileUtil] Reading file {}:[Ljava.lang.Object;@5198860a
2026-04-29 22:04:17.374 [DBG] [oshi.util.FileUtil] Reading file {}:[Ljava.lang.Object;@3f3a845d
2026-04-29 22:04:17.374 [DBG] [oshi.util.FileUtil] Reading file {}:[Ljava.lang.Object;@36d5f446
2026-04-29 22:04:17.374 [DBG] [oshi.util.FileUtil] Reading file {}:[Ljava.lang.Object;@2325cb2c
2026-04-29 22:05:17.379 [DBG] [oshi.util.FileUtil] Reading file {}:[Ljava.lang.Object;@1cc5ef36
2026-04-29 22:05:17.379 [DBG] [oshi.util.FileUtil] Reading file {}:[Ljava.lang.Object;@27c5c5f3
2026-04-29 22:05:17.379 [DBG] [oshi.util.FileUtil] Reading file {}:[Ljava.lang.Object;@6ea9fd19
2026-04-29 22:05:17.379 [DBG] [oshi.util.FileUtil] Reading file {}:[Ljava.lang.Object;@5a5d287b
2026-04-29 22:05:17.379 [DBG] [oshi.util.FileUtil] Reading file {}:[Ljava.lang.Object;@6952d059
2026-04-29 22:05:17.379 [DBG] [oshi.util.FileUtil] Reading file {}:[Ljava.lang.Object;@60b16add
2026-04-29 22:06:17.384 [DBG] [oshi.util.FileUtil] Reading file {}:[Ljava.lang.Object;@44a18b09
2026-04-29 22:06:17.384 [DBG] [oshi.util.FileUtil] Reading file {}:[Ljava.lang.Object;@750bac1e
2026-04-29 22:06:17.384 [DBG] [oshi.util.FileUtil] Reading file {}:[Ljava.lang.Object;@a85eba6
2026-04-29 22:06:17.384 [DBG] [oshi.util.FileUtil] Reading file {}:[Ljava.lang.Object;@4cb24aec
2026-04-29 22:06:17.384 [DBG] [oshi.util.FileUtil] Reading file {}:[Ljava.lang.Object;@48369b0
2026-04-29 22:06:17.384 [DBG] [oshi.util.FileUtil] Reading file {}:[Ljava.lang.Object;@2cc05e62
2026-04-29 22:07:17.389 [DBG] [oshi.util.FileUtil] Reading file {}:[Ljava.lang.Object;@795c98b6
2026-04-29 22:07:17.389 [DBG] [oshi.util.FileUtil] Reading file {}:[Ljava.lang.Object;@29d8ca2
2026-04-29 22:07:17.389 [DBG] [oshi.util.FileUtil] Reading file {}:[Ljava.lang.Object;@432061b0
2026-04-29 22:07:17.389 [DBG] [oshi.util.FileUtil] Reading file {}:[Ljava.lang.Object;@2224c36
2026-04-29 22:07:17.389 [DBG] [oshi.util.FileUtil] Reading file {}:[Ljava.lang.Object;@1f26fdec
2026-04-29 22:07:17.389 [DBG] [oshi.util.FileUtil] Reading file {}:[Ljava.lang.Object;@71b08a36
2026-04-29 22:08:17.394 [DBG] [oshi.util.FileUtil] Reading file {}:[Ljava.lang.Object;@835ab7
2026-04-29 22:08:17.394 [DBG] [oshi.util.FileUtil] Reading file {}:[Ljava.lang.Object;@9155997
2026-04-29 22:08:17.394 [DBG] [oshi.util.FileUtil] Reading file {}:[Ljava.lang.Object;@2cedffb
2026-04-29 22:08:17.394 [DBG] [oshi.util.FileUtil] Reading file {}:[Ljava.lang.Object;@588be2f7
2026-04-29 22:08:17.395 [DBG] [oshi.util.FileUtil] Reading file {}:[Ljava.lang.Object;@42c75db3
2026-04-29 22:08:17.395 [DBG] [oshi.util.FileUtil] Reading file {}:[Ljava.lang.Object;@61bd6d9d
2026-04-29 22:09:17.399 [DBG] [oshi.util.FileUtil] Reading file {}:[Ljava.lang.Object;@5274c376
2026-04-29 22:09:17.399 [DBG] [oshi.util.FileUtil] Reading file {}:[Ljava.lang.Object;@56d6d942
2026-04-29 22:09:17.399 [DBG] [oshi.util.FileUtil] Reading file {}:[Ljava.lang.Object;@6ed3e64a
2026-04-29 22:09:17.399 [DBG] [oshi.util.FileUtil] Reading file {}:[Ljava.lang.Object;@6db7aa0e
2026-04-29 22:09:17.400 [DBG] [oshi.util.FileUtil] Reading file {}:[Ljava.lang.Object;@19acbbbd
2026-04-29 22:09:17.400 [DBG] [oshi.util.FileUtil] Reading file {}:[Ljava.lang.Object;@79506d03
2026-04-29 22:10:17.404 [DBG] [oshi.util.FileUtil] Reading file {}:[Ljava.lang.Object;@50fb28d5
2026-04-29 22:10:17.404 [DBG] [oshi.util.FileUtil] Reading file {}:[Ljava.lang.Object;@69bee7c2
2026-04-29 22:10:17.404 [DBG] [oshi.util.FileUtil] Reading file {}:[Ljava.lang.Object;@40c165b3
2026-04-29 22:10:17.404 [DBG] [oshi.util.FileUtil] Reading file {}:[Ljava.lang.Object;@33f9859d
2026-04-29 22:10:17.404 [DBG] [oshi.util.FileUtil] Reading file {}:[Ljava.lang.Object;@3acdbeb7
2026-04-29 22:10:17.404 [DBG] [oshi.util.FileUtil] Reading file {}:[Ljava.lang.Object;@24d3dedb
2026-04-29 22:11:17.409 [DBG] [oshi.util.FileUtil] Reading file {}:[Ljava.lang.Object;@44ada2d9
2026-04-29 22:11:17.409 [DBG] [oshi.util.FileUtil] Reading file {}:[Ljava.lang.Object;@24c5138d
2026-04-29 22:11:17.410 [DBG] [oshi.util.FileUtil] Reading file {}:[Ljava.lang.Object;@5dd4713f
2026-04-29 22:11:17.410 [DBG] [oshi.util.FileUtil] Reading file {}:[Ljava.lang.Object;@2dcafb7
2026-04-29 22:11:17.410 [DBG] [oshi.util.FileUtil] Reading file {}:[Ljava.lang.Object;@2b4e6e5f
2026-04-29 22:11:17.410 [DBG] [oshi.util.FileUtil] Reading file {}:[Ljava.lang.Object;@271b59c0
2026-04-29 22:12:17.414 [DBG] [oshi.util.FileUtil] Reading file {}:[Ljava.lang.Object;@2b45c625
2026-04-29 22:12:17.415 [DBG] [oshi.util.FileUtil] Reading file {}:[Ljava.lang.Object;@1844e62f
2026-04-29 22:12:17.415 [DBG] [oshi.util.FileUtil] Reading file {}:[Ljava.lang.Object;@7b24f3f3
2026-04-29 22:12:17.415 [DBG] [oshi.util.FileUtil] Reading file {}:[Ljava.lang.Object;@16824def
2026-04-29 22:12:17.415 [DBG] [oshi.util.FileUtil] Reading file {}:[Ljava.lang.Object;@13f3c5f4
2026-04-29 22:12:17.415 [DBG] [oshi.util.FileUtil] Reading file {}:[Ljava.lang.Object;@2cb93c3b
2026-04-29 22:13:17.420 [DBG] [oshi.util.FileUtil] Reading file {}:[Ljava.lang.Object;@542c67ef
2026-04-29 22:13:17.420 [DBG] [oshi.util.FileUtil] Reading file {}:[Ljava.lang.Object;@cd08283
2026-04-29 22:13:17.420 [DBG] [oshi.util.FileUtil] Reading file {}:[Ljava.lang.Object;@389d4db1
2026-04-29 22:13:17.420 [DBG] [oshi.util.FileUtil] Reading file {}:[Ljava.lang.Object;@483fb545
2026-04-29 22:13:17.420 [DBG] [oshi.util.FileUtil] Reading file {}:[Ljava.lang.Object;@7f9bb0b2
2026-04-29 22:13:17.420 [DBG] [oshi.util.FileUtil] Reading file {}:[Ljava.lang.Object;@7757f158
2026-04-29 22:14:17.424 [DBG] [oshi.util.FileUtil] Reading file {}:[Ljava.lang.Object;@12cf9973
2026-04-29 22:14:17.425 [DBG] [oshi.util.FileUtil] Reading file {}:[Ljava.lang.Object;@709c9c2a
2026-04-29 22:14:17.425 [DBG] [oshi.util.FileUtil] Reading file {}:[Ljava.lang.Object;@268068d4
2026-04-29 22:14:17.425 [DBG] [oshi.util.FileUtil] Reading file {}:[Ljava.lang.Object;@3b7afa91
2026-04-29 22:14:17.425 [DBG] [oshi.util.FileUtil] Reading file {}:[Ljava.lang.Object;@5510e88c
2026-04-29 22:14:17.425 [DBG] [oshi.util.FileUtil] Reading file {}:[Ljava.lang.Object;@417943c8
2026-04-29 22:15:17.430 [DBG] [oshi.util.FileUtil] Reading file {}:[Ljava.lang.Object;@349dca71
2026-04-29 22:15:17.430 [DBG] [oshi.util.FileUtil] Reading file {}:[Ljava.lang.Object;@9e0dba1
2026-04-29 22:15:17.430 [DBG] [oshi.util.FileUtil] Reading file {}:[Ljava.lang.Object;@33202fa5
2026-04-29 22:15:17.430 [DBG] [oshi.util.FileUtil] Reading file {}:[Ljava.lang.Object;@12233137
2026-04-29 22:15:17.430 [DBG] [oshi.util.FileUtil] Reading file {}:[Ljava.lang.Object;@4837bf40
2026-04-29 22:15:17.430 [DBG] [oshi.util.FileUtil] Reading file {}:[Ljava.lang.Object;@47054834
2026-04-29 22:16:17.434 [DBG] [oshi.util.FileUtil] Reading file {}:[Ljava.lang.Object;@43c200c6
2026-04-29 22:16:17.434 [DBG] [oshi.util.FileUtil] Reading file {}:[Ljava.lang.Object;@3042df46
2026-04-29 22:16:17.434 [DBG] [oshi.util.FileUtil] Reading file {}:[Ljava.lang.Object;@40211c0d
2026-04-29 22:16:17.434 [DBG] [oshi.util.FileUtil] Reading file {}:[Ljava.lang.Object;@497a151d
2026-04-29 22:16:17.434 [DBG] [oshi.util.FileUtil] Reading file {}:[Ljava.lang.Object;@1a6df8c4
2026-04-29 22:16:17.434 [DBG] [oshi.util.FileUtil] Reading file {}:[Ljava.lang.Object;@3c73ac20
2026-04-29 22:17:17.439 [DBG] [oshi.util.FileUtil] Reading file {}:[Ljava.lang.Object;@59c4a469
2026-04-29 22:17:17.439 [DBG] [oshi.util.FileUtil] Reading file {}:[Ljava.lang.Object;@66676ea0
2026-04-29 22:17:17.439 [DBG] [oshi.util.FileUtil] Reading file {}:[Ljava.lang.Object;@52a259b0
2026-04-29 22:17:17.439 [DBG] [oshi.util.FileUtil] Reading file {}:[Ljava.lang.Object;@52ca7eaa
2026-04-29 22:17:17.440 [DBG] [oshi.util.FileUtil] Reading file {}:[Ljava.lang.Object;@2e516f76
2026-04-29 22:17:17.440 [DBG] [oshi.util.FileUtil] Reading file {}:[Ljava.lang.Object;@731e0672
2026-04-29 22:18:17.447 [DBG] [oshi.util.FileUtil] Reading file {}:[Ljava.lang.Object;@709b589d
2026-04-29 22:18:17.447 [DBG] [oshi.util.FileUtil] Reading file {}:[Ljava.lang.Object;@90a7ff3
2026-04-29 22:18:17.447 [DBG] [oshi.util.FileUtil] Reading file {}:[Ljava.lang.Object;@1f163005
2026-04-29 22:18:17.447 [DBG] [oshi.util.FileUtil] Reading file {}:[Ljava.lang.Object;@4220155
2026-04-29 22:18:17.448 [DBG] [oshi.util.FileUtil] Reading file {}:[Ljava.lang.Object;@2e57fefc
2026-04-29 22:18:17.448 [DBG] [oshi.util.FileUtil] Reading file {}:[Ljava.lang.Object;@74f8f922
2026-04-29 22:19:17.451 [DBG] [oshi.util.FileUtil] Reading file {}:[Ljava.lang.Object;@126a8069
2026-04-29 22:19:17.452 [DBG] [oshi.util.FileUtil] Reading file {}:[Ljava.lang.Object;@43f7b7f0
2026-04-29 22:19:17.452 [DBG] [oshi.util.FileUtil] Reading file {}:[Ljava.lang.Object;@232afe12
2026-04-29 22:19:17.452 [DBG] [oshi.util.FileUtil] Reading file {}:[Ljava.lang.Object;@7d7ba444
2026-04-29 22:19:17.452 [DBG] [oshi.util.FileUtil] Reading file {}:[Ljava.lang.Object;@3b540a4a
2026-04-29 22:19:17.452 [DBG] [oshi.util.FileUtil] Reading file {}:[Ljava.lang.Object;@45e272e7
2026-04-29 22:20:17.457 [DBG] [oshi.util.FileUtil] Reading file {}:[Ljava.lang.Object;@55554cfe
2026-04-29 22:20:17.457 [DBG] [oshi.util.FileUtil] Reading file {}:[Ljava.lang.Object;@791735f6
2026-04-29 22:20:17.458 [DBG] [oshi.util.FileUtil] Reading file {}:[Ljava.lang.Object;@59b68cc4
2026-04-29 22:20:17.458 [DBG] [oshi.util.FileUtil] Reading file {}:[Ljava.lang.Object;@49d5a84
2026-04-29 22:20:17.458 [DBG] [oshi.util.FileUtil] Reading file {}:[Ljava.lang.Object;@7bd0c455
2026-04-29 22:20:17.458 [DBG] [oshi.util.FileUtil] Reading file {}:[Ljava.lang.Object;@3b28e65c
2026-04-29 22:21:17.462 [DBG] [oshi.util.FileUtil] Reading file {}:[Ljava.lang.Object;@30283ec7
2026-04-29 22:21:17.463 [DBG] [oshi.util.FileUtil] Reading file {}:[Ljava.lang.Object;@63c11a9d
2026-04-29 22:21:17.463 [DBG] [oshi.util.FileUtil] Reading file {}:[Ljava.lang.Object;@2fcc86b6
2026-04-29 22:21:17.463 [DBG] [oshi.util.FileUtil] Reading file {}:[Ljava.lang.Object;@7622d781
2026-04-29 22:21:17.463 [DBG] [oshi.util.FileUtil] Reading file {}:[Ljava.lang.Object;@78d0184
2026-04-29 22:21:17.463 [DBG] [oshi.util.FileUtil] Reading file {}:[Ljava.lang.Object;@6c73e61a
2026-04-29 22:22:17.467 [DBG] [oshi.util.FileUtil] Reading file {}:[Ljava.lang.Object;@9f2cb3f
2026-04-29 22:22:17.467 [DBG] [oshi.util.FileUtil] Reading file {}:[Ljava.lang.Object;@16bca742
2026-04-29 22:22:17.467 [DBG] [oshi.util.FileUtil] Reading file {}:[Ljava.lang.Object;@7bcc7419
2026-04-29 22:22:17.467 [DBG] [oshi.util.FileUtil] Reading file {}:[Ljava.lang.Object;@7064d4f
2026-04-29 22:22:17.468 [DBG] [oshi.util.FileUtil] Reading file {}:[Ljava.lang.Object;@1832d5a3
2026-04-29 22:22:17.468 [DBG] [oshi.util.FileUtil] Reading file {}:[Ljava.lang.Object;@6bc7f750
2026-04-29 22:23:17.472 [DBG] [oshi.util.FileUtil] Reading file {}:[Ljava.lang.Object;@3feed0d1
2026-04-29 22:23:17.472 [DBG] [oshi.util.FileUtil] Reading file {}:[Ljava.lang.Object;@41e12153
2026-04-29 22:23:17.472 [DBG] [oshi.util.FileUtil] Reading file {}:[Ljava.lang.Object;@2b0974d6
2026-04-29 22:23:17.472 [DBG] [oshi.util.FileUtil] Reading file {}:[Ljava.lang.Object;@bbb56bc
2026-04-29 22:23:17.472 [DBG] [oshi.util.FileUtil] Reading file {}:[Ljava.lang.Object;@429a7742
2026-04-29 22:23:17.472 [DBG] [oshi.util.FileUtil] Reading file {}:[Ljava.lang.Object;@ab93dfb
2026-04-29 22:24:17.476 [DBG] [oshi.util.FileUtil] Reading file {}:[Ljava.lang.Object;@51c54ba2
2026-04-29 22:24:17.477 [DBG] [oshi.util.FileUtil] Reading file {}:[Ljava.lang.Object;@7187158a
2026-04-29 22:24:17.477 [DBG] [oshi.util.FileUtil] Reading file {}:[Ljava.lang.Object;@6f196ff4
2026-04-29 22:24:17.477 [DBG] [oshi.util.FileUtil] Reading file {}:[Ljava.lang.Object;@7ff969f7
2026-04-29 22:24:17.477 [DBG] [oshi.util.FileUtil] Reading file {}:[Ljava.lang.Object;@49ab5f1
2026-04-29 22:24:17.477 [DBG] [oshi.util.FileUtil] Reading file {}:[Ljava.lang.Object;@4df8dbad
2026-04-29 22:25:17.481 [DBG] [oshi.util.FileUtil] Reading file {}:[Ljava.lang.Object;@795d1671
2026-04-29 22:25:17.481 [DBG] [oshi.util.FileUtil] Reading file {}:[Ljava.lang.Object;@6006c3f2
2026-04-29 22:25:17.482 [DBG] [oshi.util.FileUtil] Reading file {}:[Ljava.lang.Object;@27c4e706
2026-04-29 22:25:17.482 [DBG] [oshi.util.FileUtil] Reading file {}:[Ljava.lang.Object;@6953739c
2026-04-29 22:25:17.482 [DBG] [oshi.util.FileUtil] Reading file {}:[Ljava.lang.Object;@782c1e59
2026-04-29 22:25:17.482 [DBG] [oshi.util.FileUtil] Reading file {}:[Ljava.lang.Object;@2ee35bfd
2026-04-29 22:26:17.486 [DBG] [oshi.util.FileUtil] Reading file {}:[Ljava.lang.Object;@6a2f417
2026-04-29 22:26:17.486 [DBG] [oshi.util.FileUtil] Reading file {}:[Ljava.lang.Object;@51316b22
2026-04-29 22:26:17.486 [DBG] [oshi.util.FileUtil] Reading file {}:[Ljava.lang.Object;@521cdf2c
2026-04-29 22:26:17.486 [DBG] [oshi.util.FileUtil] Reading file {}:[Ljava.lang.Object;@43e8b7b3
2026-04-29 22:26:17.486 [DBG] [oshi.util.FileUtil] Reading file {}:[Ljava.lang.Object;@52fbe195
2026-04-29 22:26:17.486 [DBG] [oshi.util.FileUtil] Reading file {}:[Ljava.lang.Object;@849e893
2026-04-29 22:26:45,629 [4710786]   WARN - org.apache.velocity.introspection - Cannot retrieve method getPropertyName from object of class java.lang.Class due to security restrictions.
2026-04-29 22:26:45,629 [4710786]   WARN - org.apache.velocity.introspection - Cannot retrieve method sanitizeJavaIdentifier from object of class java.lang.Class due to security restrictions.
2026-04-29 22:26:45,629 [4710786]   WARN - org.apache.velocity.introspection - Cannot retrieve method capitalizeWithJavaBeanConvention from object of class java.lang.Class due to security restrictions.
2026-04-29 22:26:45,794 [4710951]   WARN - org.apache.velocity.introspection - Cannot retrieve method getPropertyName from object of class java.lang.Class due to security restrictions.
2026-04-29 22:26:45,794 [4710951]   WARN - org.apache.velocity.introspection - Cannot retrieve method sanitizeJavaIdentifier from object of class java.lang.Class due to security restrictions.
2026-04-29 22:26:45,795 [4710952]   WARN - org.apache.velocity.introspection - Cannot retrieve method capitalizeWithJavaBeanConvention from object of class java.lang.Class due to security restrictions.
2026-04-29 22:26:45,873 [4711030]   WARN - org.apache.velocity.introspection - Cannot retrieve method getPropertyName from object of class java.lang.Class due to security restrictions.
2026-04-29 22:26:45,873 [4711030]   WARN - org.apache.velocity.introspection - Cannot retrieve method sanitizeJavaIdentifier from object of class java.lang.Class due to security restrictions.
2026-04-29 22:26:45,873 [4711030]   WARN - org.apache.velocity.introspection - Cannot retrieve method capitalizeWithJavaBeanConvention from object of class java.lang.Class due to security restrictions.
2026-04-29 22:26:46,013 [4711170]   WARN - org.apache.velocity.introspection - Cannot retrieve method getPropertyName from object of class java.lang.Class due to security restrictions.
2026-04-29 22:26:46,014 [4711171]   WARN - org.apache.velocity.introspection - Cannot retrieve method sanitizeJavaIdentifier from object of class java.lang.Class due to security restrictions.
2026-04-29 22:26:46,014 [4711171]   WARN - org.apache.velocity.introspection - Cannot retrieve method capitalizeWithJavaBeanConvention from object of class java.lang.Class due to security restrictions.
2026-04-29 22:26:46,111 [4711268]   WARN - org.apache.velocity.introspection - Cannot retrieve method getPropertyName from object of class java.lang.Class due to security restrictions.
2026-04-29 22:26:46,112 [4711269]   WARN - org.apache.velocity.introspection - Cannot retrieve method sanitizeJavaIdentifier from object of class java.lang.Class due to security restrictions.
2026-04-29 22:26:46,112 [4711269]   WARN - org.apache.velocity.introspection - Cannot retrieve method capitalizeWithJavaBeanConvention from object of class java.lang.Class due to security restrictions.
2026-04-29 22:26:46,946 [4712103]   WARN - org.apache.velocity.introspection - Cannot retrieve method getPropertyName from object of class java.lang.Class due to security restrictions.
2026-04-29 22:26:46,946 [4712103]   WARN - org.apache.velocity.introspection - Cannot retrieve method sanitizeJavaIdentifier from object of class java.lang.Class due to security restrictions.
2026-04-29 22:26:46,946 [4712103]   WARN - org.apache.velocity.introspection - Cannot retrieve method capitalizeWithJavaBeanConvention from object of class java.lang.Class due to security restrictions.
2026-04-29 22:26:47,468 [4712625]   WARN - org.apache.velocity.introspection - Cannot retrieve method getPropertyName from object of class java.lang.Class due to security restrictions.
2026-04-29 22:26:47,469 [4712626]   WARN - org.apache.velocity.introspection - Cannot retrieve method sanitizeJavaIdentifier from object of class java.lang.Class due to security restrictions.
2026-04-29 22:26:47,469 [4712626]   WARN - org.apache.velocity.introspection - Cannot retrieve method capitalizeWithJavaBeanConvention from object of class java.lang.Class due to security restrictions.
2026-04-29 22:26:47,590 [4712747]   WARN - org.apache.velocity.introspection - Cannot retrieve method getPropertyName from object of class java.lang.Class due to security restrictions.
2026-04-29 22:26:47,590 [4712747]   WARN - org.apache.velocity.introspection - Cannot retrieve method sanitizeJavaIdentifier from object of class java.lang.Class due to security restrictions.
2026-04-29 22:26:47,590 [4712747]   WARN - org.apache.velocity.introspection - Cannot retrieve method capitalizeWithJavaBeanConvention from object of class java.lang.Class due to security restrictions.
2026-04-29 22:26:47,689 [4712846]   WARN - org.apache.velocity.introspection - Cannot retrieve method getPropertyName from object of class java.lang.Class due to security restrictions.
2026-04-29 22:26:47,690 [4712847]   WARN - org.apache.velocity.introspection - Cannot retrieve method sanitizeJavaIdentifier from object of class java.lang.Class due to security restrictions.
2026-04-29 22:26:47,690 [4712847]   WARN - org.apache.velocity.introspection - Cannot retrieve method capitalizeWithJavaBeanConvention from object of class java.lang.Class due to security restrictions.
2026-04-29 22:26:50,689 [4715846]   WARN - org.apache.velocity.introspection - Cannot retrieve method getPropertyName from object of class java.lang.Class due to security restrictions.
2026-04-29 22:26:50,689 [4715846]   WARN - org.apache.velocity.introspection - Cannot retrieve method sanitizeJavaIdentifier from object of class java.lang.Class due to security restrictions.
2026-04-29 22:26:50,690 [4715847]   WARN - org.apache.velocity.introspection - Cannot retrieve method capitalizeWithJavaBeanConvention from object of class java.lang.Class due to security restrictions.
2026-04-29 22:26:50,846 [4716003]   WARN - org.apache.velocity.introspection - Cannot retrieve method getPropertyName from object of class java.lang.Class due to security restrictions.
2026-04-29 22:26:50,846 [4716003]   WARN - org.apache.velocity.introspection - Cannot retrieve method sanitizeJavaIdentifier from object of class java.lang.Class due to security restrictions.
2026-04-29 22:26:50,847 [4716004]   WARN - org.apache.velocity.introspection - Cannot retrieve method capitalizeWithJavaBeanConvention from object of class java.lang.Class due to security restrictions.
2026-04-29 22:26:50,904 [4716061]   WARN - org.apache.velocity.introspection - Cannot retrieve method getPropertyName from object of class java.lang.Class due to security restrictions.
2026-04-29 22:26:50,905 [4716062]   WARN - org.apache.velocity.introspection - Cannot retrieve method sanitizeJavaIdentifier from object of class java.lang.Class due to security restrictions.
2026-04-29 22:26:50,905 [4716062]   WARN - org.apache.velocity.introspection - Cannot retrieve method capitalizeWithJavaBeanConvention from object of class java.lang.Class due to security restrictions.
2026-04-29 22:26:51,229 [4716386]   WARN - org.apache.velocity.introspection - Cannot retrieve method getPropertyName from object of class java.lang.Class due to security restrictions.
2026-04-29 22:26:51,229 [4716386]   WARN - org.apache.velocity.introspection - Cannot retrieve method sanitizeJavaIdentifier from object of class java.lang.Class due to security restrictions.
2026-04-29 22:26:51,230 [4716387]   WARN - org.apache.velocity.introspection - Cannot retrieve method capitalizeWithJavaBeanConvention from object of class java.lang.Class due to security restrictions.
2026-04-29 22:26:51,319 [4716476]   WARN - org.apache.velocity.introspection - Cannot retrieve method getPropertyName from object of class java.lang.Class due to security restrictions.
2026-04-29 22:26:51,320 [4716477]   WARN - org.apache.velocity.introspection - Cannot retrieve method sanitizeJavaIdentifier from object of class java.lang.Class due to security restrictions.
2026-04-29 22:26:51,320 [4716477]   WARN - org.apache.velocity.introspection - Cannot retrieve method capitalizeWithJavaBeanConvention from object of class java.lang.Class due to security restrictions.
2026-04-29 22:27:17.490 [DBG] [oshi.util.FileUtil] Reading file {}:[Ljava.lang.Object;@50599fbf
2026-04-29 22:27:17.491 [DBG] [oshi.util.FileUtil] Reading file {}:[Ljava.lang.Object;@69645aef
2026-04-29 22:27:17.491 [DBG] [oshi.util.FileUtil] Reading file {}:[Ljava.lang.Object;@5790b6af
2026-04-29 22:27:17.491 [DBG] [oshi.util.FileUtil] Reading file {}:[Ljava.lang.Object;@7ec4ce98
2026-04-29 22:27:17.491 [DBG] [oshi.util.FileUtil] Reading file {}:[Ljava.lang.Object;@627c1298
2026-04-29 22:27:17.491 [DBG] [oshi.util.FileUtil] Reading file {}:[Ljava.lang.Object;@29849f1a
2026-04-29 22:28:17.495 [DBG] [oshi.util.FileUtil] Reading file {}:[Ljava.lang.Object;@2909b5fb
2026-04-29 22:28:17.495 [DBG] [oshi.util.FileUtil] Reading file {}:[Ljava.lang.Object;@52c7eb9f
2026-04-29 22:28:17.496 [DBG] [oshi.util.FileUtil] Reading file {}:[Ljava.lang.Object;@1bf7108b
2026-04-29 22:28:17.496 [DBG] [oshi.util.FileUtil] Reading file {}:[Ljava.lang.Object;@4c8cf953
2026-04-29 22:28:17.496 [DBG] [oshi.util.FileUtil] Reading file {}:[Ljava.lang.Object;@284e2b54
2026-04-29 22:28:17.496 [DBG] [oshi.util.FileUtil] Reading file {}:[Ljava.lang.Object;@45b8b6d1
2026-04-29 22:29:17.501 [DBG] [oshi.util.FileUtil] Reading file {}:[Ljava.lang.Object;@44f5822e
2026-04-29 22:29:17.501 [DBG] [oshi.util.FileUtil] Reading file {}:[Ljava.lang.Object;@7a57d986
2026-04-29 22:29:17.501 [DBG] [oshi.util.FileUtil] Reading file {}:[Ljava.lang.Object;@69234592
2026-04-29 22:29:17.501 [DBG] [oshi.util.FileUtil] Reading file {}:[Ljava.lang.Object;@5c98b747
2026-04-29 22:29:17.501 [DBG] [oshi.util.FileUtil] Reading file {}:[Ljava.lang.Object;@3414aa08
2026-04-29 22:29:17.501 [DBG] [oshi.util.FileUtil] Reading file {}:[Ljava.lang.Object;@704bdee5
2026-04-29 22:30:17.506 [DBG] [oshi.util.FileUtil] Reading file {}:[Ljava.lang.Object;@e90f70a
2026-04-29 22:30:17.506 [DBG] [oshi.util.FileUtil] Reading file {}:[Ljava.lang.Object;@525f7c34
2026-04-29 22:30:17.506 [DBG] [oshi.util.FileUtil] Reading file {}:[Ljava.lang.Object;@7d5c0d93
2026-04-29 22:30:17.506 [DBG] [oshi.util.FileUtil] Reading file {}:[Ljava.lang.Object;@6c91a859
2026-04-29 22:30:17.506 [DBG] [oshi.util.FileUtil] Reading file {}:[Ljava.lang.Object;@65303a66
2026-04-29 22:30:17.506 [DBG] [oshi.util.FileUtil] Reading file {}:[Ljava.lang.Object;@4ca75428
2026-04-29 22:30:51,279 [4956436]   WARN - org.apache.velocity.introspection - Cannot retrieve method getPropertyName from object of class java.lang.Class due to security restrictions.
2026-04-29 22:30:51,280 [4956437]   WARN - org.apache.velocity.introspection - Cannot retrieve method sanitizeJavaIdentifier from object of class java.lang.Class due to security restrictions.
2026-04-29 22:30:51,280 [4956437]   WARN - org.apache.velocity.introspection - Cannot retrieve method capitalizeWithJavaBeanConvention from object of class java.lang.Class due to security restrictions.
2026-04-29 22:30:51,292 [4956449]   WARN - org.apache.velocity.introspection - Cannot retrieve method getParamName from object of class java.lang.Class due to security restrictions.
2026-04-29 22:30:51,292 [4956449]   WARN - org.apache.velocity.introspection - Cannot retrieve method getPropertyName from object of class java.lang.Class due to security restrictions.
2026-04-29 22:30:51,292 [4956449]   WARN - org.apache.velocity.introspection - Cannot retrieve method sanitizeJavaIdentifier from object of class java.lang.Class due to security restrictions.
2026-04-29 22:30:51,292 [4956449]   WARN - org.apache.velocity.introspection - Cannot retrieve method capitalizeWithJavaBeanConvention from object of class java.lang.Class due to security restrictions.
2026-04-29 22:30:51,302 [4956459]   WARN - org.apache.velocity.introspection - Cannot retrieve method getPropertyName from object of class java.lang.Class due to security restrictions.
2026-04-29 22:30:51,303 [4956460]   WARN - org.apache.velocity.introspection - Cannot retrieve method sanitizeJavaIdentifier from object of class java.lang.Class due to security restrictions.
2026-04-29 22:30:51,303 [4956460]   WARN - org.apache.velocity.introspection - Cannot retrieve method capitalizeWithJavaBeanConvention from object of class java.lang.Class due to security restrictions.
2026-04-29 22:30:51,311 [4956468]   WARN - org.apache.velocity.introspection - Cannot retrieve method getParamName from object of class java.lang.Class due to security restrictions.
2026-04-29 22:30:51,311 [4956468]   WARN - org.apache.velocity.introspection - Cannot retrieve method getPropertyName from object of class java.lang.Class due to security restrictions.
2026-04-29 22:30:51,311 [4956468]   WARN - org.apache.velocity.introspection - Cannot retrieve method sanitizeJavaIdentifier from object of class java.lang.Class due to security restrictions.
2026-04-29 22:30:51,312 [4956469]   WARN - org.apache.velocity.introspection - Cannot retrieve method capitalizeWithJavaBeanConvention from object of class java.lang.Class due to security restrictions.
2026-04-29 22:30:51,321 [4956478]   WARN - org.apache.velocity.introspection - Cannot retrieve method getPropertyName from object of class java.lang.Class due to security restrictions.
2026-04-29 22:30:51,321 [4956478]   WARN - org.apache.velocity.introspection - Cannot retrieve method sanitizeJavaIdentifier from object of class java.lang.Class due to security restrictions.
2026-04-29 22:30:51,322 [4956479]   WARN - org.apache.velocity.introspection - Cannot retrieve method capitalizeWithJavaBeanConvention from object of class java.lang.Class due to security restrictions.
2026-04-29 22:30:51,329 [4956486]   WARN - org.apache.velocity.introspection - Cannot retrieve method getParamName from object of class java.lang.Class due to security restrictions.
2026-04-29 22:30:51,329 [4956486]   WARN - org.apache.velocity.introspection - Cannot retrieve method getPropertyName from object of class java.lang.Class due to security restrictions.
2026-04-29 22:30:51,330 [4956487]   WARN - org.apache.velocity.introspection - Cannot retrieve method sanitizeJavaIdentifier from object of class java.lang.Class due to security restrictions.
2026-04-29 22:30:51,330 [4956487]   WARN - org.apache.velocity.introspection - Cannot retrieve method capitalizeWithJavaBeanConvention from object of class java.lang.Class due to security restrictions.
2026-04-29 22:30:51,339 [4956496]   WARN - org.apache.velocity.introspection - Cannot retrieve method getPropertyName from object of class java.lang.Class due to security restrictions.
2026-04-29 22:30:51,340 [4956497]   WARN - org.apache.velocity.introspection - Cannot retrieve method sanitizeJavaIdentifier from object of class java.lang.Class due to security restrictions.
2026-04-29 22:30:51,340 [4956497]   WARN - org.apache.velocity.introspection - Cannot retrieve method capitalizeWithJavaBeanConvention from object of class java.lang.Class due to security restrictions.
2026-04-29 22:30:51,360 [4956517]   WARN - org.apache.velocity.introspection - Cannot retrieve method getParamName from object of class java.lang.Class due to security restrictions.
2026-04-29 22:30:51,361 [4956518]   WARN - org.apache.velocity.introspection - Cannot retrieve method getPropertyName from object of class java.lang.Class due to security restrictions.
2026-04-29 22:30:51,361 [4956518]   WARN - org.apache.velocity.introspection - Cannot retrieve method sanitizeJavaIdentifier from object of class java.lang.Class due to security restrictions.
2026-04-29 22:30:51,362 [4956519]   WARN - org.apache.velocity.introspection - Cannot retrieve method capitalizeWithJavaBeanConvention from object of class java.lang.Class due to security restrictions.
2026-04-29 22:30:51,378 [4956535]   WARN - org.apache.velocity.introspection - Cannot retrieve method getPropertyName from object of class java.lang.Class due to security restrictions.
2026-04-29 22:30:51,378 [4956535]   WARN - org.apache.velocity.introspection - Cannot retrieve method sanitizeJavaIdentifier from object of class java.lang.Class due to security restrictions.
2026-04-29 22:30:51,379 [4956536]   WARN - org.apache.velocity.introspection - Cannot retrieve method capitalizeWithJavaBeanConvention from object of class java.lang.Class due to security restrictions.
2026-04-29 22:30:51,388 [4956545]   WARN - org.apache.velocity.introspection - Cannot retrieve method getParamName from object of class java.lang.Class due to security restrictions.
2026-04-29 22:30:51,389 [4956546]   WARN - org.apache.velocity.introspection - Cannot retrieve method getPropertyName from object of class java.lang.Class due to security restrictions.
2026-04-29 22:30:51,389 [4956546]   WARN - org.apache.velocity.introspection - Cannot retrieve method sanitizeJavaIdentifier from object of class java.lang.Class due to security restrictions.
2026-04-29 22:30:51,389 [4956546]   WARN - org.apache.velocity.introspection - Cannot retrieve method capitalizeWithJavaBeanConvention from object of class java.lang.Class due to security restrictions.
2026-04-29 22:30:51,398 [4956555]   WARN - org.apache.velocity.introspection - Cannot retrieve method getPropertyName from object of class java.lang.Class due to security restrictions.
2026-04-29 22:30:51,399 [4956556]   WARN - org.apache.velocity.introspection - Cannot retrieve method sanitizeJavaIdentifier from object of class java.lang.Class due to security restrictions.
2026-04-29 22:30:51,399 [4956556]   WARN - org.apache.velocity.introspection - Cannot retrieve method capitalizeWithJavaBeanConvention from object of class java.lang.Class due to security restrictions.
2026-04-29 22:30:51,407 [4956564]   WARN - org.apache.velocity.introspection - Cannot retrieve method getParamName from object of class java.lang.Class due to security restrictions.
2026-04-29 22:30:51,407 [4956564]   WARN - org.apache.velocity.introspection - Cannot retrieve method getPropertyName from object of class java.lang.Class due to security restrictions.
2026-04-29 22:30:51,407 [4956564]   WARN - org.apache.velocity.introspection - Cannot retrieve method sanitizeJavaIdentifier from object of class java.lang.Class due to security restrictions.
2026-04-29 22:30:51,408 [4956565]   WARN - org.apache.velocity.introspection - Cannot retrieve method capitalizeWithJavaBeanConvention from object of class java.lang.Class due to security restrictions.
2026-04-29 22:30:51,415 [4956572]   WARN - org.apache.velocity.introspection - Cannot retrieve method getPropertyName from object of class java.lang.Class due to security restrictions.
2026-04-29 22:30:51,416 [4956573]   WARN - org.apache.velocity.introspection - Cannot retrieve method sanitizeJavaIdentifier from object of class java.lang.Class due to security restrictions.
2026-04-29 22:30:51,416 [4956573]   WARN - org.apache.velocity.introspection - Cannot retrieve method capitalizeWithJavaBeanConvention from object of class java.lang.Class due to security restrictions.
2026-04-29 22:30:51,422 [4956579]   WARN - org.apache.velocity.introspection - Cannot retrieve method getParamName from object of class java.lang.Class due to security restrictions.
2026-04-29 22:30:51,423 [4956580]   WARN - org.apache.velocity.introspection - Cannot retrieve method getPropertyName from object of class java.lang.Class due to security restrictions.
2026-04-29 22:30:51,423 [4956580]   WARN - org.apache.velocity.introspection - Cannot retrieve method sanitizeJavaIdentifier from object of class java.lang.Class due to security restrictions.
2026-04-29 22:30:51,423 [4956580]   WARN - org.apache.velocity.introspection - Cannot retrieve method capitalizeWithJavaBeanConvention from object of class java.lang.Class due to security restrictions.
2026-04-29 22:30:51,431 [4956588]   WARN - org.apache.velocity.introspection - Cannot retrieve method getPropertyName from object of class java.lang.Class due to security restrictions.
2026-04-29 22:30:51,432 [4956589]   WARN - org.apache.velocity.introspection - Cannot retrieve method sanitizeJavaIdentifier from object of class java.lang.Class due to security restrictions.
2026-04-29 22:30:51,432 [4956589]   WARN - org.apache.velocity.introspection - Cannot retrieve method capitalizeWithJavaBeanConvention from object of class java.lang.Class due to security restrictions.
2026-04-29 22:30:51,482 [4956639]   WARN - org.apache.velocity.introspection - Cannot retrieve method getPropertyName from object of class java.lang.Class due to security restrictions.
2026-04-29 22:30:51,483 [4956640]   WARN - org.apache.velocity.introspection - Cannot retrieve method sanitizeJavaIdentifier from object of class java.lang.Class due to security restrictions.
2026-04-29 22:30:51,483 [4956640]   WARN - org.apache.velocity.introspection - Cannot retrieve method capitalizeWithJavaBeanConvention from object of class java.lang.Class due to security restrictions.
2026-04-29 22:30:51,493 [4956650]   WARN - org.apache.velocity.introspection - Cannot retrieve method getParamName from object of class java.lang.Class due to security restrictions.
2026-04-29 22:30:51,494 [4956651]   WARN - org.apache.velocity.introspection - Cannot retrieve method getPropertyName from object of class java.lang.Class due to security restrictions.
2026-04-29 22:30:51,494 [4956651]   WARN - org.apache.velocity.introspection - Cannot retrieve method sanitizeJavaIdentifier from object of class java.lang.Class due to security restrictions.
2026-04-29 22:30:51,494 [4956651]   WARN - org.apache.velocity.introspection - Cannot retrieve method capitalizeWithJavaBeanConvention from object of class java.lang.Class due to security restrictions.
2026-04-29 22:30:51,503 [4956660]   WARN - org.apache.velocity.introspection - Cannot retrieve method getPropertyName from object of class java.lang.Class due to security restrictions.
2026-04-29 22:30:51,504 [4956661]   WARN - org.apache.velocity.introspection - Cannot retrieve method sanitizeJavaIdentifier from object of class java.lang.Class due to security restrictions.
2026-04-29 22:30:51,504 [4956661]   WARN - org.apache.velocity.introspection - Cannot retrieve method capitalizeWithJavaBeanConvention from object of class java.lang.Class due to security restrictions.
2026-04-29 22:30:51,513 [4956670]   WARN - org.apache.velocity.introspection - Cannot retrieve method getParamName from object of class java.lang.Class due to security restrictions.
2026-04-29 22:30:51,513 [4956670]   WARN - org.apache.velocity.introspection - Cannot retrieve method getPropertyName from object of class java.lang.Class due to security restrictions.
2026-04-29 22:30:51,514 [4956671]   WARN - org.apache.velocity.introspection - Cannot retrieve method sanitizeJavaIdentifier from object of class java.lang.Class due to security restrictions.
2026-04-29 22:30:51,514 [4956671]   WARN - org.apache.velocity.introspection - Cannot retrieve method capitalizeWithJavaBeanConvention from object of class java.lang.Class due to security restrictions.
2026-04-29 22:30:51,535 [4956692]   WARN - org.apache.velocity.introspection - Cannot retrieve method getPropertyName from object of class java.lang.Class due to security restrictions.
2026-04-29 22:30:51,536 [4956693]   WARN - org.apache.velocity.introspection - Cannot retrieve method sanitizeJavaIdentifier from object of class java.lang.Class due to security restrictions.
2026-04-29 22:30:51,536 [4956693]   WARN - org.apache.velocity.introspection - Cannot retrieve method capitalizeWithJavaBeanConvention from object of class java.lang.Class due to security restrictions.
2026-04-29 22:30:51,543 [4956700]   WARN - org.apache.velocity.introspection - Cannot retrieve method getParamName from object of class java.lang.Class due to security restrictions.
2026-04-29 22:30:51,544 [4956701]   WARN - org.apache.velocity.introspection - Cannot retrieve method getPropertyName from object of class java.lang.Class due to security restrictions.
2026-04-29 22:30:51,544 [4956701]   WARN - org.apache.velocity.introspection - Cannot retrieve method sanitizeJavaIdentifier from object of class java.lang.Class due to security restrictions.
2026-04-29 22:30:51,544 [4956701]   WARN - org.apache.velocity.introspection - Cannot retrieve method capitalizeWithJavaBeanConvention from object of class java.lang.Class due to security restrictions.
2026-04-29 22:30:51,555 [4956712]   WARN - org.apache.velocity.introspection - Cannot retrieve method getPropertyName from object of class java.lang.Class due to security restrictions.
2026-04-29 22:30:51,556 [4956713]   WARN - org.apache.velocity.introspection - Cannot retrieve method sanitizeJavaIdentifier from object of class java.lang.Class due to security restrictions.
2026-04-29 22:30:51,556 [4956713]   WARN - org.apache.velocity.introspection - Cannot retrieve method capitalizeWithJavaBeanConvention from object of class java.lang.Class due to security restrictions.
2026-04-29 22:30:51,563 [4956720]   WARN - org.apache.velocity.introspection - Cannot retrieve method getParamName from object of class java.lang.Class due to security restrictions.
2026-04-29 22:30:51,564 [4956721]   WARN - org.apache.velocity.introspection - Cannot retrieve method getPropertyName from object of class java.lang.Class due to security restrictions.
2026-04-29 22:30:51,564 [4956721]   WARN - org.apache.velocity.introspection - Cannot retrieve method sanitizeJavaIdentifier from object of class java.lang.Class due to security restrictions.
2026-04-29 22:30:51,564 [4956721]   WARN - org.apache.velocity.introspection - Cannot retrieve method capitalizeWithJavaBeanConvention from object of class java.lang.Class due to security restrictions.
2026-04-29 22:30:51,572 [4956729]   WARN - org.apache.velocity.introspection - Cannot retrieve method getPropertyName from object of class java.lang.Class due to security restrictions.
2026-04-29 22:30:51,572 [4956729]   WARN - org.apache.velocity.introspection - Cannot retrieve method sanitizeJavaIdentifier from object of class java.lang.Class due to security restrictions.
2026-04-29 22:30:51,572 [4956729]   WARN - org.apache.velocity.introspection - Cannot retrieve method capitalizeWithJavaBeanConvention from object of class java.lang.Class due to security restrictions.
2026-04-29 22:30:51,580 [4956737]   WARN - org.apache.velocity.introspection - Cannot retrieve method getParamName from object of class java.lang.Class due to security restrictions.
2026-04-29 22:30:51,580 [4956737]   WARN - org.apache.velocity.introspection - Cannot retrieve method getPropertyName from object of class java.lang.Class due to security restrictions.
2026-04-29 22:30:51,580 [4956737]   WARN - org.apache.velocity.introspection - Cannot retrieve method sanitizeJavaIdentifier from object of class java.lang.Class due to security restrictions.
2026-04-29 22:30:51,581 [4956738]   WARN - org.apache.velocity.introspection - Cannot retrieve method capitalizeWithJavaBeanConvention from object of class java.lang.Class due to security restrictions.
2026-04-29 22:30:51,589 [4956746]   WARN - org.apache.velocity.introspection - Cannot retrieve method getPropertyName from object of class java.lang.Class due to security restrictions.
2026-04-29 22:30:51,590 [4956747]   WARN - org.apache.velocity.introspection - Cannot retrieve method sanitizeJavaIdentifier from object of class java.lang.Class due to security restrictions.
2026-04-29 22:30:51,590 [4956747]   WARN - org.apache.velocity.introspection - Cannot retrieve method capitalizeWithJavaBeanConvention from object of class java.lang.Class due to security restrictions.
2026-04-29 22:30:51,598 [4956755]   WARN - org.apache.velocity.introspection - Cannot retrieve method getParamName from object of class java.lang.Class due to security restrictions.
2026-04-29 22:30:51,599 [4956756]   WARN - org.apache.velocity.introspection - Cannot retrieve method getPropertyName from object of class java.lang.Class due to security restrictions.
2026-04-29 22:30:51,599 [4956756]   WARN - org.apache.velocity.introspection - Cannot retrieve method sanitizeJavaIdentifier from object of class java.lang.Class due to security restrictions.
2026-04-29 22:30:51,599 [4956756]   WARN - org.apache.velocity.introspection - Cannot retrieve method capitalizeWithJavaBeanConvention from object of class java.lang.Class due to security restrictions.
2026-04-29 22:30:51,607 [4956764]   WARN - org.apache.velocity.introspection - Cannot retrieve method getPropertyName from object of class java.lang.Class due to security restrictions.
2026-04-29 22:30:51,608 [4956765]   WARN - org.apache.velocity.introspection - Cannot retrieve method sanitizeJavaIdentifier from object of class java.lang.Class due to security restrictions.
2026-04-29 22:30:51,608 [4956765]   WARN - org.apache.velocity.introspection - Cannot retrieve method capitalizeWithJavaBeanConvention from object of class java.lang.Class due to security restrictions.
2026-04-29 22:30:51,614 [4956771]   WARN - org.apache.velocity.introspection - Cannot retrieve method getParamName from object of class java.lang.Class due to security restrictions.
2026-04-29 22:30:51,614 [4956771]   WARN - org.apache.velocity.introspection - Cannot retrieve method getPropertyName from object of class java.lang.Class due to security restrictions.
2026-04-29 22:30:51,614 [4956771]   WARN - org.apache.velocity.introspection - Cannot retrieve method sanitizeJavaIdentifier from object of class java.lang.Class due to security restrictions.
2026-04-29 22:30:51,614 [4956771]   WARN - org.apache.velocity.introspection - Cannot retrieve method capitalizeWithJavaBeanConvention from object of class java.lang.Class due to security restrictions.
2026-04-29 22:30:51,622 [4956779]   WARN - org.apache.velocity.introspection - Cannot retrieve method getPropertyName from object of class java.lang.Class due to security restrictions.
2026-04-29 22:30:51,623 [4956780]   WARN - org.apache.velocity.introspection - Cannot retrieve method sanitizeJavaIdentifier from object of class java.lang.Class due to security restrictions.
2026-04-29 22:30:51,623 [4956780]   WARN - org.apache.velocity.introspection - Cannot retrieve method capitalizeWithJavaBeanConvention from object of class java.lang.Class due to security restrictions.
2026-04-29 22:30:51,629 [4956786]   WARN - org.apache.velocity.introspection - Cannot retrieve method getParamName from object of class java.lang.Class due to security restrictions.
2026-04-29 22:30:51,629 [4956786]   WARN - org.apache.velocity.introspection - Cannot retrieve method getPropertyName from object of class java.lang.Class due to security restrictions.
2026-04-29 22:30:51,629 [4956786]   WARN - org.apache.velocity.introspection - Cannot retrieve method sanitizeJavaIdentifier from object of class java.lang.Class due to security restrictions.
2026-04-29 22:30:51,630 [4956787]   WARN - org.apache.velocity.introspection - Cannot retrieve method capitalizeWithJavaBeanConvention from object of class java.lang.Class due to security restrictions.
2026-04-29 22:30:52,920 [4958077]   WARN - org.apache.velocity.introspection - Cannot retrieve method getPropertyName from object of class java.lang.Class due to security restrictions.
2026-04-29 22:30:52,921 [4958078]   WARN - org.apache.velocity.introspection - Cannot retrieve method sanitizeJavaIdentifier from object of class java.lang.Class due to security restrictions.
2026-04-29 22:30:52,921 [4958078]   WARN - org.apache.velocity.introspection - Cannot retrieve method capitalizeWithJavaBeanConvention from object of class java.lang.Class due to security restrictions.
2026-04-29 22:30:52,941 [4958098]   WARN - org.apache.velocity.introspection - Cannot retrieve method getParamName from object of class java.lang.Class due to security restrictions.
2026-04-29 22:30:52,942 [4958099]   WARN - org.apache.velocity.introspection - Cannot retrieve method getPropertyName from object of class java.lang.Class due to security restrictions.
2026-04-29 22:30:52,942 [4958099]   WARN - org.apache.velocity.introspection - Cannot retrieve method sanitizeJavaIdentifier from object of class java.lang.Class due to security restrictions.
2026-04-29 22:30:52,943 [4958100]   WARN - org.apache.velocity.introspection - Cannot retrieve method capitalizeWithJavaBeanConvention from object of class java.lang.Class due to security restrictions.
2026-04-29 22:30:52,955 [4958112]   WARN - org.apache.velocity.introspection - Cannot retrieve method getPropertyName from object of class java.lang.Class due to security restrictions.
2026-04-29 22:30:52,955 [4958112]   WARN - org.apache.velocity.introspection - Cannot retrieve method sanitizeJavaIdentifier from object of class java.lang.Class due to security restrictions.
2026-04-29 22:30:52,956 [4958113]   WARN - org.apache.velocity.introspection - Cannot retrieve method capitalizeWithJavaBeanConvention from object of class java.lang.Class due to security restrictions.
2026-04-29 22:30:52,963 [4958120]   WARN - org.apache.velocity.introspection - Cannot retrieve method getParamName from object of class java.lang.Class due to security restrictions.
2026-04-29 22:30:52,963 [4958120]   WARN - org.apache.velocity.introspection - Cannot retrieve method getPropertyName from object of class java.lang.Class due to security restrictions.
2026-04-29 22:30:52,963 [4958120]   WARN - org.apache.velocity.introspection - Cannot retrieve method sanitizeJavaIdentifier from object of class java.lang.Class due to security restrictions.
2026-04-29 22:30:52,964 [4958121]   WARN - org.apache.velocity.introspection - Cannot retrieve method capitalizeWithJavaBeanConvention from object of class java.lang.Class due to security restrictions.
2026-04-29 22:30:52,972 [4958129]   WARN - org.apache.velocity.introspection - Cannot retrieve method getPropertyName from object of class java.lang.Class due to security restrictions.
2026-04-29 22:30:52,973 [4958130]   WARN - org.apache.velocity.introspection - Cannot retrieve method sanitizeJavaIdentifier from object of class java.lang.Class due to security restrictions.
2026-04-29 22:30:52,973 [4958130]   WARN - org.apache.velocity.introspection - Cannot retrieve method capitalizeWithJavaBeanConvention from object of class java.lang.Class due to security restrictions.
2026-04-29 22:30:52,985 [4958142]   WARN - org.apache.velocity.introspection - Cannot retrieve method getParamName from object of class java.lang.Class due to security restrictions.
2026-04-29 22:30:52,986 [4958143]   WARN - org.apache.velocity.introspection - Cannot retrieve method getPropertyName from object of class java.lang.Class due to security restrictions.
2026-04-29 22:30:52,986 [4958143]   WARN - org.apache.velocity.introspection - Cannot retrieve method sanitizeJavaIdentifier from object of class java.lang.Class due to security restrictions.
2026-04-29 22:30:52,986 [4958143]   WARN - org.apache.velocity.introspection - Cannot retrieve method capitalizeWithJavaBeanConvention from object of class java.lang.Class due to security restrictions.
2026-04-29 22:30:53,004 [4958161]   WARN - org.apache.velocity.introspection - Cannot retrieve method getPropertyName from object of class java.lang.Class due to security restrictions.
2026-04-29 22:30:53,004 [4958161]   WARN - org.apache.velocity.introspection - Cannot retrieve method sanitizeJavaIdentifier from object of class java.lang.Class due to security restrictions.
2026-04-29 22:30:53,004 [4958161]   WARN - org.apache.velocity.introspection - Cannot retrieve method capitalizeWithJavaBeanConvention from object of class java.lang.Class due to security restrictions.
2026-04-29 22:30:53,012 [4958169]   WARN - org.apache.velocity.introspection - Cannot retrieve method getParamName from object of class java.lang.Class due to security restrictions.
2026-04-29 22:30:53,012 [4958169]   WARN - org.apache.velocity.introspection - Cannot retrieve method getPropertyName from object of class java.lang.Class due to security restrictions.
2026-04-29 22:30:53,013 [4958170]   WARN - org.apache.velocity.introspection - Cannot retrieve method sanitizeJavaIdentifier from object of class java.lang.Class due to security restrictions.
2026-04-29 22:30:53,013 [4958170]   WARN - org.apache.velocity.introspection - Cannot retrieve method capitalizeWithJavaBeanConvention from object of class java.lang.Class due to security restrictions.
2026-04-29 22:30:53,021 [4958178]   WARN - org.apache.velocity.introspection - Cannot retrieve method getPropertyName from object of class java.lang.Class due to security restrictions.
2026-04-29 22:30:53,022 [4958179]   WARN - org.apache.velocity.introspection - Cannot retrieve method sanitizeJavaIdentifier from object of class java.lang.Class due to security restrictions.
2026-04-29 22:30:53,022 [4958179]   WARN - org.apache.velocity.introspection - Cannot retrieve method capitalizeWithJavaBeanConvention from object of class java.lang.Class due to security restrictions.
2026-04-29 22:30:53,075 [4958232]   WARN - org.apache.velocity.introspection - Cannot retrieve method getPropertyName from object of class java.lang.Class due to security restrictions.
2026-04-29 22:30:53,075 [4958232]   WARN - org.apache.velocity.introspection - Cannot retrieve method sanitizeJavaIdentifier from object of class java.lang.Class due to security restrictions.
2026-04-29 22:30:53,076 [4958233]   WARN - org.apache.velocity.introspection - Cannot retrieve method capitalizeWithJavaBeanConvention from object of class java.lang.Class due to security restrictions.
2026-04-29 22:30:53,086 [4958243]   WARN - org.apache.velocity.introspection - Cannot retrieve method getParamName from object of class java.lang.Class due to security restrictions.
2026-04-29 22:30:53,087 [4958244]   WARN - org.apache.velocity.introspection - Cannot retrieve method getPropertyName from object of class java.lang.Class due to security restrictions.
2026-04-29 22:30:53,087 [4958244]   WARN - org.apache.velocity.introspection - Cannot retrieve method sanitizeJavaIdentifier from object of class java.lang.Class due to security restrictions.
2026-04-29 22:30:53,087 [4958244]   WARN - org.apache.velocity.introspection - Cannot retrieve method capitalizeWithJavaBeanConvention from object of class java.lang.Class due to security restrictions.
2026-04-29 22:30:53,097 [4958254]   WARN - org.apache.velocity.introspection - Cannot retrieve method getPropertyName from object of class java.lang.Class due to security restrictions.
2026-04-29 22:30:53,097 [4958254]   WARN - org.apache.velocity.introspection - Cannot retrieve method sanitizeJavaIdentifier from object of class java.lang.Class due to security restrictions.
2026-04-29 22:30:53,098 [4958255]   WARN - org.apache.velocity.introspection - Cannot retrieve method capitalizeWithJavaBeanConvention from object of class java.lang.Class due to security restrictions.
2026-04-29 22:30:53,115 [4958272]   WARN - org.apache.velocity.introspection - Cannot retrieve method getParamName from object of class java.lang.Class due to security restrictions.
2026-04-29 22:30:53,115 [4958272]   WARN - org.apache.velocity.introspection - Cannot retrieve method getPropertyName from object of class java.lang.Class due to security restrictions.
2026-04-29 22:30:53,115 [4958272]   WARN - org.apache.velocity.introspection - Cannot retrieve method sanitizeJavaIdentifier from object of class java.lang.Class due to security restrictions.
2026-04-29 22:30:53,116 [4958273]   WARN - org.apache.velocity.introspection - Cannot retrieve method capitalizeWithJavaBeanConvention from object of class java.lang.Class due to security restrictions.
2026-04-29 22:30:53,124 [4958281]   WARN - org.apache.velocity.introspection - Cannot retrieve method getPropertyName from object of class java.lang.Class due to security restrictions.
2026-04-29 22:30:53,125 [4958282]   WARN - org.apache.velocity.introspection - Cannot retrieve method sanitizeJavaIdentifier from object of class java.lang.Class due to security restrictions.
2026-04-29 22:30:53,125 [4958282]   WARN - org.apache.velocity.introspection - Cannot retrieve method capitalizeWithJavaBeanConvention from object of class java.lang.Class due to security restrictions.
2026-04-29 22:30:53,132 [4958289]   WARN - org.apache.velocity.introspection - Cannot retrieve method getParamName from object of class java.lang.Class due to security restrictions.
2026-04-29 22:30:53,132 [4958289]   WARN - org.apache.velocity.introspection - Cannot retrieve method getPropertyName from object of class java.lang.Class due to security restrictions.
2026-04-29 22:30:53,133 [4958290]   WARN - org.apache.velocity.introspection - Cannot retrieve method sanitizeJavaIdentifier from object of class java.lang.Class due to security restrictions.
2026-04-29 22:30:53,133 [4958290]   WARN - org.apache.velocity.introspection - Cannot retrieve method capitalizeWithJavaBeanConvention from object of class java.lang.Class due to security restrictions.
2026-04-29 22:30:53,143 [4958300]   WARN - org.apache.velocity.introspection - Cannot retrieve method getPropertyName from object of class java.lang.Class due to security restrictions.
2026-04-29 22:30:53,144 [4958301]   WARN - org.apache.velocity.introspection - Cannot retrieve method sanitizeJavaIdentifier from object of class java.lang.Class due to security restrictions.
2026-04-29 22:30:53,144 [4958301]   WARN - org.apache.velocity.introspection - Cannot retrieve method capitalizeWithJavaBeanConvention from object of class java.lang.Class due to security restrictions.
2026-04-29 22:30:53,150 [4958307]   WARN - org.apache.velocity.introspection - Cannot retrieve method getParamName from object of class java.lang.Class due to security restrictions.
2026-04-29 22:30:53,151 [4958308]   WARN - org.apache.velocity.introspection - Cannot retrieve method getPropertyName from object of class java.lang.Class due to security restrictions.
2026-04-29 22:30:53,151 [4958308]   WARN - org.apache.velocity.introspection - Cannot retrieve method sanitizeJavaIdentifier from object of class java.lang.Class due to security restrictions.
2026-04-29 22:30:53,151 [4958308]   WARN - org.apache.velocity.introspection - Cannot retrieve method capitalizeWithJavaBeanConvention from object of class java.lang.Class due to security restrictions.
2026-04-29 22:30:53,159 [4958316]   WARN - org.apache.velocity.introspection - Cannot retrieve method getPropertyName from object of class java.lang.Class due to security restrictions.
2026-04-29 22:30:53,159 [4958316]   WARN - org.apache.velocity.introspection - Cannot retrieve method sanitizeJavaIdentifier from object of class java.lang.Class due to security restrictions.
2026-04-29 22:30:53,160 [4958317]   WARN - org.apache.velocity.introspection - Cannot retrieve method capitalizeWithJavaBeanConvention from object of class java.lang.Class due to security restrictions.
2026-04-29 22:30:53,168 [4958325]   WARN - org.apache.velocity.introspection - Cannot retrieve method getParamName from object of class java.lang.Class due to security restrictions.
2026-04-29 22:30:53,168 [4958325]   WARN - org.apache.velocity.introspection - Cannot retrieve method getPropertyName from object of class java.lang.Class due to security restrictions.
2026-04-29 22:30:53,168 [4958325]   WARN - org.apache.velocity.introspection - Cannot retrieve method sanitizeJavaIdentifier from object of class java.lang.Class due to security restrictions.
2026-04-29 22:30:53,168 [4958325]   WARN - org.apache.velocity.introspection - Cannot retrieve method capitalizeWithJavaBeanConvention from object of class java.lang.Class due to security restrictions.
2026-04-29 22:30:53,176 [4958333]   WARN - org.apache.velocity.introspection - Cannot retrieve method getPropertyName from object of class java.lang.Class due to security restrictions.
2026-04-29 22:30:53,176 [4958333]   WARN - org.apache.velocity.introspection - Cannot retrieve method sanitizeJavaIdentifier from object of class java.lang.Class due to security restrictions.
2026-04-29 22:30:53,176 [4958333]   WARN - org.apache.velocity.introspection - Cannot retrieve method capitalizeWithJavaBeanConvention from object of class java.lang.Class due to security restrictions.
2026-04-29 22:30:53,183 [4958340]   WARN - org.apache.velocity.introspection - Cannot retrieve method getParamName from object of class java.lang.Class due to security restrictions.
2026-04-29 22:30:53,183 [4958340]   WARN - org.apache.velocity.introspection - Cannot retrieve method getPropertyName from object of class java.lang.Class due to security restrictions.
2026-04-29 22:30:53,184 [4958341]   WARN - org.apache.velocity.introspection - Cannot retrieve method sanitizeJavaIdentifier from object of class java.lang.Class due to security restrictions.
2026-04-29 22:30:53,184 [4958341]   WARN - org.apache.velocity.introspection - Cannot retrieve method capitalizeWithJavaBeanConvention from object of class java.lang.Class due to security restrictions.
2026-04-29 22:30:53,191 [4958348]   WARN - org.apache.velocity.introspection - Cannot retrieve method getPropertyName from object of class java.lang.Class due to security restrictions.
2026-04-29 22:30:53,192 [4958349]   WARN - org.apache.velocity.introspection - Cannot retrieve method sanitizeJavaIdentifier from object of class java.lang.Class due to security restrictions.
2026-04-29 22:30:53,192 [4958349]   WARN - org.apache.velocity.introspection - Cannot retrieve method capitalizeWithJavaBeanConvention from object of class java.lang.Class due to security restrictions.
2026-04-29 22:30:53,198 [4958355]   WARN - org.apache.velocity.introspection - Cannot retrieve method getParamName from object of class java.lang.Class due to security restrictions.
2026-04-29 22:30:53,199 [4958356]   WARN - org.apache.velocity.introspection - Cannot retrieve method getPropertyName from object of class java.lang.Class due to security restrictions.
2026-04-29 22:30:53,199 [4958356]   WARN - org.apache.velocity.introspection - Cannot retrieve method sanitizeJavaIdentifier from object of class java.lang.Class due to security restrictions.
2026-04-29 22:30:53,199 [4958356]   WARN - org.apache.velocity.introspection - Cannot retrieve method capitalizeWithJavaBeanConvention from object of class java.lang.Class due to security restrictions.
2026-04-29 22:30:53,205 [4958362]   WARN - org.apache.velocity.introspection - Cannot retrieve method getPropertyName from object of class java.lang.Class due to security restrictions.
2026-04-29 22:30:53,205 [4958362]   WARN - org.apache.velocity.introspection - Cannot retrieve method sanitizeJavaIdentifier from object of class java.lang.Class due to security restrictions.
2026-04-29 22:30:53,205 [4958362]   WARN - org.apache.velocity.introspection - Cannot retrieve method capitalizeWithJavaBeanConvention from object of class java.lang.Class due to security restrictions.
2026-04-29 22:30:53,212 [4958369]   WARN - org.apache.velocity.introspection - Cannot retrieve method getParamName from object of class java.lang.Class due to security restrictions.
2026-04-29 22:30:53,212 [4958369]   WARN - org.apache.velocity.introspection - Cannot retrieve method getPropertyName from object of class java.lang.Class due to security restrictions.
2026-04-29 22:30:53,212 [4958369]   WARN - org.apache.velocity.introspection - Cannot retrieve method sanitizeJavaIdentifier from object of class java.lang.Class due to security restrictions.
2026-04-29 22:30:53,212 [4958369]   WARN - org.apache.velocity.introspection - Cannot retrieve method capitalizeWithJavaBeanConvention from object of class java.lang.Class due to security restrictions.
2026-04-29 22:30:53,911 [4959068]   WARN - org.apache.velocity.introspection - Cannot retrieve method getPropertyName from object of class java.lang.Class due to security restrictions.
2026-04-29 22:30:53,912 [4959069]   WARN - org.apache.velocity.introspection - Cannot retrieve method sanitizeJavaIdentifier from object of class java.lang.Class due to security restrictions.
2026-04-29 22:30:53,912 [4959069]   WARN - org.apache.velocity.introspection - Cannot retrieve method capitalizeWithJavaBeanConvention from object of class java.lang.Class due to security restrictions.
2026-04-29 22:30:53,932 [4959089]   WARN - org.apache.velocity.introspection - Cannot retrieve method getParamName from object of class java.lang.Class due to security restrictions.
2026-04-29 22:30:53,932 [4959089]   WARN - org.apache.velocity.introspection - Cannot retrieve method getPropertyName from object of class java.lang.Class due to security restrictions.
2026-04-29 22:30:53,933 [4959090]   WARN - org.apache.velocity.introspection - Cannot retrieve method sanitizeJavaIdentifier from object of class java.lang.Class due to security restrictions.
2026-04-29 22:30:53,933 [4959090]   WARN - org.apache.velocity.introspection - Cannot retrieve method capitalizeWithJavaBeanConvention from object of class java.lang.Class due to security restrictions.
2026-04-29 22:30:53,943 [4959100]   WARN - org.apache.velocity.introspection - Cannot retrieve method getPropertyName from object of class java.lang.Class due to security restrictions.
2026-04-29 22:30:53,943 [4959100]   WARN - org.apache.velocity.introspection - Cannot retrieve method sanitizeJavaIdentifier from object of class java.lang.Class due to security restrictions.
2026-04-29 22:30:53,944 [4959101]   WARN - org.apache.velocity.introspection - Cannot retrieve method capitalizeWithJavaBeanConvention from object of class java.lang.Class due to security restrictions.
2026-04-29 22:30:53,953 [4959110]   WARN - org.apache.velocity.introspection - Cannot retrieve method getParamName from object of class java.lang.Class due to security restrictions.
2026-04-29 22:30:53,953 [4959110]   WARN - org.apache.velocity.introspection - Cannot retrieve method getPropertyName from object of class java.lang.Class due to security restrictions.
2026-04-29 22:30:53,954 [4959111]   WARN - org.apache.velocity.introspection - Cannot retrieve method sanitizeJavaIdentifier from object of class java.lang.Class due to security restrictions.
2026-04-29 22:30:53,954 [4959111]   WARN - org.apache.velocity.introspection - Cannot retrieve method capitalizeWithJavaBeanConvention from object of class java.lang.Class due to security restrictions.
2026-04-29 22:30:53,961 [4959118]   WARN - org.apache.velocity.introspection - Cannot retrieve method getPropertyName from object of class java.lang.Class due to security restrictions.
2026-04-29 22:30:53,962 [4959119]   WARN - org.apache.velocity.introspection - Cannot retrieve method sanitizeJavaIdentifier from object of class java.lang.Class due to security restrictions.
2026-04-29 22:30:53,962 [4959119]   WARN - org.apache.velocity.introspection - Cannot retrieve method capitalizeWithJavaBeanConvention from object of class java.lang.Class due to security restrictions.
2026-04-29 22:30:53,969 [4959126]   WARN - org.apache.velocity.introspection - Cannot retrieve method getParamName from object of class java.lang.Class due to security restrictions.
2026-04-29 22:30:53,970 [4959127]   WARN - org.apache.velocity.introspection - Cannot retrieve method getPropertyName from object of class java.lang.Class due to security restrictions.
2026-04-29 22:30:53,970 [4959127]   WARN - org.apache.velocity.introspection - Cannot retrieve method sanitizeJavaIdentifier from object of class java.lang.Class due to security restrictions.
2026-04-29 22:30:53,970 [4959127]   WARN - org.apache.velocity.introspection - Cannot retrieve method capitalizeWithJavaBeanConvention from object of class java.lang.Class due to security restrictions.
2026-04-29 22:30:53,990 [4959147]   WARN - org.apache.velocity.introspection - Cannot retrieve method getPropertyName from object of class java.lang.Class due to security restrictions.
2026-04-29 22:30:53,991 [4959148]   WARN - org.apache.velocity.introspection - Cannot retrieve method sanitizeJavaIdentifier from object of class java.lang.Class due to security restrictions.
2026-04-29 22:30:53,991 [4959148]   WARN - org.apache.velocity.introspection - Cannot retrieve method capitalizeWithJavaBeanConvention from object of class java.lang.Class due to security restrictions.
2026-04-29 22:30:54,001 [4959158]   WARN - org.apache.velocity.introspection - Cannot retrieve method getParamName from object of class java.lang.Class due to security restrictions.
2026-04-29 22:30:54,002 [4959159]   WARN - org.apache.velocity.introspection - Cannot retrieve method getPropertyName from object of class java.lang.Class due to security restrictions.
2026-04-29 22:30:54,002 [4959159]   WARN - org.apache.velocity.introspection - Cannot retrieve method sanitizeJavaIdentifier from object of class java.lang.Class due to security restrictions.
2026-04-29 22:30:54,002 [4959159]   WARN - org.apache.velocity.introspection - Cannot retrieve method capitalizeWithJavaBeanConvention from object of class java.lang.Class due to security restrictions.
2026-04-29 22:30:54,011 [4959168]   WARN - org.apache.velocity.introspection - Cannot retrieve method getPropertyName from object of class java.lang.Class due to security restrictions.
2026-04-29 22:30:54,011 [4959168]   WARN - org.apache.velocity.introspection - Cannot retrieve method sanitizeJavaIdentifier from object of class java.lang.Class due to security restrictions.
2026-04-29 22:30:54,011 [4959168]   WARN - org.apache.velocity.introspection - Cannot retrieve method capitalizeWithJavaBeanConvention from object of class java.lang.Class due to security restrictions.
2026-04-29 22:30:54,019 [4959176]   WARN - org.apache.velocity.introspection - Cannot retrieve method getParamName from object of class java.lang.Class due to security restrictions.
2026-04-29 22:30:54,019 [4959176]   WARN - org.apache.velocity.introspection - Cannot retrieve method getPropertyName from object of class java.lang.Class due to security restrictions.
2026-04-29 22:30:54,019 [4959176]   WARN - org.apache.velocity.introspection - Cannot retrieve method sanitizeJavaIdentifier from object of class java.lang.Class due to security restrictions.
2026-04-29 22:30:54,019 [4959176]   WARN - org.apache.velocity.introspection - Cannot retrieve method capitalizeWithJavaBeanConvention from object of class java.lang.Class due to security restrictions.
2026-04-29 22:30:54,027 [4959184]   WARN - org.apache.velocity.introspection - Cannot retrieve method getPropertyName from object of class java.lang.Class due to security restrictions.
2026-04-29 22:30:54,027 [4959184]   WARN - org.apache.velocity.introspection - Cannot retrieve method sanitizeJavaIdentifier from object of class java.lang.Class due to security restrictions.
2026-04-29 22:30:54,027 [4959184]   WARN - org.apache.velocity.introspection - Cannot retrieve method capitalizeWithJavaBeanConvention from object of class java.lang.Class due to security restrictions.
2026-04-29 22:30:54,033 [4959190]   WARN - org.apache.velocity.introspection - Cannot retrieve method getParamName from object of class java.lang.Class due to security restrictions.
2026-04-29 22:30:54,033 [4959190]   WARN - org.apache.velocity.introspection - Cannot retrieve method getPropertyName from object of class java.lang.Class due to security restrictions.
2026-04-29 22:30:54,034 [4959191]   WARN - org.apache.velocity.introspection - Cannot retrieve method sanitizeJavaIdentifier from object of class java.lang.Class due to security restrictions.
2026-04-29 22:30:54,034 [4959191]   WARN - org.apache.velocity.introspection - Cannot retrieve method capitalizeWithJavaBeanConvention from object of class java.lang.Class due to security restrictions.
2026-04-29 22:30:54,041 [4959198]   WARN - org.apache.velocity.introspection - Cannot retrieve method getPropertyName from object of class java.lang.Class due to security restrictions.
2026-04-29 22:30:54,041 [4959198]   WARN - org.apache.velocity.introspection - Cannot retrieve method sanitizeJavaIdentifier from object of class java.lang.Class due to security restrictions.
2026-04-29 22:30:54,041 [4959198]   WARN - org.apache.velocity.introspection - Cannot retrieve method capitalizeWithJavaBeanConvention from object of class java.lang.Class due to security restrictions.
2026-04-29 22:30:54,047 [4959204]   WARN - org.apache.velocity.introspection - Cannot retrieve method getParamName from object of class java.lang.Class due to security restrictions.
2026-04-29 22:30:54,047 [4959204]   WARN - org.apache.velocity.introspection - Cannot retrieve method getPropertyName from object of class java.lang.Class due to security restrictions.
2026-04-29 22:30:54,047 [4959204]   WARN - org.apache.velocity.introspection - Cannot retrieve method sanitizeJavaIdentifier from object of class java.lang.Class due to security restrictions.
2026-04-29 22:30:54,047 [4959204]   WARN - org.apache.velocity.introspection - Cannot retrieve method capitalizeWithJavaBeanConvention from object of class java.lang.Class due to security restrictions.
2026-04-29 22:30:54,054 [4959211]   WARN - org.apache.velocity.introspection - Cannot retrieve method getPropertyName from object of class java.lang.Class due to security restrictions.
2026-04-29 22:30:54,054 [4959211]   WARN - org.apache.velocity.introspection - Cannot retrieve method sanitizeJavaIdentifier from object of class java.lang.Class due to security restrictions.
2026-04-29 22:30:54,054 [4959211]   WARN - org.apache.velocity.introspection - Cannot retrieve method capitalizeWithJavaBeanConvention from object of class java.lang.Class due to security restrictions.
2026-04-29 22:30:54,059 [4959216]   WARN - org.apache.velocity.introspection - Cannot retrieve method getParamName from object of class java.lang.Class due to security restrictions.
2026-04-29 22:30:54,060 [4959217]   WARN - org.apache.velocity.introspection - Cannot retrieve method getPropertyName from object of class java.lang.Class due to security restrictions.
2026-04-29 22:30:54,060 [4959217]   WARN - org.apache.velocity.introspection - Cannot retrieve method sanitizeJavaIdentifier from object of class java.lang.Class due to security restrictions.
2026-04-29 22:30:54,060 [4959217]   WARN - org.apache.velocity.introspection - Cannot retrieve method capitalizeWithJavaBeanConvention from object of class java.lang.Class due to security restrictions.
2026-04-29 22:30:54,391 [4959548]   WARN - org.apache.velocity.introspection - Cannot retrieve method getPropertyName from object of class java.lang.Class due to security restrictions.
2026-04-29 22:30:54,392 [4959549]   WARN - org.apache.velocity.introspection - Cannot retrieve method sanitizeJavaIdentifier from object of class java.lang.Class due to security restrictions.
2026-04-29 22:30:54,392 [4959549]   WARN - org.apache.velocity.introspection - Cannot retrieve method capitalizeWithJavaBeanConvention from object of class java.lang.Class due to security restrictions.
2026-04-29 22:30:54,402 [4959559]   WARN - org.apache.velocity.introspection - Cannot retrieve method getParamName from object of class java.lang.Class due to security restrictions.
2026-04-29 22:30:54,403 [4959560]   WARN - org.apache.velocity.introspection - Cannot retrieve method getPropertyName from object of class java.lang.Class due to security restrictions.
2026-04-29 22:30:54,403 [4959560]   WARN - org.apache.velocity.introspection - Cannot retrieve method sanitizeJavaIdentifier from object of class java.lang.Class due to security restrictions.
2026-04-29 22:30:54,403 [4959560]   WARN - org.apache.velocity.introspection - Cannot retrieve method capitalizeWithJavaBeanConvention from object of class java.lang.Class due to security restrictions.
2026-04-29 22:30:54,421 [4959578]   WARN - org.apache.velocity.introspection - Cannot retrieve method getPropertyName from object of class java.lang.Class due to security restrictions.
2026-04-29 22:30:54,422 [4959579]   WARN - org.apache.velocity.introspection - Cannot retrieve method sanitizeJavaIdentifier from object of class java.lang.Class due to security restrictions.
2026-04-29 22:30:54,422 [4959579]   WARN - org.apache.velocity.introspection - Cannot retrieve method capitalizeWithJavaBeanConvention from object of class java.lang.Class due to security restrictions.
2026-04-29 22:30:54,428 [4959585]   WARN - org.apache.velocity.introspection - Cannot retrieve method getParamName from object of class java.lang.Class due to security restrictions.
2026-04-29 22:30:54,429 [4959586]   WARN - org.apache.velocity.introspection - Cannot retrieve method getPropertyName from object of class java.lang.Class due to security restrictions.
2026-04-29 22:30:54,429 [4959586]   WARN - org.apache.velocity.introspection - Cannot retrieve method sanitizeJavaIdentifier from object of class java.lang.Class due to security restrictions.
2026-04-29 22:30:54,429 [4959586]   WARN - org.apache.velocity.introspection - Cannot retrieve method capitalizeWithJavaBeanConvention from object of class java.lang.Class due to security restrictions.
2026-04-29 22:30:54,439 [4959596]   WARN - org.apache.velocity.introspection - Cannot retrieve method getPropertyName from object of class java.lang.Class due to security restrictions.
2026-04-29 22:30:54,440 [4959597]   WARN - org.apache.velocity.introspection - Cannot retrieve method sanitizeJavaIdentifier from object of class java.lang.Class due to security restrictions.
2026-04-29 22:30:54,440 [4959597]   WARN - org.apache.velocity.introspection - Cannot retrieve method capitalizeWithJavaBeanConvention from object of class java.lang.Class due to security restrictions.
2026-04-29 22:30:54,445 [4959602]   WARN - org.apache.velocity.introspection - Cannot retrieve method getParamName from object of class java.lang.Class due to security restrictions.
2026-04-29 22:30:54,446 [4959603]   WARN - org.apache.velocity.introspection - Cannot retrieve method getPropertyName from object of class java.lang.Class due to security restrictions.
2026-04-29 22:30:54,446 [4959603]   WARN - org.apache.velocity.introspection - Cannot retrieve method sanitizeJavaIdentifier from object of class java.lang.Class due to security restrictions.
2026-04-29 22:30:54,446 [4959603]   WARN - org.apache.velocity.introspection - Cannot retrieve method capitalizeWithJavaBeanConvention from object of class java.lang.Class due to security restrictions.
2026-04-29 22:30:54,454 [4959611]   WARN - org.apache.velocity.introspection - Cannot retrieve method getPropertyName from object of class java.lang.Class due to security restrictions.
2026-04-29 22:30:54,454 [4959611]   WARN - org.apache.velocity.introspection - Cannot retrieve method sanitizeJavaIdentifier from object of class java.lang.Class due to security restrictions.
2026-04-29 22:30:54,455 [4959612]   WARN - org.apache.velocity.introspection - Cannot retrieve method capitalizeWithJavaBeanConvention from object of class java.lang.Class due to security restrictions.
2026-04-29 22:30:54,462 [4959619]   WARN - org.apache.velocity.introspection - Cannot retrieve method getParamName from object of class java.lang.Class due to security restrictions.
2026-04-29 22:30:54,462 [4959619]   WARN - org.apache.velocity.introspection - Cannot retrieve method getPropertyName from object of class java.lang.Class due to security restrictions.
2026-04-29 22:30:54,462 [4959619]   WARN - org.apache.velocity.introspection - Cannot retrieve method sanitizeJavaIdentifier from object of class java.lang.Class due to security restrictions.
2026-04-29 22:30:54,462 [4959619]   WARN - org.apache.velocity.introspection - Cannot retrieve method capitalizeWithJavaBeanConvention from object of class java.lang.Class due to security restrictions.
2026-04-29 22:30:54,473 [4959630]   WARN - org.apache.velocity.introspection - Cannot retrieve method getPropertyName from object of class java.lang.Class due to security restrictions.
2026-04-29 22:30:54,474 [4959631]   WARN - org.apache.velocity.introspection - Cannot retrieve method sanitizeJavaIdentifier from object of class java.lang.Class due to security restrictions.
2026-04-29 22:30:54,474 [4959631]   WARN - org.apache.velocity.introspection - Cannot retrieve method capitalizeWithJavaBeanConvention from object of class java.lang.Class due to security restrictions.
2026-04-29 22:30:54,482 [4959639]   WARN - org.apache.velocity.introspection - Cannot retrieve method getParamName from object of class java.lang.Class due to security restrictions.
2026-04-29 22:30:54,483 [4959640]   WARN - org.apache.velocity.introspection - Cannot retrieve method getPropertyName from object of class java.lang.Class due to security restrictions.
2026-04-29 22:30:54,483 [4959640]   WARN - org.apache.velocity.introspection - Cannot retrieve method sanitizeJavaIdentifier from object of class java.lang.Class due to security restrictions.
2026-04-29 22:30:54,483 [4959640]   WARN - org.apache.velocity.introspection - Cannot retrieve method capitalizeWithJavaBeanConvention from object of class java.lang.Class due to security restrictions.
2026-04-29 22:30:54,488 [4959645]   WARN - org.apache.velocity.introspection - Cannot retrieve method getPropertyName from object of class java.lang.Class due to security restrictions.
2026-04-29 22:30:54,489 [4959646]   WARN - org.apache.velocity.introspection - Cannot retrieve method sanitizeJavaIdentifier from object of class java.lang.Class due to security restrictions.
2026-04-29 22:30:54,489 [4959646]   WARN - org.apache.velocity.introspection - Cannot retrieve method capitalizeWithJavaBeanConvention from object of class java.lang.Class due to security restrictions.
2026-04-29 22:30:54,495 [4959652]   WARN - org.apache.velocity.introspection - Cannot retrieve method getParamName from object of class java.lang.Class due to security restrictions.
2026-04-29 22:30:54,495 [4959652]   WARN - org.apache.velocity.introspection - Cannot retrieve method getPropertyName from object of class java.lang.Class due to security restrictions.
2026-04-29 22:30:54,495 [4959652]   WARN - org.apache.velocity.introspection - Cannot retrieve method sanitizeJavaIdentifier from object of class java.lang.Class due to security restrictions.
2026-04-29 22:30:54,496 [4959653]   WARN - org.apache.velocity.introspection - Cannot retrieve method capitalizeWithJavaBeanConvention from object of class java.lang.Class due to security restrictions.
2026-04-29 22:30:54,501 [4959658]   WARN - org.apache.velocity.introspection - Cannot retrieve method getPropertyName from object of class java.lang.Class due to security restrictions.
2026-04-29 22:30:54,501 [4959658]   WARN - org.apache.velocity.introspection - Cannot retrieve method sanitizeJavaIdentifier from object of class java.lang.Class due to security restrictions.
2026-04-29 22:30:54,501 [4959658]   WARN - org.apache.velocity.introspection - Cannot retrieve method capitalizeWithJavaBeanConvention from object of class java.lang.Class due to security restrictions.
2026-04-29 22:30:54,506 [4959663]   WARN - org.apache.velocity.introspection - Cannot retrieve method getParamName from object of class java.lang.Class due to security restrictions.
2026-04-29 22:30:54,506 [4959663]   WARN - org.apache.velocity.introspection - Cannot retrieve method getPropertyName from object of class java.lang.Class due to security restrictions.
2026-04-29 22:30:54,506 [4959663]   WARN - org.apache.velocity.introspection - Cannot retrieve method sanitizeJavaIdentifier from object of class java.lang.Class due to security restrictions.
2026-04-29 22:30:54,506 [4959663]   WARN - org.apache.velocity.introspection - Cannot retrieve method capitalizeWithJavaBeanConvention from object of class java.lang.Class due to security restrictions.
2026-04-29 22:30:54,512 [4959669]   WARN - org.apache.velocity.introspection - Cannot retrieve method getPropertyName from object of class java.lang.Class due to security restrictions.
2026-04-29 22:30:54,512 [4959669]   WARN - org.apache.velocity.introspection - Cannot retrieve method sanitizeJavaIdentifier from object of class java.lang.Class due to security restrictions.
2026-04-29 22:30:54,512 [4959669]   WARN - org.apache.velocity.introspection - Cannot retrieve method capitalizeWithJavaBeanConvention from object of class java.lang.Class due to security restrictions.
2026-04-29 22:30:54,516 [4959673]   WARN - org.apache.velocity.introspection - Cannot retrieve method getParamName from object of class java.lang.Class due to security restrictions.
2026-04-29 22:30:54,516 [4959673]   WARN - org.apache.velocity.introspection - Cannot retrieve method getPropertyName from object of class java.lang.Class due to security restrictions.
2026-04-29 22:30:54,516 [4959673]   WARN - org.apache.velocity.introspection - Cannot retrieve method sanitizeJavaIdentifier from object of class java.lang.Class due to security restrictions.
2026-04-29 22:30:54,516 [4959673]   WARN - org.apache.velocity.introspection - Cannot retrieve method capitalizeWithJavaBeanConvention from object of class java.lang.Class due to security restrictions.
2026-04-29 22:30:54,636 [4959793]   WARN - org.apache.velocity.introspection - Cannot retrieve method getPropertyName from object of class java.lang.Class due to security restrictions.
2026-04-29 22:30:54,636 [4959793]   WARN - org.apache.velocity.introspection - Cannot retrieve method sanitizeJavaIdentifier from object of class java.lang.Class due to security restrictions.
2026-04-29 22:30:54,636 [4959793]   WARN - org.apache.velocity.introspection - Cannot retrieve method capitalizeWithJavaBeanConvention from object of class java.lang.Class due to security restrictions.
2026-04-29 22:30:54,644 [4959801]   WARN - org.apache.velocity.introspection - Cannot retrieve method getParamName from object of class java.lang.Class due to security restrictions.
2026-04-29 22:30:54,644 [4959801]   WARN - org.apache.velocity.introspection - Cannot retrieve method getPropertyName from object of class java.lang.Class due to security restrictions.
2026-04-29 22:30:54,644 [4959801]   WARN - org.apache.velocity.introspection - Cannot retrieve method sanitizeJavaIdentifier from object of class java.lang.Class due to security restrictions.
2026-04-29 22:30:54,644 [4959801]   WARN - org.apache.velocity.introspection - Cannot retrieve method capitalizeWithJavaBeanConvention from object of class java.lang.Class due to security restrictions.
2026-04-29 22:30:54,648 [4959805]   WARN - org.apache.velocity.introspection - Cannot retrieve method getPropertyName from object of class java.lang.Class due to security restrictions.
2026-04-29 22:30:54,649 [4959806]   WARN - org.apache.velocity.introspection - Cannot retrieve method sanitizeJavaIdentifier from object of class java.lang.Class due to security restrictions.
2026-04-29 22:30:54,649 [4959806]   WARN - org.apache.velocity.introspection - Cannot retrieve method capitalizeWithJavaBeanConvention from object of class java.lang.Class due to security restrictions.
2026-04-29 22:30:54,651 [4959808]   WARN - org.apache.velocity.introspection - Cannot retrieve method getParamName from object of class java.lang.Class due to security restrictions.
2026-04-29 22:30:54,652 [4959809]   WARN - org.apache.velocity.introspection - Cannot retrieve method getPropertyName from object of class java.lang.Class due to security restrictions.
2026-04-29 22:30:54,652 [4959809]   WARN - org.apache.velocity.introspection - Cannot retrieve method sanitizeJavaIdentifier from object of class java.lang.Class due to security restrictions.
2026-04-29 22:30:54,652 [4959809]   WARN - org.apache.velocity.introspection - Cannot retrieve method capitalizeWithJavaBeanConvention from object of class java.lang.Class due to security restrictions.
2026-04-29 22:30:54,655 [4959812]   WARN - org.apache.velocity.introspection - Cannot retrieve method getPropertyName from object of class java.lang.Class due to security restrictions.
2026-04-29 22:30:54,655 [4959812]   WARN - org.apache.velocity.introspection - Cannot retrieve method sanitizeJavaIdentifier from object of class java.lang.Class due to security restrictions.
2026-04-29 22:30:54,655 [4959812]   WARN - org.apache.velocity.introspection - Cannot retrieve method capitalizeWithJavaBeanConvention from object of class java.lang.Class due to security restrictions.
2026-04-29 22:30:54,658 [4959815]   WARN - org.apache.velocity.introspection - Cannot retrieve method getParamName from object of class java.lang.Class due to security restrictions.
2026-04-29 22:30:54,659 [4959816]   WARN - org.apache.velocity.introspection - Cannot retrieve method getPropertyName from object of class java.lang.Class due to security restrictions.
2026-04-29 22:30:54,659 [4959816]   WARN - org.apache.velocity.introspection - Cannot retrieve method sanitizeJavaIdentifier from object of class java.lang.Class due to security restrictions.
2026-04-29 22:30:54,659 [4959816]   WARN - org.apache.velocity.introspection - Cannot retrieve method capitalizeWithJavaBeanConvention from object of class java.lang.Class due to security restrictions.
2026-04-29 22:30:54,664 [4959821]   WARN - org.apache.velocity.introspection - Cannot retrieve method getPropertyName from object of class java.lang.Class due to security restrictions.
2026-04-29 22:30:54,664 [4959821]   WARN - org.apache.velocity.introspection - Cannot retrieve method sanitizeJavaIdentifier from object of class java.lang.Class due to security restrictions.
2026-04-29 22:30:54,665 [4959822]   WARN - org.apache.velocity.introspection - Cannot retrieve method capitalizeWithJavaBeanConvention from object of class java.lang.Class due to security restrictions.
2026-04-29 22:30:54,670 [4959827]   WARN - org.apache.velocity.introspection - Cannot retrieve method getParamName from object of class java.lang.Class due to security restrictions.
2026-04-29 22:30:54,670 [4959827]   WARN - org.apache.velocity.introspection - Cannot retrieve method getPropertyName from object of class java.lang.Class due to security restrictions.
2026-04-29 22:30:54,670 [4959827]   WARN - org.apache.velocity.introspection - Cannot retrieve method sanitizeJavaIdentifier from object of class java.lang.Class due to security restrictions.
2026-04-29 22:30:54,670 [4959827]   WARN - org.apache.velocity.introspection - Cannot retrieve method capitalizeWithJavaBeanConvention from object of class java.lang.Class due to security restrictions.
2026-04-29 22:30:54,674 [4959831]   WARN - org.apache.velocity.introspection - Cannot retrieve method getPropertyName from object of class java.lang.Class due to security restrictions.
2026-04-29 22:30:54,675 [4959832]   WARN - org.apache.velocity.introspection - Cannot retrieve method sanitizeJavaIdentifier from object of class java.lang.Class due to security restrictions.
2026-04-29 22:30:54,675 [4959832]   WARN - org.apache.velocity.introspection - Cannot retrieve method capitalizeWithJavaBeanConvention from object of class java.lang.Class due to security restrictions.
2026-04-29 22:30:54,679 [4959836]   WARN - org.apache.velocity.introspection - Cannot retrieve method getParamName from object of class java.lang.Class due to security restrictions.
2026-04-29 22:30:54,679 [4959836]   WARN - org.apache.velocity.introspection - Cannot retrieve method getPropertyName from object of class java.lang.Class due to security restrictions.
2026-04-29 22:30:54,679 [4959836]   WARN - org.apache.velocity.introspection - Cannot retrieve method sanitizeJavaIdentifier from object of class java.lang.Class due to security restrictions.
2026-04-29 22:30:54,680 [4959837]   WARN - org.apache.velocity.introspection - Cannot retrieve method capitalizeWithJavaBeanConvention from object of class java.lang.Class due to security restrictions.
2026-04-29 22:30:54,683 [4959840]   WARN - org.apache.velocity.introspection - Cannot retrieve method getPropertyName from object of class java.lang.Class due to security restrictions.
2026-04-29 22:30:54,683 [4959840]   WARN - org.apache.velocity.introspection - Cannot retrieve method sanitizeJavaIdentifier from object of class java.lang.Class due to security restrictions.
2026-04-29 22:30:54,683 [4959840]   WARN - org.apache.velocity.introspection - Cannot retrieve method capitalizeWithJavaBeanConvention from object of class java.lang.Class due to security restrictions.
2026-04-29 22:30:54,686 [4959843]   WARN - org.apache.velocity.introspection - Cannot retrieve method getParamName from object of class java.lang.Class due to security restrictions.
2026-04-29 22:30:54,687 [4959844]   WARN - org.apache.velocity.introspection - Cannot retrieve method getPropertyName from object of class java.lang.Class due to security restrictions.
2026-04-29 22:30:54,687 [4959844]   WARN - org.apache.velocity.introspection - Cannot retrieve method sanitizeJavaIdentifier from object of class java.lang.Class due to security restrictions.
2026-04-29 22:30:54,687 [4959844]   WARN - org.apache.velocity.introspection - Cannot retrieve method capitalizeWithJavaBeanConvention from object of class java.lang.Class due to security restrictions.
2026-04-29 22:30:54,690 [4959847]   WARN - org.apache.velocity.introspection - Cannot retrieve method getPropertyName from object of class java.lang.Class due to security restrictions.
2026-04-29 22:30:54,691 [4959848]   WARN - org.apache.velocity.introspection - Cannot retrieve method sanitizeJavaIdentifier from object of class java.lang.Class due to security restrictions.
2026-04-29 22:30:54,691 [4959848]   WARN - org.apache.velocity.introspection - Cannot retrieve method capitalizeWithJavaBeanConvention from object of class java.lang.Class due to security restrictions.
2026-04-29 22:30:54,694 [4959851]   WARN - org.apache.velocity.introspection - Cannot retrieve method getParamName from object of class java.lang.Class due to security restrictions.
2026-04-29 22:30:54,695 [4959852]   WARN - org.apache.velocity.introspection - Cannot retrieve method getPropertyName from object of class java.lang.Class due to security restrictions.
2026-04-29 22:30:54,695 [4959852]   WARN - org.apache.velocity.introspection - Cannot retrieve method sanitizeJavaIdentifier from object of class java.lang.Class due to security restrictions.
2026-04-29 22:30:54,695 [4959852]   WARN - org.apache.velocity.introspection - Cannot retrieve method capitalizeWithJavaBeanConvention from object of class java.lang.Class due to security restrictions.
2026-04-29 22:30:54,698 [4959855]   WARN - org.apache.velocity.introspection - Cannot retrieve method getPropertyName from object of class java.lang.Class due to security restrictions.
2026-04-29 22:30:54,698 [4959855]   WARN - org.apache.velocity.introspection - Cannot retrieve method sanitizeJavaIdentifier from object of class java.lang.Class due to security restrictions.
2026-04-29 22:30:54,698 [4959855]   WARN - org.apache.velocity.introspection - Cannot retrieve method capitalizeWithJavaBeanConvention from object of class java.lang.Class due to security restrictions.
2026-04-29 22:30:54,701 [4959858]   WARN - org.apache.velocity.introspection - Cannot retrieve method getParamName from object of class java.lang.Class due to security restrictions.
2026-04-29 22:30:54,701 [4959858]   WARN - org.apache.velocity.introspection - Cannot retrieve method getPropertyName from object of class java.lang.Class due to security restrictions.
2026-04-29 22:30:54,702 [4959859]   WARN - org.apache.velocity.introspection - Cannot retrieve method sanitizeJavaIdentifier from object of class java.lang.Class due to security restrictions.
2026-04-29 22:30:54,702 [4959859]   WARN - org.apache.velocity.introspection - Cannot retrieve method capitalizeWithJavaBeanConvention from object of class java.lang.Class due to security restrictions.
2026-04-29 22:31:17.511 [DBG] [oshi.util.FileUtil] Reading file {}:[Ljava.lang.Object;@6521a7dd
2026-04-29 22:31:17.511 [DBG] [oshi.util.FileUtil] Reading file {}:[Ljava.lang.Object;@1c67fc18
2026-04-29 22:31:17.511 [DBG] [oshi.util.FileUtil] Reading file {}:[Ljava.lang.Object;@1ab0e376
2026-04-29 22:31:17.511 [DBG] [oshi.util.FileUtil] Reading file {}:[Ljava.lang.Object;@568eabba
2026-04-29 22:31:17.511 [DBG] [oshi.util.FileUtil] Reading file {}:[Ljava.lang.Object;@3e79f1f9
2026-04-29 22:31:17.511 [DBG] [oshi.util.FileUtil] Reading file {}:[Ljava.lang.Object;@1ddd5d12
2026-04-29 22:32:17.515 [DBG] [oshi.util.FileUtil] Reading file {}:[Ljava.lang.Object;@567f2bcf
2026-04-29 22:32:17.515 [DBG] [oshi.util.FileUtil] Reading file {}:[Ljava.lang.Object;@64e1f133
2026-04-29 22:32:17.515 [DBG] [oshi.util.FileUtil] Reading file {}:[Ljava.lang.Object;@140cdfcc
2026-04-29 22:32:17.516 [DBG] [oshi.util.FileUtil] Reading file {}:[Ljava.lang.Object;@3ed7e4c8
2026-04-29 22:32:17.516 [DBG] [oshi.util.FileUtil] Reading file {}:[Ljava.lang.Object;@1159918e
2026-04-29 22:32:17.516 [DBG] [oshi.util.FileUtil] Reading file {}:[Ljava.lang.Object;@7ada82ff
2026-04-29 22:33:17.520 [DBG] [oshi.util.FileUtil] Reading file {}:[Ljava.lang.Object;@35d002d2
2026-04-29 22:33:17.520 [DBG] [oshi.util.FileUtil] Reading file {}:[Ljava.lang.Object;@2727e38c
2026-04-29 22:33:17.521 [DBG] [oshi.util.FileUtil] Reading file {}:[Ljava.lang.Object;@65965031
2026-04-29 22:33:17.521 [DBG] [oshi.util.FileUtil] Reading file {}:[Ljava.lang.Object;@20efece
2026-04-29 22:33:17.521 [DBG] [oshi.util.FileUtil] Reading file {}:[Ljava.lang.Object;@377dbacf
2026-04-29 22:33:17.521 [DBG] [oshi.util.FileUtil] Reading file {}:[Ljava.lang.Object;@2fde042f
2026-04-29 22:34:17.525 [DBG] [oshi.util.FileUtil] Reading file {}:[Ljava.lang.Object;@62204f27
2026-04-29 22:34:17.525 [DBG] [oshi.util.FileUtil] Reading file {}:[Ljava.lang.Object;@6b60161b
2026-04-29 22:34:17.525 [DBG] [oshi.util.FileUtil] Reading file {}:[Ljava.lang.Object;@27f51a71
2026-04-29 22:34:17.525 [DBG] [oshi.util.FileUtil] Reading file {}:[Ljava.lang.Object;@6b50176f
2026-04-29 22:34:17.525 [DBG] [oshi.util.FileUtil] Reading file {}:[Ljava.lang.Object;@b692455
2026-04-29 22:34:17.525 [DBG] [oshi.util.FileUtil] Reading file {}:[Ljava.lang.Object;@60d22bed
2026-04-29 22:35:17.530 [DBG] [oshi.util.FileUtil] Reading file {}:[Ljava.lang.Object;@7a16215f
2026-04-29 22:35:17.530 [DBG] [oshi.util.FileUtil] Reading file {}:[Ljava.lang.Object;@e5d38ca
2026-04-29 22:35:17.530 [DBG] [oshi.util.FileUtil] Reading file {}:[Ljava.lang.Object;@192e719f
2026-04-29 22:35:17.530 [DBG] [oshi.util.FileUtil] Reading file {}:[Ljava.lang.Object;@7954e283
2026-04-29 22:35:17.530 [DBG] [oshi.util.FileUtil] Reading file {}:[Ljava.lang.Object;@3203282f
2026-04-29 22:35:17.530 [DBG] [oshi.util.FileUtil] Reading file {}:[Ljava.lang.Object;@557fddcd
2026-04-29 22:36:17.534 [DBG] [oshi.util.FileUtil] Reading file {}:[Ljava.lang.Object;@43ad5ed1
2026-04-29 22:36:17.534 [DBG] [oshi.util.FileUtil] Reading file {}:[Ljava.lang.Object;@7c3632fb
2026-04-29 22:36:17.535 [DBG] [oshi.util.FileUtil] Reading file {}:[Ljava.lang.Object;@7470f8ea
2026-04-29 22:36:17.535 [DBG] [oshi.util.FileUtil] Reading file {}:[Ljava.lang.Object;@2756f6d4
2026-04-29 22:36:17.535 [DBG] [oshi.util.FileUtil] Reading file {}:[Ljava.lang.Object;@e246f39
2026-04-29 22:36:17.535 [DBG] [oshi.util.FileUtil] Reading file {}:[Ljava.lang.Object;@434835ec
2026-04-29 22:36:45,464 [5310621]   WARN - org.apache.velocity.introspection - Cannot retrieve method getPropertyName from object of class java.lang.Class due to security restrictions.
2026-04-29 22:36:45,464 [5310621]   WARN - org.apache.velocity.introspection - Cannot retrieve method sanitizeJavaIdentifier from object of class java.lang.Class due to security restrictions.
2026-04-29 22:36:45,464 [5310621]   WARN - org.apache.velocity.introspection - Cannot retrieve method capitalizeWithJavaBeanConvention from object of class java.lang.Class due to security restrictions.
2026-04-29 22:36:45,515 [5310672]   WARN - org.apache.velocity.introspection - Cannot retrieve method getPropertyName from object of class java.lang.Class due to security restrictions.
2026-04-29 22:36:45,515 [5310672]   WARN - org.apache.velocity.introspection - Cannot retrieve method sanitizeJavaIdentifier from object of class java.lang.Class due to security restrictions.
2026-04-29 22:36:45,515 [5310672]   WARN - org.apache.velocity.introspection - Cannot retrieve method capitalizeWithJavaBeanConvention from object of class java.lang.Class due to security restrictions.
2026-04-29 22:36:45,528 [5310685]   WARN - org.apache.velocity.introspection - Cannot retrieve method getPropertyName from object of class java.lang.Class due to security restrictions.
2026-04-29 22:36:45,529 [5310686]   WARN - org.apache.velocity.introspection - Cannot retrieve method sanitizeJavaIdentifier from object of class java.lang.Class due to security restrictions.
2026-04-29 22:36:45,529 [5310686]   WARN - org.apache.velocity.introspection - Cannot retrieve method capitalizeWithJavaBeanConvention from object of class java.lang.Class due to security restrictions.
2026-04-29 22:36:46,726 [5311883]   WARN - org.apache.velocity.introspection - Cannot retrieve method getPropertyName from object of class java.lang.Class due to security restrictions.
2026-04-29 22:36:46,726 [5311883]   WARN - org.apache.velocity.introspection - Cannot retrieve method sanitizeJavaIdentifier from object of class java.lang.Class due to security restrictions.
2026-04-29 22:36:46,726 [5311883]   WARN - org.apache.velocity.introspection - Cannot retrieve method capitalizeWithJavaBeanConvention from object of class java.lang.Class due to security restrictions.
2026-04-29 22:36:46,733 [5311890]   WARN - org.apache.velocity.introspection - Cannot retrieve method getPropertyName from object of class java.lang.Class due to security restrictions.
2026-04-29 22:36:46,733 [5311890]   WARN - org.apache.velocity.introspection - Cannot retrieve method sanitizeJavaIdentifier from object of class java.lang.Class due to security restrictions.
2026-04-29 22:36:46,733 [5311890]   WARN - org.apache.velocity.introspection - Cannot retrieve method capitalizeWithJavaBeanConvention from object of class java.lang.Class due to security restrictions.
2026-04-29 22:36:46,839 [5311996]   WARN - org.apache.velocity.introspection - Cannot retrieve method getPropertyName from object of class java.lang.Class due to security restrictions.
2026-04-29 22:36:46,840 [5311997]   WARN - org.apache.velocity.introspection - Cannot retrieve method sanitizeJavaIdentifier from object of class java.lang.Class due to security restrictions.
2026-04-29 22:36:46,840 [5311997]   WARN - org.apache.velocity.introspection - Cannot retrieve method capitalizeWithJavaBeanConvention from object of class java.lang.Class due to security restrictions.
2026-04-29 22:36:46,846 [5312003]   WARN - org.apache.velocity.introspection - Cannot retrieve method getPropertyName from object of class java.lang.Class due to security restrictions.
2026-04-29 22:36:46,846 [5312003]   WARN - org.apache.velocity.introspection - Cannot retrieve method sanitizeJavaIdentifier from object of class java.lang.Class due to security restrictions.
2026-04-29 22:36:46,846 [5312003]   WARN - org.apache.velocity.introspection - Cannot retrieve method capitalizeWithJavaBeanConvention from object of class java.lang.Class due to security restrictions.
2026-04-29 22:36:46,904 [5312061]   WARN - org.apache.velocity.introspection - Cannot retrieve method getPropertyName from object of class java.lang.Class due to security restrictions.
2026-04-29 22:36:46,904 [5312061]   WARN - org.apache.velocity.introspection - Cannot retrieve method sanitizeJavaIdentifier from object of class java.lang.Class due to security restrictions.
2026-04-29 22:36:46,904 [5312061]   WARN - org.apache.velocity.introspection - Cannot retrieve method capitalizeWithJavaBeanConvention from object of class java.lang.Class due to security restrictions.
2026-04-29 22:36:46,910 [5312067]   WARN - org.apache.velocity.introspection - Cannot retrieve method getPropertyName from object of class java.lang.Class due to security restrictions.
2026-04-29 22:36:46,911 [5312068]   WARN - org.apache.velocity.introspection - Cannot retrieve method sanitizeJavaIdentifier from object of class java.lang.Class due to security restrictions.
2026-04-29 22:36:46,911 [5312068]   WARN - org.apache.velocity.introspection - Cannot retrieve method capitalizeWithJavaBeanConvention from object of class java.lang.Class due to security restrictions.
2026-04-29 22:36:48,177 [5313334]   WARN - org.apache.velocity.introspection - Cannot retrieve method getPropertyName from object of class java.lang.Class due to security restrictions.
2026-04-29 22:36:48,178 [5313335]   WARN - org.apache.velocity.introspection - Cannot retrieve method sanitizeJavaIdentifier from object of class java.lang.Class due to security restrictions.
2026-04-29 22:36:48,178 [5313335]   WARN - org.apache.velocity.introspection - Cannot retrieve method capitalizeWithJavaBeanConvention from object of class java.lang.Class due to security restrictions.
2026-04-29 22:36:48,190 [5313347]   WARN - org.apache.velocity.introspection - Cannot retrieve method getPropertyName from object of class java.lang.Class due to security restrictions.
2026-04-29 22:36:48,191 [5313348]   WARN - org.apache.velocity.introspection - Cannot retrieve method sanitizeJavaIdentifier from object of class java.lang.Class due to security restrictions.
2026-04-29 22:36:48,191 [5313348]   WARN - org.apache.velocity.introspection - Cannot retrieve method capitalizeWithJavaBeanConvention from object of class java.lang.Class due to security restrictions.
2026-04-29 22:36:48,572 [5313729]   WARN - org.apache.velocity.introspection - Cannot retrieve method getPropertyName from object of class java.lang.Class due to security restrictions.
2026-04-29 22:36:48,572 [5313729]   WARN - org.apache.velocity.introspection - Cannot retrieve method sanitizeJavaIdentifier from object of class java.lang.Class due to security restrictions.
2026-04-29 22:36:48,572 [5313729]   WARN - org.apache.velocity.introspection - Cannot retrieve method capitalizeWithJavaBeanConvention from object of class java.lang.Class due to security restrictions.
2026-04-29 22:36:48,582 [5313739]   WARN - org.apache.velocity.introspection - Cannot retrieve method getPropertyName from object of class java.lang.Class due to security restrictions.
2026-04-29 22:36:48,583 [5313740]   WARN - org.apache.velocity.introspection - Cannot retrieve method sanitizeJavaIdentifier from object of class java.lang.Class due to security restrictions.
2026-04-29 22:36:48,583 [5313740]   WARN - org.apache.velocity.introspection - Cannot retrieve method capitalizeWithJavaBeanConvention from object of class java.lang.Class due to security restrictions.
2026-04-29 22:37:17.539 [DBG] [oshi.util.FileUtil] Reading file {}:[Ljava.lang.Object;@401c3460
2026-04-29 22:37:17.540 [DBG] [oshi.util.FileUtil] Reading file {}:[Ljava.lang.Object;@1ddb8434
2026-04-29 22:37:17.540 [DBG] [oshi.util.FileUtil] Reading file {}:[Ljava.lang.Object;@7fbf6c56
2026-04-29 22:37:17.540 [DBG] [oshi.util.FileUtil] Reading file {}:[Ljava.lang.Object;@decb41a
2026-04-29 22:37:17.540 [DBG] [oshi.util.FileUtil] Reading file {}:[Ljava.lang.Object;@2c722ef3
2026-04-29 22:37:17.540 [DBG] [oshi.util.FileUtil] Reading file {}:[Ljava.lang.Object;@6dc9e56d
2026-04-29 22:37:38,659 [5363816]   WARN - org.apache.velocity.introspection - Cannot retrieve method getPropertyName from object of class java.lang.Class due to security restrictions.
2026-04-29 22:37:38,660 [5363817]   WARN - org.apache.velocity.introspection - Cannot retrieve method sanitizeJavaIdentifier from object of class java.lang.Class due to security restrictions.
2026-04-29 22:37:38,660 [5363817]   WARN - org.apache.velocity.introspection - Cannot retrieve method capitalizeWithJavaBeanConvention from object of class java.lang.Class due to security restrictions.
2026-04-29 22:37:38,672 [5363829]   WARN - org.apache.velocity.introspection - Cannot retrieve method getPropertyName from object of class java.lang.Class due to security restrictions.
2026-04-29 22:37:38,672 [5363829]   WARN - org.apache.velocity.introspection - Cannot retrieve method sanitizeJavaIdentifier from object of class java.lang.Class due to security restrictions.
2026-04-29 22:37:38,672 [5363829]   WARN - org.apache.velocity.introspection - Cannot retrieve method capitalizeWithJavaBeanConvention from object of class java.lang.Class due to security restrictions.
2026-04-29 22:37:38,679 [5363836]   WARN - org.apache.velocity.introspection - Cannot retrieve method getPropertyName from object of class java.lang.Class due to security restrictions.
2026-04-29 22:37:38,679 [5363836]   WARN - org.apache.velocity.introspection - Cannot retrieve method sanitizeJavaIdentifier from object of class java.lang.Class due to security restrictions.
2026-04-29 22:37:38,679 [5363836]   WARN - org.apache.velocity.introspection - Cannot retrieve method capitalizeWithJavaBeanConvention from object of class java.lang.Class due to security restrictions.
2026-04-29 22:37:38,782 [5363939]   WARN - org.apache.velocity.introspection - Cannot retrieve method getPropertyName from object of class java.lang.Class due to security restrictions.
2026-04-29 22:37:38,783 [5363940]   WARN - org.apache.velocity.introspection - Cannot retrieve method sanitizeJavaIdentifier from object of class java.lang.Class due to security restrictions.
2026-04-29 22:37:38,783 [5363940]   WARN - org.apache.velocity.introspection - Cannot retrieve method capitalizeWithJavaBeanConvention from object of class java.lang.Class due to security restrictions.
2026-04-29 22:37:38,800 [5363957]   WARN - org.apache.velocity.introspection - Cannot retrieve method getPropertyName from object of class java.lang.Class due to security restrictions.
2026-04-29 22:37:38,800 [5363957]   WARN - org.apache.velocity.introspection - Cannot retrieve method sanitizeJavaIdentifier from object of class java.lang.Class due to security restrictions.
2026-04-29 22:37:38,800 [5363957]   WARN - org.apache.velocity.introspection - Cannot retrieve method capitalizeWithJavaBeanConvention from object of class java.lang.Class due to security restrictions.
2026-04-29 22:37:38,808 [5363965]   WARN - org.apache.velocity.introspection - Cannot retrieve method getPropertyName from object of class java.lang.Class due to security restrictions.
2026-04-29 22:37:38,809 [5363966]   WARN - org.apache.velocity.introspection - Cannot retrieve method sanitizeJavaIdentifier from object of class java.lang.Class due to security restrictions.
2026-04-29 22:37:38,809 [5363966]   WARN - org.apache.velocity.introspection - Cannot retrieve method capitalizeWithJavaBeanConvention from object of class java.lang.Class due to security restrictions.
2026-04-29 22:37:38,929 [5364086]   WARN - org.apache.velocity.introspection - Cannot retrieve method getPropertyName from object of class java.lang.Class due to security restrictions.
2026-04-29 22:37:38,929 [5364086]   WARN - org.apache.velocity.introspection - Cannot retrieve method sanitizeJavaIdentifier from object of class java.lang.Class due to security restrictions.
2026-04-29 22:37:38,929 [5364086]   WARN - org.apache.velocity.introspection - Cannot retrieve method capitalizeWithJavaBeanConvention from object of class java.lang.Class due to security restrictions.
2026-04-29 22:37:38,941 [5364098]   WARN - org.apache.velocity.introspection - Cannot retrieve method getPropertyName from object of class java.lang.Class due to security restrictions.
2026-04-29 22:37:38,941 [5364098]   WARN - org.apache.velocity.introspection - Cannot retrieve method sanitizeJavaIdentifier from object of class java.lang.Class due to security restrictions.
2026-04-29 22:37:38,942 [5364099]   WARN - org.apache.velocity.introspection - Cannot retrieve method capitalizeWithJavaBeanConvention from object of class java.lang.Class due to security restrictions.
2026-04-29 22:37:38,950 [5364107]   WARN - org.apache.velocity.introspection - Cannot retrieve method getPropertyName from object of class java.lang.Class due to security restrictions.
2026-04-29 22:37:38,950 [5364107]   WARN - org.apache.velocity.introspection - Cannot retrieve method sanitizeJavaIdentifier from object of class java.lang.Class due to security restrictions.
2026-04-29 22:37:38,951 [5364108]   WARN - org.apache.velocity.introspection - Cannot retrieve method capitalizeWithJavaBeanConvention from object of class java.lang.Class due to security restrictions.
2026-04-29 22:37:39,622 [5364779]   WARN - org.apache.velocity.introspection - Cannot retrieve method getPropertyName from object of class java.lang.Class due to security restrictions.
2026-04-29 22:37:39,622 [5364779]   WARN - org.apache.velocity.introspection - Cannot retrieve method sanitizeJavaIdentifier from object of class java.lang.Class due to security restrictions.
2026-04-29 22:37:39,623 [5364780]   WARN - org.apache.velocity.introspection - Cannot retrieve method capitalizeWithJavaBeanConvention from object of class java.lang.Class due to security restrictions.
2026-04-29 22:37:39,631 [5364788]   WARN - org.apache.velocity.introspection - Cannot retrieve method getPropertyName from object of class java.lang.Class due to security restrictions.
2026-04-29 22:37:39,631 [5364788]   WARN - org.apache.velocity.introspection - Cannot retrieve method sanitizeJavaIdentifier from object of class java.lang.Class due to security restrictions.
2026-04-29 22:37:39,632 [5364789]   WARN - org.apache.velocity.introspection - Cannot retrieve method capitalizeWithJavaBeanConvention from object of class java.lang.Class due to security restrictions.
2026-04-29 22:37:39,636 [5364793]   WARN - org.apache.velocity.introspection - Cannot retrieve method getPropertyName from object of class java.lang.Class due to security restrictions.
2026-04-29 22:37:39,637 [5364794]   WARN - org.apache.velocity.introspection - Cannot retrieve method sanitizeJavaIdentifier from object of class java.lang.Class due to security restrictions.
2026-04-29 22:37:39,637 [5364794]   WARN - org.apache.velocity.introspection - Cannot retrieve method capitalizeWithJavaBeanConvention from object of class java.lang.Class due to security restrictions.
2026-04-29 22:37:39,744 [5364901]   WARN - org.apache.velocity.introspection - Cannot retrieve method getPropertyName from object of class java.lang.Class due to security restrictions.
2026-04-29 22:37:39,744 [5364901]   WARN - org.apache.velocity.introspection - Cannot retrieve method sanitizeJavaIdentifier from object of class java.lang.Class due to security restrictions.
2026-04-29 22:37:39,744 [5364901]   WARN - org.apache.velocity.introspection - Cannot retrieve method capitalizeWithJavaBeanConvention from object of class java.lang.Class due to security restrictions.
2026-04-29 22:37:39,751 [5364908]   WARN - org.apache.velocity.introspection - Cannot retrieve method getPropertyName from object of class java.lang.Class due to security restrictions.
2026-04-29 22:37:39,752 [5364909]   WARN - org.apache.velocity.introspection - Cannot retrieve method sanitizeJavaIdentifier from object of class java.lang.Class due to security restrictions.
2026-04-29 22:37:39,752 [5364909]   WARN - org.apache.velocity.introspection - Cannot retrieve method capitalizeWithJavaBeanConvention from object of class java.lang.Class due to security restrictions.
2026-04-29 22:37:39,757 [5364914]   WARN - org.apache.velocity.introspection - Cannot retrieve method getPropertyName from object of class java.lang.Class due to security restrictions.
2026-04-29 22:37:39,757 [5364914]   WARN - org.apache.velocity.introspection - Cannot retrieve method sanitizeJavaIdentifier from object of class java.lang.Class due to security restrictions.
2026-04-29 22:37:39,757 [5364914]   WARN - org.apache.velocity.introspection - Cannot retrieve method capitalizeWithJavaBeanConvention from object of class java.lang.Class due to security restrictions.
2026-04-29 22:37:40,023 [5365180]   WARN - org.apache.velocity.introspection - Cannot retrieve method getPropertyName from object of class java.lang.Class due to security restrictions.
2026-04-29 22:37:40,023 [5365180]   WARN - org.apache.velocity.introspection - Cannot retrieve method sanitizeJavaIdentifier from object of class java.lang.Class due to security restrictions.
2026-04-29 22:37:40,023 [5365180]   WARN - org.apache.velocity.introspection - Cannot retrieve method capitalizeWithJavaBeanConvention from object of class java.lang.Class due to security restrictions.
2026-04-29 22:37:40,031 [5365188]   WARN - org.apache.velocity.introspection - Cannot retrieve method getPropertyName from object of class java.lang.Class due to security restrictions.
2026-04-29 22:37:40,031 [5365188]   WARN - org.apache.velocity.introspection - Cannot retrieve method sanitizeJavaIdentifier from object of class java.lang.Class due to security restrictions.
2026-04-29 22:37:40,031 [5365188]   WARN - org.apache.velocity.introspection - Cannot retrieve method capitalizeWithJavaBeanConvention from object of class java.lang.Class due to security restrictions.
2026-04-29 22:37:40,036 [5365193]   WARN - org.apache.velocity.introspection - Cannot retrieve method getPropertyName from object of class java.lang.Class due to security restrictions.
2026-04-29 22:37:40,036 [5365193]   WARN - org.apache.velocity.introspection - Cannot retrieve method sanitizeJavaIdentifier from object of class java.lang.Class due to security restrictions.
2026-04-29 22:37:40,037 [5365194]   WARN - org.apache.velocity.introspection - Cannot retrieve method capitalizeWithJavaBeanConvention from object of class java.lang.Class due to security restrictions.
2026-04-29 22:37:40,368 [5365525]   WARN - org.apache.velocity.introspection - Cannot retrieve method getPropertyName from object of class java.lang.Class due to security restrictions.
2026-04-29 22:37:40,369 [5365526]   WARN - org.apache.velocity.introspection - Cannot retrieve method sanitizeJavaIdentifier from object of class java.lang.Class due to security restrictions.
2026-04-29 22:37:40,369 [5365526]   WARN - org.apache.velocity.introspection - Cannot retrieve method capitalizeWithJavaBeanConvention from object of class java.lang.Class due to security restrictions.
2026-04-29 22:37:40,377 [5365534]   WARN - org.apache.velocity.introspection - Cannot retrieve method getPropertyName from object of class java.lang.Class due to security restrictions.
2026-04-29 22:37:40,377 [5365534]   WARN - org.apache.velocity.introspection - Cannot retrieve method sanitizeJavaIdentifier from object of class java.lang.Class due to security restrictions.
2026-04-29 22:37:40,377 [5365534]   WARN - org.apache.velocity.introspection - Cannot retrieve method capitalizeWithJavaBeanConvention from object of class java.lang.Class due to security restrictions.
2026-04-29 22:37:40,382 [5365539]   WARN - org.apache.velocity.introspection - Cannot retrieve method getPropertyName from object of class java.lang.Class due to security restrictions.
2026-04-29 22:37:40,382 [5365539]   WARN - org.apache.velocity.introspection - Cannot retrieve method sanitizeJavaIdentifier from object of class java.lang.Class due to security restrictions.
2026-04-29 22:37:40,383 [5365540]   WARN - org.apache.velocity.introspection - Cannot retrieve method capitalizeWithJavaBeanConvention from object of class java.lang.Class due to security restrictions.
2026-04-29 22:37:40,503 [5365660]   WARN - org.apache.velocity.introspection - Cannot retrieve method getPropertyName from object of class java.lang.Class due to security restrictions.
2026-04-29 22:37:40,503 [5365660]   WARN - org.apache.velocity.introspection - Cannot retrieve method sanitizeJavaIdentifier from object of class java.lang.Class due to security restrictions.
2026-04-29 22:37:40,503 [5365660]   WARN - org.apache.velocity.introspection - Cannot retrieve method capitalizeWithJavaBeanConvention from object of class java.lang.Class due to security restrictions.
2026-04-29 22:37:40,511 [5365668]   WARN - org.apache.velocity.introspection - Cannot retrieve method getPropertyName from object of class java.lang.Class due to security restrictions.
2026-04-29 22:37:40,511 [5365668]   WARN - org.apache.velocity.introspection - Cannot retrieve method sanitizeJavaIdentifier from object of class java.lang.Class due to security restrictions.
2026-04-29 22:37:40,512 [5365669]   WARN - org.apache.velocity.introspection - Cannot retrieve method capitalizeWithJavaBeanConvention from object of class java.lang.Class due to security restrictions.
2026-04-29 22:37:40,517 [5365674]   WARN - org.apache.velocity.introspection - Cannot retrieve method getPropertyName from object of class java.lang.Class due to security restrictions.
2026-04-29 22:37:40,517 [5365674]   WARN - org.apache.velocity.introspection - Cannot retrieve method sanitizeJavaIdentifier from object of class java.lang.Class due to security restrictions.
2026-04-29 22:37:40,517 [5365674]   WARN - org.apache.velocity.introspection - Cannot retrieve method capitalizeWithJavaBeanConvention from object of class java.lang.Class due to security restrictions.
2026-04-29 22:37:40,578 [5365735]   WARN - org.apache.velocity.introspection - Cannot retrieve method getPropertyName from object of class java.lang.Class due to security restrictions.
2026-04-29 22:37:40,578 [5365735]   WARN - org.apache.velocity.introspection - Cannot retrieve method sanitizeJavaIdentifier from object of class java.lang.Class due to security restrictions.
2026-04-29 22:37:40,578 [5365735]   WARN - org.apache.velocity.introspection - Cannot retrieve method capitalizeWithJavaBeanConvention from object of class java.lang.Class due to security restrictions.
2026-04-29 22:37:40,584 [5365741]   WARN - org.apache.velocity.introspection - Cannot retrieve method getPropertyName from object of class java.lang.Class due to security restrictions.
2026-04-29 22:37:40,585 [5365742]   WARN - org.apache.velocity.introspection - Cannot retrieve method sanitizeJavaIdentifier from object of class java.lang.Class due to security restrictions.
2026-04-29 22:37:40,585 [5365742]   WARN - org.apache.velocity.introspection - Cannot retrieve method capitalizeWithJavaBeanConvention from object of class java.lang.Class due to security restrictions.
2026-04-29 22:37:40,589 [5365746]   WARN - org.apache.velocity.introspection - Cannot retrieve method getPropertyName from object of class java.lang.Class due to security restrictions.
2026-04-29 22:37:40,589 [5365746]   WARN - org.apache.velocity.introspection - Cannot retrieve method sanitizeJavaIdentifier from object of class java.lang.Class due to security restrictions.
2026-04-29 22:37:40,590 [5365747]   WARN - org.apache.velocity.introspection - Cannot retrieve method capitalizeWithJavaBeanConvention from object of class java.lang.Class due to security restrictions.
2026-04-29 22:37:42,652 [5367809]   WARN - org.apache.velocity.introspection - Cannot retrieve method getPropertyName from object of class java.lang.Class due to security restrictions.
2026-04-29 22:37:42,653 [5367810]   WARN - org.apache.velocity.introspection - Cannot retrieve method sanitizeJavaIdentifier from object of class java.lang.Class due to security restrictions.
2026-04-29 22:37:42,653 [5367810]   WARN - org.apache.velocity.introspection - Cannot retrieve method capitalizeWithJavaBeanConvention from object of class java.lang.Class due to security restrictions.
2026-04-29 22:37:42,661 [5367818]   WARN - org.apache.velocity.introspection - Cannot retrieve method getPropertyName from object of class java.lang.Class due to security restrictions.
2026-04-29 22:37:42,662 [5367819]   WARN - org.apache.velocity.introspection - Cannot retrieve method sanitizeJavaIdentifier from object of class java.lang.Class due to security restrictions.
2026-04-29 22:37:42,662 [5367819]   WARN - org.apache.velocity.introspection - Cannot retrieve method capitalizeWithJavaBeanConvention from object of class java.lang.Class due to security restrictions.
2026-04-29 22:37:42,669 [5367826]   WARN - org.apache.velocity.introspection - Cannot retrieve method getPropertyName from object of class java.lang.Class due to security restrictions.
2026-04-29 22:37:42,669 [5367826]   WARN - org.apache.velocity.introspection - Cannot retrieve method sanitizeJavaIdentifier from object of class java.lang.Class due to security restrictions.
2026-04-29 22:37:42,669 [5367826]   WARN - org.apache.velocity.introspection - Cannot retrieve method capitalizeWithJavaBeanConvention from object of class java.lang.Class due to security restrictions.
2026-04-29 22:37:42,875 [5368032]   WARN - org.apache.velocity.introspection - Cannot retrieve method getPropertyName from object of class java.lang.Class due to security restrictions.
2026-04-29 22:37:42,875 [5368032]   WARN - org.apache.velocity.introspection - Cannot retrieve method sanitizeJavaIdentifier from object of class java.lang.Class due to security restrictions.
2026-04-29 22:37:42,875 [5368032]   WARN - org.apache.velocity.introspection - Cannot retrieve method capitalizeWithJavaBeanConvention from object of class java.lang.Class due to security restrictions.
2026-04-29 22:37:42,885 [5368042]   WARN - org.apache.velocity.introspection - Cannot retrieve method getPropertyName from object of class java.lang.Class due to security restrictions.
2026-04-29 22:37:42,885 [5368042]   WARN - org.apache.velocity.introspection - Cannot retrieve method sanitizeJavaIdentifier from object of class java.lang.Class due to security restrictions.
2026-04-29 22:37:42,885 [5368042]   WARN - org.apache.velocity.introspection - Cannot retrieve method capitalizeWithJavaBeanConvention from object of class java.lang.Class due to security restrictions.
2026-04-29 22:37:42,891 [5368048]   WARN - org.apache.velocity.introspection - Cannot retrieve method getPropertyName from object of class java.lang.Class due to security restrictions.
2026-04-29 22:37:42,891 [5368048]   WARN - org.apache.velocity.introspection - Cannot retrieve method sanitizeJavaIdentifier from object of class java.lang.Class due to security restrictions.
2026-04-29 22:37:42,891 [5368048]   WARN - org.apache.velocity.introspection - Cannot retrieve method capitalizeWithJavaBeanConvention from object of class java.lang.Class due to security restrictions.
2026-04-29 22:37:42,991 [5368148]   WARN - org.apache.velocity.introspection - Cannot retrieve method getPropertyName from object of class java.lang.Class due to security restrictions.
2026-04-29 22:37:42,991 [5368148]   WARN - org.apache.velocity.introspection - Cannot retrieve method sanitizeJavaIdentifier from object of class java.lang.Class due to security restrictions.
2026-04-29 22:37:42,991 [5368148]   WARN - org.apache.velocity.introspection - Cannot retrieve method capitalizeWithJavaBeanConvention from object of class java.lang.Class due to security restrictions.
2026-04-29 22:37:43,001 [5368158]   WARN - org.apache.velocity.introspection - Cannot retrieve method getPropertyName from object of class java.lang.Class due to security restrictions.
2026-04-29 22:37:43,001 [5368158]   WARN - org.apache.velocity.introspection - Cannot retrieve method sanitizeJavaIdentifier from object of class java.lang.Class due to security restrictions.
2026-04-29 22:37:43,001 [5368158]   WARN - org.apache.velocity.introspection - Cannot retrieve method capitalizeWithJavaBeanConvention from object of class java.lang.Class due to security restrictions.
2026-04-29 22:37:43,007 [5368164]   WARN - org.apache.velocity.introspection - Cannot retrieve method getPropertyName from object of class java.lang.Class due to security restrictions.
2026-04-29 22:37:43,007 [5368164]   WARN - org.apache.velocity.introspection - Cannot retrieve method sanitizeJavaIdentifier from object of class java.lang.Class due to security restrictions.
2026-04-29 22:37:43,007 [5368164]   WARN - org.apache.velocity.introspection - Cannot retrieve method capitalizeWithJavaBeanConvention from object of class java.lang.Class due to security restrictions.
2026-04-29 22:38:17.544 [DBG] [oshi.util.FileUtil] Reading file {}:[Ljava.lang.Object;@3138c0b5
2026-04-29 22:38:17.544 [DBG] [oshi.util.FileUtil] Reading file {}:[Ljava.lang.Object;@6c113fe3
2026-04-29 22:38:17.545 [DBG] [oshi.util.FileUtil] Reading file {}:[Ljava.lang.Object;@5322d011
2026-04-29 22:38:17.545 [DBG] [oshi.util.FileUtil] Reading file {}:[Ljava.lang.Object;@2d441f65
2026-04-29 22:38:17.545 [DBG] [oshi.util.FileUtil] Reading file {}:[Ljava.lang.Object;@5a8e5f10
2026-04-29 22:38:17.545 [DBG] [oshi.util.FileUtil] Reading file {}:[Ljava.lang.Object;@3f859d85
2026-04-29 22:39:17.550 [DBG] [oshi.util.FileUtil] Reading file {}:[Ljava.lang.Object;@24c6a9ca
2026-04-29 22:39:17.550 [DBG] [oshi.util.FileUtil] Reading file {}:[Ljava.lang.Object;@624a09ee
2026-04-29 22:39:17.550 [DBG] [oshi.util.FileUtil] Reading file {}:[Ljava.lang.Object;@2889af8a
2026-04-29 22:39:17.550 [DBG] [oshi.util.FileUtil] Reading file {}:[Ljava.lang.Object;@6913bf15
2026-04-29 22:39:17.550 [DBG] [oshi.util.FileUtil] Reading file {}:[Ljava.lang.Object;@788ac304
2026-04-29 22:39:17.550 [DBG] [oshi.util.FileUtil] Reading file {}:[Ljava.lang.Object;@4a3db082
2026-04-29 22:40:17.554 [DBG] [oshi.util.FileUtil] Reading file {}:[Ljava.lang.Object;@52704d8e
2026-04-29 22:40:17.555 [DBG] [oshi.util.FileUtil] Reading file {}:[Ljava.lang.Object;@5c71c528
2026-04-29 22:40:17.555 [DBG] [oshi.util.FileUtil] Reading file {}:[Ljava.lang.Object;@1d293e5f
2026-04-29 22:40:17.555 [DBG] [oshi.util.FileUtil] Reading file {}:[Ljava.lang.Object;@44a69d6b
2026-04-29 22:40:17.555 [DBG] [oshi.util.FileUtil] Reading file {}:[Ljava.lang.Object;@146ab44c
2026-04-29 22:40:17.555 [DBG] [oshi.util.FileUtil] Reading file {}:[Ljava.lang.Object;@46607b6c
2026-04-29 22:41:17.559 [DBG] [oshi.util.FileUtil] Reading file {}:[Ljava.lang.Object;@4c481356
2026-04-29 22:41:17.559 [DBG] [oshi.util.FileUtil] Reading file {}:[Ljava.lang.Object;@36798fc0
2026-04-29 22:41:17.559 [DBG] [oshi.util.FileUtil] Reading file {}:[Ljava.lang.Object;@2a4ba8b5
2026-04-29 22:41:17.559 [DBG] [oshi.util.FileUtil] Reading file {}:[Ljava.lang.Object;@6594228a
2026-04-29 22:41:17.559 [DBG] [oshi.util.FileUtil] Reading file {}:[Ljava.lang.Object;@69ca4fcd
2026-04-29 22:41:17.559 [DBG] [oshi.util.FileUtil] Reading file {}:[Ljava.lang.Object;@13b7cabb
2026-04-29 22:42:17.564 [DBG] [oshi.util.FileUtil] Reading file {}:[Ljava.lang.Object;@d17ca51
2026-04-29 22:42:17.564 [DBG] [oshi.util.FileUtil] Reading file {}:[Ljava.lang.Object;@48af0d80
2026-04-29 22:42:17.564 [DBG] [oshi.util.FileUtil] Reading file {}:[Ljava.lang.Object;@19f3402a
2026-04-29 22:42:17.564 [DBG] [oshi.util.FileUtil] Reading file {}:[Ljava.lang.Object;@c1be27f
2026-04-29 22:42:17.564 [DBG] [oshi.util.FileUtil] Reading file {}:[Ljava.lang.Object;@3f6df4ef
2026-04-29 22:42:17.564 [DBG] [oshi.util.FileUtil] Reading file {}:[Ljava.lang.Object;@f9e2d8f
2026-04-29 22:43:17.568 [DBG] [oshi.util.FileUtil] Reading file {}:[Ljava.lang.Object;@62494225
2026-04-29 22:43:17.568 [DBG] [oshi.util.FileUtil] Reading file {}:[Ljava.lang.Object;@4ca55a9f
2026-04-29 22:43:17.568 [DBG] [oshi.util.FileUtil] Reading file {}:[Ljava.lang.Object;@a7e4d55
2026-04-29 22:43:17.568 [DBG] [oshi.util.FileUtil] Reading file {}:[Ljava.lang.Object;@1146fded
2026-04-29 22:43:17.568 [DBG] [oshi.util.FileUtil] Reading file {}:[Ljava.lang.Object;@39b6cd8a
2026-04-29 22:43:17.569 [DBG] [oshi.util.FileUtil] Reading file {}:[Ljava.lang.Object;@5fa10981
2026-04-29 22:44:17.574 [DBG] [oshi.util.FileUtil] Reading file {}:[Ljava.lang.Object;@4d6e0ad8
2026-04-29 22:44:17.574 [DBG] [oshi.util.FileUtil] Reading file {}:[Ljava.lang.Object;@39e08eef
2026-04-29 22:44:17.574 [DBG] [oshi.util.FileUtil] Reading file {}:[Ljava.lang.Object;@7aa2896b
2026-04-29 22:44:17.574 [DBG] [oshi.util.FileUtil] Reading file {}:[Ljava.lang.Object;@54a299ba
2026-04-29 22:44:17.574 [DBG] [oshi.util.FileUtil] Reading file {}:[Ljava.lang.Object;@69a7613c
2026-04-29 22:44:17.574 [DBG] [oshi.util.FileUtil] Reading file {}:[Ljava.lang.Object;@548d0d11
2026-04-29 22:45:17.578 [DBG] [oshi.util.FileUtil] Reading file {}:[Ljava.lang.Object;@39fa7f3f
2026-04-29 22:45:17.579 [DBG] [oshi.util.FileUtil] Reading file {}:[Ljava.lang.Object;@76d62055
2026-04-29 22:45:17.579 [DBG] [oshi.util.FileUtil] Reading file {}:[Ljava.lang.Object;@6f5df4a3
2026-04-29 22:45:17.579 [DBG] [oshi.util.FileUtil] Reading file {}:[Ljava.lang.Object;@75b488d8
2026-04-29 22:45:17.579 [DBG] [oshi.util.FileUtil] Reading file {}:[Ljava.lang.Object;@1fdd02d6
2026-04-29 22:45:17.579 [DBG] [oshi.util.FileUtil] Reading file {}:[Ljava.lang.Object;@58ce5df0
2026-04-29 22:46:17.583 [DBG] [oshi.util.FileUtil] Reading file {}:[Ljava.lang.Object;@790e41bc
2026-04-29 22:46:17.583 [DBG] [oshi.util.FileUtil] Reading file {}:[Ljava.lang.Object;@5fa2776c
2026-04-29 22:46:17.583 [DBG] [oshi.util.FileUtil] Reading file {}:[Ljava.lang.Object;@69239544
2026-04-29 22:46:17.583 [DBG] [oshi.util.FileUtil] Reading file {}:[Ljava.lang.Object;@40fe50fc
2026-04-29 22:46:17.583 [DBG] [oshi.util.FileUtil] Reading file {}:[Ljava.lang.Object;@4b76fafe
2026-04-29 22:46:17.583 [DBG] [oshi.util.FileUtil] Reading file {}:[Ljava.lang.Object;@7a3edeb
2026-04-29 22:47:17.587 [DBG] [oshi.util.FileUtil] Reading file {}:[Ljava.lang.Object;@74823ca1
2026-04-29 22:47:17.587 [DBG] [oshi.util.FileUtil] Reading file {}:[Ljava.lang.Object;@1f81db0
2026-04-29 22:47:17.587 [DBG] [oshi.util.FileUtil] Reading file {}:[Ljava.lang.Object;@5277b8d0
2026-04-29 22:47:17.587 [DBG] [oshi.util.FileUtil] Reading file {}:[Ljava.lang.Object;@67b839f1
2026-04-29 22:47:17.587 [DBG] [oshi.util.FileUtil] Reading file {}:[Ljava.lang.Object;@23a6693
2026-04-29 22:47:17.587 [DBG] [oshi.util.FileUtil] Reading file {}:[Ljava.lang.Object;@436efef9
2026-04-29 22:48:17.592 [DBG] [oshi.util.FileUtil] Reading file {}:[Ljava.lang.Object;@28af4d14
2026-04-29 22:48:17.592 [DBG] [oshi.util.FileUtil] Reading file {}:[Ljava.lang.Object;@17c34d20
2026-04-29 22:48:17.592 [DBG] [oshi.util.FileUtil] Reading file {}:[Ljava.lang.Object;@d8ae40d
2026-04-29 22:48:17.592 [DBG] [oshi.util.FileUtil] Reading file {}:[Ljava.lang.Object;@27db839f
2026-04-29 22:48:17.592 [DBG] [oshi.util.FileUtil] Reading file {}:[Ljava.lang.Object;@754ebd9d
2026-04-29 22:48:17.592 [DBG] [oshi.util.FileUtil] Reading file {}:[Ljava.lang.Object;@78694459
2026-04-29 22:49:17.595 [DBG] [oshi.util.FileUtil] Reading file {}:[Ljava.lang.Object;@4c2224c
2026-04-29 22:49:17.595 [DBG] [oshi.util.FileUtil] Reading file {}:[Ljava.lang.Object;@34bb7502
2026-04-29 22:49:17.596 [DBG] [oshi.util.FileUtil] Reading file {}:[Ljava.lang.Object;@78697010
2026-04-29 22:49:17.596 [DBG] [oshi.util.FileUtil] Reading file {}:[Ljava.lang.Object;@17b8f673
2026-04-29 22:49:17.596 [DBG] [oshi.util.FileUtil] Reading file {}:[Ljava.lang.Object;@27d668a
2026-04-29 22:49:17.596 [DBG] [oshi.util.FileUtil] Reading file {}:[Ljava.lang.Object;@6d8110a2
2026-04-29 22:50:17.600 [DBG] [oshi.util.FileUtil] Reading file {}:[Ljava.lang.Object;@22065a4
2026-04-29 22:50:17.601 [DBG] [oshi.util.FileUtil] Reading file {}:[Ljava.lang.Object;@7784491a
2026-04-29 22:50:17.601 [DBG] [oshi.util.FileUtil] Reading file {}:[Ljava.lang.Object;@1a2a382c
2026-04-29 22:50:17.601 [DBG] [oshi.util.FileUtil] Reading file {}:[Ljava.lang.Object;@6ce7bf07
2026-04-29 22:50:17.601 [DBG] [oshi.util.FileUtil] Reading file {}:[Ljava.lang.Object;@6d6bea7a
2026-04-29 22:50:17.601 [DBG] [oshi.util.FileUtil] Reading file {}:[Ljava.lang.Object;@3872b254
2026-04-29 22:51:17.605 [DBG] [oshi.util.FileUtil] Reading file {}:[Ljava.lang.Object;@69334bff
2026-04-29 22:51:17.605 [DBG] [oshi.util.FileUtil] Reading file {}:[Ljava.lang.Object;@3fdd0fd3
2026-04-29 22:51:17.605 [DBG] [oshi.util.FileUtil] Reading file {}:[Ljava.lang.Object;@395e3e3d
2026-04-29 22:51:17.605 [DBG] [oshi.util.FileUtil] Reading file {}:[Ljava.lang.Object;@174fb211
2026-04-29 22:51:17.605 [DBG] [oshi.util.FileUtil] Reading file {}:[Ljava.lang.Object;@64507fb4
2026-04-29 22:51:17.605 [DBG] [oshi.util.FileUtil] Reading file {}:[Ljava.lang.Object;@33a4577a
2026-04-29 22:52:17.609 [DBG] [oshi.util.FileUtil] Reading file {}:[Ljava.lang.Object;@21ddb718
2026-04-29 22:52:17.610 [DBG] [oshi.util.FileUtil] Reading file {}:[Ljava.lang.Object;@78954504
2026-04-29 22:52:17.610 [DBG] [oshi.util.FileUtil] Reading file {}:[Ljava.lang.Object;@29c43581
2026-04-29 22:52:17.610 [DBG] [oshi.util.FileUtil] Reading file {}:[Ljava.lang.Object;@21dc9253
2026-04-29 22:52:17.610 [DBG] [oshi.util.FileUtil] Reading file {}:[Ljava.lang.Object;@6df58407
2026-04-29 22:52:17.610 [DBG] [oshi.util.FileUtil] Reading file {}:[Ljava.lang.Object;@3f9a51d8
2026-04-29 22:53:17.614 [DBG] [oshi.util.FileUtil] Reading file {}:[Ljava.lang.Object;@2ce96a56
2026-04-29 22:53:17.614 [DBG] [oshi.util.FileUtil] Reading file {}:[Ljava.lang.Object;@5e29286a
2026-04-29 22:53:17.614 [DBG] [oshi.util.FileUtil] Reading file {}:[Ljava.lang.Object;@70c7c42b
2026-04-29 22:53:17.614 [DBG] [oshi.util.FileUtil] Reading file {}:[Ljava.lang.Object;@e57e2fd
2026-04-29 22:53:17.615 [DBG] [oshi.util.FileUtil] Reading file {}:[Ljava.lang.Object;@690b82bb
2026-04-29 22:53:17.615 [DBG] [oshi.util.FileUtil] Reading file {}:[Ljava.lang.Object;@7ef68d88
2026-04-29 22:54:17.617 [DBG] [oshi.util.FileUtil] Reading file {}:[Ljava.lang.Object;@66c1856a
2026-04-29 22:54:17.617 [DBG] [oshi.util.FileUtil] Reading file {}:[Ljava.lang.Object;@ab57ca
2026-04-29 22:54:17.617 [DBG] [oshi.util.FileUtil] Reading file {}:[Ljava.lang.Object;@5a19dcc8
2026-04-29 22:54:17.617 [DBG] [oshi.util.FileUtil] Reading file {}:[Ljava.lang.Object;@293c1d14
2026-04-29 22:54:17.618 [DBG] [oshi.util.FileUtil] Reading file {}:[Ljava.lang.Object;@433c278c
2026-04-29 22:54:17.618 [DBG] [oshi.util.FileUtil] Reading file {}:[Ljava.lang.Object;@19f32d26
2026-04-29 22:55:17.620 [DBG] [oshi.util.FileUtil] Reading file {}:[Ljava.lang.Object;@43d6d2ed
2026-04-29 22:55:17.621 [DBG] [oshi.util.FileUtil] Reading file {}:[Ljava.lang.Object;@17673024
2026-04-29 22:55:17.621 [DBG] [oshi.util.FileUtil] Reading file {}:[Ljava.lang.Object;@27a1725c
2026-04-29 22:55:17.621 [DBG] [oshi.util.FileUtil] Reading file {}:[Ljava.lang.Object;@934e042
2026-04-29 22:55:17.621 [DBG] [oshi.util.FileUtil] Reading file {}:[Ljava.lang.Object;@7c000a33
2026-04-29 22:55:17.621 [DBG] [oshi.util.FileUtil] Reading file {}:[Ljava.lang.Object;@52c8e387
2026-04-29 22:56:17.623 [DBG] [oshi.util.FileUtil] Reading file {}:[Ljava.lang.Object;@4bd1d995
2026-04-29 22:56:17.623 [DBG] [oshi.util.FileUtil] Reading file {}:[Ljava.lang.Object;@45e8a2e6
2026-04-29 22:56:17.624 [DBG] [oshi.util.FileUtil] Reading file {}:[Ljava.lang.Object;@5a941f20
2026-04-29 22:56:17.624 [DBG] [oshi.util.FileUtil] Reading file {}:[Ljava.lang.Object;@75c96f5c
2026-04-29 22:56:17.624 [DBG] [oshi.util.FileUtil] Reading file {}:[Ljava.lang.Object;@30911d01
2026-04-29 22:56:17.624 [DBG] [oshi.util.FileUtil] Reading file {}:[Ljava.lang.Object;@306e6667
2026-04-29 22:57:17.627 [DBG] [oshi.util.FileUtil] Reading file {}:[Ljava.lang.Object;@1348c1f3
2026-04-29 22:57:17.627 [DBG] [oshi.util.FileUtil] Reading file {}:[Ljava.lang.Object;@4c539b1a
2026-04-29 22:57:17.627 [DBG] [oshi.util.FileUtil] Reading file {}:[Ljava.lang.Object;@26b86588
2026-04-29 22:57:17.627 [DBG] [oshi.util.FileUtil] Reading file {}:[Ljava.lang.Object;@4ab6b17c
2026-04-29 22:57:17.628 [DBG] [oshi.util.FileUtil] Reading file {}:[Ljava.lang.Object;@1f24b680
2026-04-29 22:57:17.628 [DBG] [oshi.util.FileUtil] Reading file {}:[Ljava.lang.Object;@4f7f7535
2026-04-29 22:58:17.632 [DBG] [oshi.util.FileUtil] Reading file {}:[Ljava.lang.Object;@2e84b667
2026-04-29 22:58:17.632 [DBG] [oshi.util.FileUtil] Reading file {}:[Ljava.lang.Object;@373db762
2026-04-29 22:58:17.632 [DBG] [oshi.util.FileUtil] Reading file {}:[Ljava.lang.Object;@1834161e
2026-04-29 22:58:17.632 [DBG] [oshi.util.FileUtil] Reading file {}:[Ljava.lang.Object;@69219563
2026-04-29 22:58:17.633 [DBG] [oshi.util.FileUtil] Reading file {}:[Ljava.lang.Object;@629d21ae
2026-04-29 22:58:17.633 [DBG] [oshi.util.FileUtil] Reading file {}:[Ljava.lang.Object;@38411c38
2026-04-29 22:59:17.638 [DBG] [oshi.util.FileUtil] Reading file {}:[Ljava.lang.Object;@ff91d73
2026-04-29 22:59:17.638 [DBG] [oshi.util.FileUtil] Reading file {}:[Ljava.lang.Object;@1cd9672d
2026-04-29 22:59:17.638 [DBG] [oshi.util.FileUtil] Reading file {}:[Ljava.lang.Object;@7b466b4d
2026-04-29 22:59:17.638 [DBG] [oshi.util.FileUtil] Reading file {}:[Ljava.lang.Object;@3be30601
2026-04-29 22:59:17.639 [DBG] [oshi.util.FileUtil] Reading file {}:[Ljava.lang.Object;@7cb6968b
2026-04-29 22:59:17.639 [DBG] [oshi.util.FileUtil] Reading file {}:[Ljava.lang.Object;@2b81763f
2026-04-29 23:00:17.642 [DBG] [oshi.util.FileUtil] Reading file {}:[Ljava.lang.Object;@25acc737
2026-04-29 23:00:17.642 [DBG] [oshi.util.FileUtil] Reading file {}:[Ljava.lang.Object;@16800aa1
2026-04-29 23:00:17.643 [DBG] [oshi.util.FileUtil] Reading file {}:[Ljava.lang.Object;@420434d3
2026-04-29 23:00:17.643 [DBG] [oshi.util.FileUtil] Reading file {}:[Ljava.lang.Object;@209d539b
2026-04-29 23:00:17.643 [DBG] [oshi.util.FileUtil] Reading file {}:[Ljava.lang.Object;@634bbdc0
2026-04-29 23:00:17.643 [DBG] [oshi.util.FileUtil] Reading file {}:[Ljava.lang.Object;@7588660a
2026-04-29 23:01:17.647 [DBG] [oshi.util.FileUtil] Reading file {}:[Ljava.lang.Object;@56b54178
2026-04-29 23:01:17.647 [DBG] [oshi.util.FileUtil] Reading file {}:[Ljava.lang.Object;@4574116
2026-04-29 23:01:17.647 [DBG] [oshi.util.FileUtil] Reading file {}:[Ljava.lang.Object;@1ef5ecc3
2026-04-29 23:01:17.647 [DBG] [oshi.util.FileUtil] Reading file {}:[Ljava.lang.Object;@51838ad
2026-04-29 23:01:17.648 [DBG] [oshi.util.FileUtil] Reading file {}:[Ljava.lang.Object;@795a17f7
2026-04-29 23:01:17.648 [DBG] [oshi.util.FileUtil] Reading file {}:[Ljava.lang.Object;@47bbb63b
2026-04-29 23:02:17.651 [DBG] [oshi.util.FileUtil] Reading file {}:[Ljava.lang.Object;@2ca00af9
2026-04-29 23:02:17.652 [DBG] [oshi.util.FileUtil] Reading file {}:[Ljava.lang.Object;@1839b12c
2026-04-29 23:02:17.652 [DBG] [oshi.util.FileUtil] Reading file {}:[Ljava.lang.Object;@e601f6c
2026-04-29 23:02:17.652 [DBG] [oshi.util.FileUtil] Reading file {}:[Ljava.lang.Object;@3a918954
2026-04-29 23:02:17.652 [DBG] [oshi.util.FileUtil] Reading file {}:[Ljava.lang.Object;@16cabb3d
2026-04-29 23:02:17.652 [DBG] [oshi.util.FileUtil] Reading file {}:[Ljava.lang.Object;@432fc819
2026-04-29 23:03:17.656 [DBG] [oshi.util.FileUtil] Reading file {}:[Ljava.lang.Object;@5e22ccb
2026-04-29 23:03:17.656 [DBG] [oshi.util.FileUtil] Reading file {}:[Ljava.lang.Object;@44f1d16e
2026-04-29 23:03:17.656 [DBG] [oshi.util.FileUtil] Reading file {}:[Ljava.lang.Object;@1937b90f
2026-04-29 23:03:17.656 [DBG] [oshi.util.FileUtil] Reading file {}:[Ljava.lang.Object;@4d24db27
2026-04-29 23:03:17.656 [DBG] [oshi.util.FileUtil] Reading file {}:[Ljava.lang.Object;@59b4323c
2026-04-29 23:03:17.656 [DBG] [oshi.util.FileUtil] Reading file {}:[Ljava.lang.Object;@1384f2c5
2026-04-29 23:04:17.660 [DBG] [oshi.util.FileUtil] Reading file {}:[Ljava.lang.Object;@70fd5452
2026-04-29 23:04:17.660 [DBG] [oshi.util.FileUtil] Reading file {}:[Ljava.lang.Object;@71def361
2026-04-29 23:04:17.660 [DBG] [oshi.util.FileUtil] Reading file {}:[Ljava.lang.Object;@697bcee5
2026-04-29 23:04:17.660 [DBG] [oshi.util.FileUtil] Reading file {}:[Ljava.lang.Object;@7fc75d87
2026-04-29 23:04:17.660 [DBG] [oshi.util.FileUtil] Reading file {}:[Ljava.lang.Object;@6502d9e9
2026-04-29 23:04:17.660 [DBG] [oshi.util.FileUtil] Reading file {}:[Ljava.lang.Object;@63c16bd3
2026-04-29 23:05:17.664 [DBG] [oshi.util.FileUtil] Reading file {}:[Ljava.lang.Object;@218d5ef2
2026-04-29 23:05:17.664 [DBG] [oshi.util.FileUtil] Reading file {}:[Ljava.lang.Object;@3a246754
2026-04-29 23:05:17.664 [DBG] [oshi.util.FileUtil] Reading file {}:[Ljava.lang.Object;@6374f459
2026-04-29 23:05:17.664 [DBG] [oshi.util.FileUtil] Reading file {}:[Ljava.lang.Object;@194b58ed
2026-04-29 23:05:17.664 [DBG] [oshi.util.FileUtil] Reading file {}:[Ljava.lang.Object;@527afff8
2026-04-29 23:05:17.664 [DBG] [oshi.util.FileUtil] Reading file {}:[Ljava.lang.Object;@4b7d3c24
2026-04-29 23:06:17.669 [DBG] [oshi.util.FileUtil] Reading file {}:[Ljava.lang.Object;@783129d2
2026-04-29 23:06:17.669 [DBG] [oshi.util.FileUtil] Reading file {}:[Ljava.lang.Object;@5012b0d2
2026-04-29 23:06:17.669 [DBG] [oshi.util.FileUtil] Reading file {}:[Ljava.lang.Object;@57b6df53
2026-04-29 23:06:17.669 [DBG] [oshi.util.FileUtil] Reading file {}:[Ljava.lang.Object;@201b8571
2026-04-29 23:06:17.669 [DBG] [oshi.util.FileUtil] Reading file {}:[Ljava.lang.Object;@51955719
2026-04-29 23:06:17.669 [DBG] [oshi.util.FileUtil] Reading file {}:[Ljava.lang.Object;@1444e9d9
2026-04-29 23:07:17.673 [DBG] [oshi.util.FileUtil] Reading file {}:[Ljava.lang.Object;@7edbc924
2026-04-29 23:07:17.673 [DBG] [oshi.util.FileUtil] Reading file {}:[Ljava.lang.Object;@15c57c3a
2026-04-29 23:07:17.673 [DBG] [oshi.util.FileUtil] Reading file {}:[Ljava.lang.Object;@29bba84c
2026-04-29 23:07:17.673 [DBG] [oshi.util.FileUtil] Reading file {}:[Ljava.lang.Object;@351733c2
2026-04-29 23:07:17.674 [DBG] [oshi.util.FileUtil] Reading file {}:[Ljava.lang.Object;@15254ead
2026-04-29 23:07:17.674 [DBG] [oshi.util.FileUtil] Reading file {}:[Ljava.lang.Object;@2bbfd49f
2026-04-29 23:08:17.678 [DBG] [oshi.util.FileUtil] Reading file {}:[Ljava.lang.Object;@199ff2fe
2026-04-29 23:08:17.678 [DBG] [oshi.util.FileUtil] Reading file {}:[Ljava.lang.Object;@5ed43b5f
2026-04-29 23:08:17.678 [DBG] [oshi.util.FileUtil] Reading file {}:[Ljava.lang.Object;@1678e01e
2026-04-29 23:08:17.678 [DBG] [oshi.util.FileUtil] Reading file {}:[Ljava.lang.Object;@1675085d
2026-04-29 23:08:17.678 [DBG] [oshi.util.FileUtil] Reading file {}:[Ljava.lang.Object;@709b006f
2026-04-29 23:08:17.678 [DBG] [oshi.util.FileUtil] Reading file {}:[Ljava.lang.Object;@fead3e0
2026-04-29 23:09:17.682 [DBG] [oshi.util.FileUtil] Reading file {}:[Ljava.lang.Object;@248716be
2026-04-29 23:09:17.683 [DBG] [oshi.util.FileUtil] Reading file {}:[Ljava.lang.Object;@4be6084b
2026-04-29 23:09:17.683 [DBG] [oshi.util.FileUtil] Reading file {}:[Ljava.lang.Object;@f669249
2026-04-29 23:09:17.683 [DBG] [oshi.util.FileUtil] Reading file {}:[Ljava.lang.Object;@64bbabb1
2026-04-29 23:09:17.683 [DBG] [oshi.util.FileUtil] Reading file {}:[Ljava.lang.Object;@7815737e
2026-04-29 23:09:17.683 [DBG] [oshi.util.FileUtil] Reading file {}:[Ljava.lang.Object;@3ca9867
2026-04-29 23:10:17.686 [DBG] [oshi.util.FileUtil] Reading file {}:[Ljava.lang.Object;@3b8c34e7
2026-04-29 23:10:17.687 [DBG] [oshi.util.FileUtil] Reading file {}:[Ljava.lang.Object;@3e907506
2026-04-29 23:10:17.687 [DBG] [oshi.util.FileUtil] Reading file {}:[Ljava.lang.Object;@337c3f48
2026-04-29 23:10:17.687 [DBG] [oshi.util.FileUtil] Reading file {}:[Ljava.lang.Object;@7d365fa7
2026-04-29 23:10:17.687 [DBG] [oshi.util.FileUtil] Reading file {}:[Ljava.lang.Object;@27c767ea
2026-04-29 23:10:17.687 [DBG] [oshi.util.FileUtil] Reading file {}:[Ljava.lang.Object;@1a421e51
2026-04-29 23:11:17.691 [DBG] [oshi.util.FileUtil] Reading file {}:[Ljava.lang.Object;@2baa288a
2026-04-29 23:11:17.691 [DBG] [oshi.util.FileUtil] Reading file {}:[Ljava.lang.Object;@438bf50c
2026-04-29 23:11:17.691 [DBG] [oshi.util.FileUtil] Reading file {}:[Ljava.lang.Object;@71ecfb3a
2026-04-29 23:11:17.691 [DBG] [oshi.util.FileUtil] Reading file {}:[Ljava.lang.Object;@70c1877d
2026-04-29 23:11:17.691 [DBG] [oshi.util.FileUtil] Reading file {}:[Ljava.lang.Object;@a551f97
2026-04-29 23:11:17.691 [DBG] [oshi.util.FileUtil] Reading file {}:[Ljava.lang.Object;@166aa844
2026-04-29 23:12:17.694 [DBG] [oshi.util.FileUtil] Reading file {}:[Ljava.lang.Object;@ed0438d
2026-04-29 23:12:17.694 [DBG] [oshi.util.FileUtil] Reading file {}:[Ljava.lang.Object;@2a1830f2
2026-04-29 23:12:17.694 [DBG] [oshi.util.FileUtil] Reading file {}:[Ljava.lang.Object;@51b8f425
2026-04-29 23:12:17.694 [DBG] [oshi.util.FileUtil] Reading file {}:[Ljava.lang.Object;@7bece325
2026-04-29 23:12:17.694 [DBG] [oshi.util.FileUtil] Reading file {}:[Ljava.lang.Object;@772c1bfe
2026-04-29 23:12:17.694 [DBG] [oshi.util.FileUtil] Reading file {}:[Ljava.lang.Object;@1cd83a49
2026-04-29 23:13:17.698 [DBG] [oshi.util.FileUtil] Reading file {}:[Ljava.lang.Object;@78ecc0f5
2026-04-29 23:13:17.698 [DBG] [oshi.util.FileUtil] Reading file {}:[Ljava.lang.Object;@368f36dc
2026-04-29 23:13:17.698 [DBG] [oshi.util.FileUtil] Reading file {}:[Ljava.lang.Object;@501af001
2026-04-29 23:13:17.698 [DBG] [oshi.util.FileUtil] Reading file {}:[Ljava.lang.Object;@6635ac8a
2026-04-29 23:13:17.698 [DBG] [oshi.util.FileUtil] Reading file {}:[Ljava.lang.Object;@784023d1
2026-04-29 23:13:17.698 [DBG] [oshi.util.FileUtil] Reading file {}:[Ljava.lang.Object;@37b6d3d3
2026-04-29 23:14:17.700 [DBG] [oshi.util.FileUtil] Reading file {}:[Ljava.lang.Object;@41d81747
2026-04-29 23:14:17.701 [DBG] [oshi.util.FileUtil] Reading file {}:[Ljava.lang.Object;@192feb2d
2026-04-29 23:14:17.701 [DBG] [oshi.util.FileUtil] Reading file {}:[Ljava.lang.Object;@6d32fd4e
2026-04-29 23:14:17.701 [DBG] [oshi.util.FileUtil] Reading file {}:[Ljava.lang.Object;@4577bc48
2026-04-29 23:14:17.701 [DBG] [oshi.util.FileUtil] Reading file {}:[Ljava.lang.Object;@4414f98e
2026-04-29 23:14:17.701 [DBG] [oshi.util.FileUtil] Reading file {}:[Ljava.lang.Object;@228404a2
2026-04-29 23:15:17.704 [DBG] [oshi.util.FileUtil] Reading file {}:[Ljava.lang.Object;@38eb9198
2026-04-29 23:15:17.704 [DBG] [oshi.util.FileUtil] Reading file {}:[Ljava.lang.Object;@183d8389
2026-04-29 23:15:17.704 [DBG] [oshi.util.FileUtil] Reading file {}:[Ljava.lang.Object;@49be4702
2026-04-29 23:15:17.704 [DBG] [oshi.util.FileUtil] Reading file {}:[Ljava.lang.Object;@78e39513
2026-04-29 23:15:17.704 [DBG] [oshi.util.FileUtil] Reading file {}:[Ljava.lang.Object;@1ce0acc6
2026-04-29 23:15:17.704 [DBG] [oshi.util.FileUtil] Reading file {}:[Ljava.lang.Object;@68354518
2026-04-29 23:16:17.706 [DBG] [oshi.util.FileUtil] Reading file {}:[Ljava.lang.Object;@69af75b2
2026-04-29 23:16:17.707 [DBG] [oshi.util.FileUtil] Reading file {}:[Ljava.lang.Object;@2291a874
2026-04-29 23:16:17.707 [DBG] [oshi.util.FileUtil] Reading file {}:[Ljava.lang.Object;@25670607
2026-04-29 23:16:17.707 [DBG] [oshi.util.FileUtil] Reading file {}:[Ljava.lang.Object;@6951408b
2026-04-29 23:16:17.707 [DBG] [oshi.util.FileUtil] Reading file {}:[Ljava.lang.Object;@7b41aaf6
2026-04-29 23:16:17.707 [DBG] [oshi.util.FileUtil] Reading file {}:[Ljava.lang.Object;@54bc7fe2
2026-04-29 23:17:17.709 [DBG] [oshi.util.FileUtil] Reading file {}:[Ljava.lang.Object;@785833b3
2026-04-29 23:17:17.709 [DBG] [oshi.util.FileUtil] Reading file {}:[Ljava.lang.Object;@4913425f
2026-04-29 23:17:17.709 [DBG] [oshi.util.FileUtil] Reading file {}:[Ljava.lang.Object;@5451bda0
2026-04-29 23:17:17.709 [DBG] [oshi.util.FileUtil] Reading file {}:[Ljava.lang.Object;@61a2e5bd
2026-04-29 23:17:17.709 [DBG] [oshi.util.FileUtil] Reading file {}:[Ljava.lang.Object;@58de8791
2026-04-29 23:17:17.709 [DBG] [oshi.util.FileUtil] Reading file {}:[Ljava.lang.Object;@b8c276f
2026-04-29 23:18:17.711 [DBG] [oshi.util.FileUtil] Reading file {}:[Ljava.lang.Object;@3769f5c2
2026-04-29 23:18:17.711 [DBG] [oshi.util.FileUtil] Reading file {}:[Ljava.lang.Object;@44539e88
2026-04-29 23:18:17.711 [DBG] [oshi.util.FileUtil] Reading file {}:[Ljava.lang.Object;@245ab3e2
2026-04-29 23:18:17.711 [DBG] [oshi.util.FileUtil] Reading file {}:[Ljava.lang.Object;@4f3d5b06
2026-04-29 23:18:17.711 [DBG] [oshi.util.FileUtil] Reading file {}:[Ljava.lang.Object;@370260c6
2026-04-29 23:18:17.711 [DBG] [oshi.util.FileUtil] Reading file {}:[Ljava.lang.Object;@6f7d1f70
2026-04-29 23:19:17.713 [DBG] [oshi.util.FileUtil] Reading file {}:[Ljava.lang.Object;@4e011c8c
2026-04-29 23:19:17.714 [DBG] [oshi.util.FileUtil] Reading file {}:[Ljava.lang.Object;@39e59b31
2026-04-29 23:19:17.714 [DBG] [oshi.util.FileUtil] Reading file {}:[Ljava.lang.Object;@267ae27c
2026-04-29 23:19:17.714 [DBG] [oshi.util.FileUtil] Reading file {}:[Ljava.lang.Object;@29039299
2026-04-29 23:19:17.714 [DBG] [oshi.util.FileUtil] Reading file {}:[Ljava.lang.Object;@6fa01e49
2026-04-29 23:19:17.714 [DBG] [oshi.util.FileUtil] Reading file {}:[Ljava.lang.Object;@7a092c9f
2026-04-29 23:20:17.716 [DBG] [oshi.util.FileUtil] Reading file {}:[Ljava.lang.Object;@a5b560e
2026-04-29 23:20:17.716 [DBG] [oshi.util.FileUtil] Reading file {}:[Ljava.lang.Object;@5facedd3
2026-04-29 23:20:17.716 [DBG] [oshi.util.FileUtil] Reading file {}:[Ljava.lang.Object;@84aa279
2026-04-29 23:20:17.716 [DBG] [oshi.util.FileUtil] Reading file {}:[Ljava.lang.Object;@6d79a181
2026-04-29 23:20:17.716 [DBG] [oshi.util.FileUtil] Reading file {}:[Ljava.lang.Object;@3d427106
2026-04-29 23:20:17.716 [DBG] [oshi.util.FileUtil] Reading file {}:[Ljava.lang.Object;@538c108
2026-04-29 23:21:17.719 [DBG] [oshi.util.FileUtil] Reading file {}:[Ljava.lang.Object;@d2a31fb
2026-04-29 23:21:17.719 [DBG] [oshi.util.FileUtil] Reading file {}:[Ljava.lang.Object;@a8ee69c
2026-04-29 23:21:17.719 [DBG] [oshi.util.FileUtil] Reading file {}:[Ljava.lang.Object;@62ad6c7b
2026-04-29 23:21:17.719 [DBG] [oshi.util.FileUtil] Reading file {}:[Ljava.lang.Object;@1fa5ad07
2026-04-29 23:21:17.719 [DBG] [oshi.util.FileUtil] Reading file {}:[Ljava.lang.Object;@435ce2e1
2026-04-29 23:21:17.719 [DBG] [oshi.util.FileUtil] Reading file {}:[Ljava.lang.Object;@3e9b5610
2026-04-29 23:22:17.721 [DBG] [oshi.util.FileUtil] Reading file {}:[Ljava.lang.Object;@a67b9bb
2026-04-29 23:22:17.721 [DBG] [oshi.util.FileUtil] Reading file {}:[Ljava.lang.Object;@55c0f000
2026-04-29 23:22:17.721 [DBG] [oshi.util.FileUtil] Reading file {}:[Ljava.lang.Object;@7aa9b550
2026-04-29 23:22:17.721 [DBG] [oshi.util.FileUtil] Reading file {}:[Ljava.lang.Object;@8221138
2026-04-29 23:22:17.721 [DBG] [oshi.util.FileUtil] Reading file {}:[Ljava.lang.Object;@3f3fcbe6
2026-04-29 23:22:17.721 [DBG] [oshi.util.FileUtil] Reading file {}:[Ljava.lang.Object;@6d2d7cf1
2026-04-29 23:23:17.724 [DBG] [oshi.util.FileUtil] Reading file {}:[Ljava.lang.Object;@3c1b287e
2026-04-29 23:23:17.724 [DBG] [oshi.util.FileUtil] Reading file {}:[Ljava.lang.Object;@25e97e2a
2026-04-29 23:23:17.724 [DBG] [oshi.util.FileUtil] Reading file {}:[Ljava.lang.Object;@751fea94
2026-04-29 23:23:17.724 [DBG] [oshi.util.FileUtil] Reading file {}:[Ljava.lang.Object;@c4f4e6d
2026-04-29 23:23:17.724 [DBG] [oshi.util.FileUtil] Reading file {}:[Ljava.lang.Object;@69f2df42
2026-04-29 23:23:17.724 [DBG] [oshi.util.FileUtil] Reading file {}:[Ljava.lang.Object;@704e478
2026-04-29 23:24:17.727 [DBG] [oshi.util.FileUtil] Reading file {}:[Ljava.lang.Object;@4611e000
2026-04-29 23:24:17.727 [DBG] [oshi.util.FileUtil] Reading file {}:[Ljava.lang.Object;@3a1b3636
2026-04-29 23:24:17.727 [DBG] [oshi.util.FileUtil] Reading file {}:[Ljava.lang.Object;@230d77b1
2026-04-29 23:24:17.727 [DBG] [oshi.util.FileUtil] Reading file {}:[Ljava.lang.Object;@15724610
2026-04-29 23:24:17.727 [DBG] [oshi.util.FileUtil] Reading file {}:[Ljava.lang.Object;@5caab55e
2026-04-29 23:24:17.727 [DBG] [oshi.util.FileUtil] Reading file {}:[Ljava.lang.Object;@3fe3827b
2026-04-29 23:25:17.729 [DBG] [oshi.util.FileUtil] Reading file {}:[Ljava.lang.Object;@2ee70994
2026-04-29 23:25:17.730 [DBG] [oshi.util.FileUtil] Reading file {}:[Ljava.lang.Object;@2b5bc81a
2026-04-29 23:25:17.730 [DBG] [oshi.util.FileUtil] Reading file {}:[Ljava.lang.Object;@6f00a839
2026-04-29 23:25:17.730 [DBG] [oshi.util.FileUtil] Reading file {}:[Ljava.lang.Object;@643f733a
2026-04-29 23:25:17.730 [DBG] [oshi.util.FileUtil] Reading file {}:[Ljava.lang.Object;@72026d80
2026-04-29 23:25:17.730 [DBG] [oshi.util.FileUtil] Reading file {}:[Ljava.lang.Object;@76c60c2
2026-04-29 23:26:17.732 [DBG] [oshi.util.FileUtil] Reading file {}:[Ljava.lang.Object;@5e3a4174
2026-04-29 23:26:17.732 [DBG] [oshi.util.FileUtil] Reading file {}:[Ljava.lang.Object;@6e857c58
2026-04-29 23:26:17.732 [DBG] [oshi.util.FileUtil] Reading file {}:[Ljava.lang.Object;@51f7dac3
2026-04-29 23:26:17.733 [DBG] [oshi.util.FileUtil] Reading file {}:[Ljava.lang.Object;@5a5141d1
2026-04-29 23:26:17.733 [DBG] [oshi.util.FileUtil] Reading file {}:[Ljava.lang.Object;@56ec9a0e
2026-04-29 23:26:17.733 [DBG] [oshi.util.FileUtil] Reading file {}:[Ljava.lang.Object;@13ce5b37
2026-04-29 23:27:17.735 [DBG] [oshi.util.FileUtil] Reading file {}:[Ljava.lang.Object;@53d9bdf4
2026-04-29 23:27:17.735 [DBG] [oshi.util.FileUtil] Reading file {}:[Ljava.lang.Object;@330e1a31
2026-04-29 23:27:17.735 [DBG] [oshi.util.FileUtil] Reading file {}:[Ljava.lang.Object;@42f185f4
2026-04-29 23:27:17.735 [DBG] [oshi.util.FileUtil] Reading file {}:[Ljava.lang.Object;@6e7e8914
2026-04-29 23:27:17.735 [DBG] [oshi.util.FileUtil] Reading file {}:[Ljava.lang.Object;@70d6bf32
2026-04-29 23:27:17.735 [DBG] [oshi.util.FileUtil] Reading file {}:[Ljava.lang.Object;@33cafc8b
2026-04-29 23:28:17.738 [DBG] [oshi.util.FileUtil] Reading file {}:[Ljava.lang.Object;@17cf7ae
2026-04-29 23:28:17.738 [DBG] [oshi.util.FileUtil] Reading file {}:[Ljava.lang.Object;@2ffee213
2026-04-29 23:28:17.738 [DBG] [oshi.util.FileUtil] Reading file {}:[Ljava.lang.Object;@45b9f4b4
2026-04-29 23:28:17.738 [DBG] [oshi.util.FileUtil] Reading file {}:[Ljava.lang.Object;@49b24c98
2026-04-29 23:28:17.738 [DBG] [oshi.util.FileUtil] Reading file {}:[Ljava.lang.Object;@2f951387
2026-04-29 23:28:17.738 [DBG] [oshi.util.FileUtil] Reading file {}:[Ljava.lang.Object;@7723821c
2026-04-29 23:29:17.741 [DBG] [oshi.util.FileUtil] Reading file {}:[Ljava.lang.Object;@532cd097
2026-04-29 23:29:17.741 [DBG] [oshi.util.FileUtil] Reading file {}:[Ljava.lang.Object;@76c7e40e
2026-04-29 23:29:17.741 [DBG] [oshi.util.FileUtil] Reading file {}:[Ljava.lang.Object;@66593c7c
2026-04-29 23:29:17.741 [DBG] [oshi.util.FileUtil] Reading file {}:[Ljava.lang.Object;@312f7db9
2026-04-29 23:29:17.741 [DBG] [oshi.util.FileUtil] Reading file {}:[Ljava.lang.Object;@4b2ab63
2026-04-29 23:29:17.741 [DBG] [oshi.util.FileUtil] Reading file {}:[Ljava.lang.Object;@4d1cc86f
2026-04-29 23:30:17.743 [DBG] [oshi.util.FileUtil] Reading file {}:[Ljava.lang.Object;@54c6b8d5
2026-04-29 23:30:17.743 [DBG] [oshi.util.FileUtil] Reading file {}:[Ljava.lang.Object;@37c90dc4
2026-04-29 23:30:17.743 [DBG] [oshi.util.FileUtil] Reading file {}:[Ljava.lang.Object;@4150d723
2026-04-29 23:30:17.743 [DBG] [oshi.util.FileUtil] Reading file {}:[Ljava.lang.Object;@5eab0829
2026-04-29 23:30:17.743 [DBG] [oshi.util.FileUtil] Reading file {}:[Ljava.lang.Object;@3fca1339
2026-04-29 23:30:17.743 [DBG] [oshi.util.FileUtil] Reading file {}:[Ljava.lang.Object;@40129e29
2026-04-29 23:31:17.746 [DBG] [oshi.util.FileUtil] Reading file {}:[Ljava.lang.Object;@607b508c
2026-04-29 23:31:17.746 [DBG] [oshi.util.FileUtil] Reading file {}:[Ljava.lang.Object;@44641241
2026-04-29 23:31:17.746 [DBG] [oshi.util.FileUtil] Reading file {}:[Ljava.lang.Object;@57cc6708
2026-04-29 23:31:17.746 [DBG] [oshi.util.FileUtil] Reading file {}:[Ljava.lang.Object;@7db95970
2026-04-29 23:31:17.746 [DBG] [oshi.util.FileUtil] Reading file {}:[Ljava.lang.Object;@47fc997b
2026-04-29 23:31:17.746 [DBG] [oshi.util.FileUtil] Reading file {}:[Ljava.lang.Object;@23ee6ddf
2026-04-29 23:32:17.748 [DBG] [oshi.util.FileUtil] Reading file {}:[Ljava.lang.Object;@bef2439
2026-04-29 23:32:17.748 [DBG] [oshi.util.FileUtil] Reading file {}:[Ljava.lang.Object;@73b0ce33
2026-04-29 23:32:17.748 [DBG] [oshi.util.FileUtil] Reading file {}:[Ljava.lang.Object;@4d8d15ae
2026-04-29 23:32:17.748 [DBG] [oshi.util.FileUtil] Reading file {}:[Ljava.lang.Object;@329800
2026-04-29 23:32:17.748 [DBG] [oshi.util.FileUtil] Reading file {}:[Ljava.lang.Object;@728ebad3
2026-04-29 23:32:17.748 [DBG] [oshi.util.FileUtil] Reading file {}:[Ljava.lang.Object;@7ba23e7
2026-04-29 23:33:17.751 [DBG] [oshi.util.FileUtil] Reading file {}:[Ljava.lang.Object;@683604fd
2026-04-29 23:33:17.751 [DBG] [oshi.util.FileUtil] Reading file {}:[Ljava.lang.Object;@443ad10a
2026-04-29 23:33:17.751 [DBG] [oshi.util.FileUtil] Reading file {}:[Ljava.lang.Object;@13cfbf52
2026-04-29 23:33:17.751 [DBG] [oshi.util.FileUtil] Reading file {}:[Ljava.lang.Object;@482c0d3d
2026-04-29 23:33:17.751 [DBG] [oshi.util.FileUtil] Reading file {}:[Ljava.lang.Object;@1065f929
2026-04-29 23:33:17.751 [DBG] [oshi.util.FileUtil] Reading file {}:[Ljava.lang.Object;@2c5c8ae
2026-04-29 23:34:17.753 [DBG] [oshi.util.FileUtil] Reading file {}:[Ljava.lang.Object;@1e436753
2026-04-29 23:34:17.753 [DBG] [oshi.util.FileUtil] Reading file {}:[Ljava.lang.Object;@4889a408
2026-04-29 23:34:17.753 [DBG] [oshi.util.FileUtil] Reading file {}:[Ljava.lang.Object;@31b7b121
2026-04-29 23:34:17.753 [DBG] [oshi.util.FileUtil] Reading file {}:[Ljava.lang.Object;@f81dfd
2026-04-29 23:34:17.754 [DBG] [oshi.util.FileUtil] Reading file {}:[Ljava.lang.Object;@5048b4e
2026-04-29 23:34:17.754 [DBG] [oshi.util.FileUtil] Reading file {}:[Ljava.lang.Object;@28c602
2026-04-29 23:35:17.756 [DBG] [oshi.util.FileUtil] Reading file {}:[Ljava.lang.Object;@46cc3cfb
2026-04-29 23:35:17.756 [DBG] [oshi.util.FileUtil] Reading file {}:[Ljava.lang.Object;@24d31a11
2026-04-29 23:35:17.757 [DBG] [oshi.util.FileUtil] Reading file {}:[Ljava.lang.Object;@2d64f9ea
2026-04-29 23:35:17.757 [DBG] [oshi.util.FileUtil] Reading file {}:[Ljava.lang.Object;@4bda6f10
2026-04-29 23:35:17.757 [DBG] [oshi.util.FileUtil] Reading file {}:[Ljava.lang.Object;@6c56b974
2026-04-29 23:35:17.757 [DBG] [oshi.util.FileUtil] Reading file {}:[Ljava.lang.Object;@50e9257d
2026-04-29 23:36:17.759 [DBG] [oshi.util.FileUtil] Reading file {}:[Ljava.lang.Object;@5a7e855
2026-04-29 23:36:17.759 [DBG] [oshi.util.FileUtil] Reading file {}:[Ljava.lang.Object;@5c64016a
2026-04-29 23:36:17.759 [DBG] [oshi.util.FileUtil] Reading file {}:[Ljava.lang.Object;@5966ec1c
2026-04-29 23:36:17.759 [DBG] [oshi.util.FileUtil] Reading file {}:[Ljava.lang.Object;@4ddf571b
2026-04-29 23:36:17.760 [DBG] [oshi.util.FileUtil] Reading file {}:[Ljava.lang.Object;@7700fbb5
2026-04-29 23:36:17.760 [DBG] [oshi.util.FileUtil] Reading file {}:[Ljava.lang.Object;@b93cb6e
2026-04-29 23:37:17.762 [DBG] [oshi.util.FileUtil] Reading file {}:[Ljava.lang.Object;@3792fdfa
2026-04-29 23:37:17.762 [DBG] [oshi.util.FileUtil] Reading file {}:[Ljava.lang.Object;@45574000
2026-04-29 23:37:17.762 [DBG] [oshi.util.FileUtil] Reading file {}:[Ljava.lang.Object;@d6a23bb
2026-04-29 23:37:17.763 [DBG] [oshi.util.FileUtil] Reading file {}:[Ljava.lang.Object;@27b4b07d
2026-04-29 23:37:17.763 [DBG] [oshi.util.FileUtil] Reading file {}:[Ljava.lang.Object;@7e9e45c
2026-04-29 23:37:17.763 [DBG] [oshi.util.FileUtil] Reading file {}:[Ljava.lang.Object;@78c1f3e1
2026-04-29 23:38:17.765 [DBG] [oshi.util.FileUtil] Reading file {}:[Ljava.lang.Object;@17f7d778
2026-04-29 23:38:17.766 [DBG] [oshi.util.FileUtil] Reading file {}:[Ljava.lang.Object;@563e850
2026-04-29 23:38:17.766 [DBG] [oshi.util.FileUtil] Reading file {}:[Ljava.lang.Object;@733e0c8f
2026-04-29 23:38:17.766 [DBG] [oshi.util.FileUtil] Reading file {}:[Ljava.lang.Object;@3347c5be
2026-04-29 23:38:17.766 [DBG] [oshi.util.FileUtil] Reading file {}:[Ljava.lang.Object;@1aa288b9
2026-04-29 23:38:17.766 [DBG] [oshi.util.FileUtil] Reading file {}:[Ljava.lang.Object;@99c2d5
2026-04-29 23:39:17.768 [DBG] [oshi.util.FileUtil] Reading file {}:[Ljava.lang.Object;@42c2dbeb
2026-04-29 23:39:17.768 [DBG] [oshi.util.FileUtil] Reading file {}:[Ljava.lang.Object;@2d2536b7
2026-04-29 23:39:17.768 [DBG] [oshi.util.FileUtil] Reading file {}:[Ljava.lang.Object;@174b440a
2026-04-29 23:39:17.768 [DBG] [oshi.util.FileUtil] Reading file {}:[Ljava.lang.Object;@63034b28
2026-04-29 23:39:17.769 [DBG] [oshi.util.FileUtil] Reading file {}:[Ljava.lang.Object;@374ad920
2026-04-29 23:39:17.769 [DBG] [oshi.util.FileUtil] Reading file {}:[Ljava.lang.Object;@335ec1f0
2026-04-29 23:40:17.771 [DBG] [oshi.util.FileUtil] Reading file {}:[Ljava.lang.Object;@5c7cef1d
2026-04-29 23:40:17.771 [DBG] [oshi.util.FileUtil] Reading file {}:[Ljava.lang.Object;@42875b36
2026-04-29 23:40:17.771 [DBG] [oshi.util.FileUtil] Reading file {}:[Ljava.lang.Object;@11801131
2026-04-29 23:40:17.771 [DBG] [oshi.util.FileUtil] Reading file {}:[Ljava.lang.Object;@65a6a76c
2026-04-29 23:40:17.772 [DBG] [oshi.util.FileUtil] Reading file {}:[Ljava.lang.Object;@5e99a8c2
2026-04-29 23:40:17.772 [DBG] [oshi.util.FileUtil] Reading file {}:[Ljava.lang.Object;@263f16cc
2026-04-29 23:41:17.774 [DBG] [oshi.util.FileUtil] Reading file {}:[Ljava.lang.Object;@4fc26689
2026-04-29 23:41:17.774 [DBG] [oshi.util.FileUtil] Reading file {}:[Ljava.lang.Object;@72308051
2026-04-29 23:41:17.774 [DBG] [oshi.util.FileUtil] Reading file {}:[Ljava.lang.Object;@336dd870
2026-04-29 23:41:17.774 [DBG] [oshi.util.FileUtil] Reading file {}:[Ljava.lang.Object;@7682b452
2026-04-29 23:41:17.774 [DBG] [oshi.util.FileUtil] Reading file {}:[Ljava.lang.Object;@2aa86225
2026-04-29 23:41:17.774 [DBG] [oshi.util.FileUtil] Reading file {}:[Ljava.lang.Object;@5c6c4d29
2026-04-29 23:42:17.777 [DBG] [oshi.util.FileUtil] Reading file {}:[Ljava.lang.Object;@3da16438
2026-04-29 23:42:17.777 [DBG] [oshi.util.FileUtil] Reading file {}:[Ljava.lang.Object;@25f50393
2026-04-29 23:42:17.777 [DBG] [oshi.util.FileUtil] Reading file {}:[Ljava.lang.Object;@3247fc42
2026-04-29 23:42:17.777 [DBG] [oshi.util.FileUtil] Reading file {}:[Ljava.lang.Object;@2e53e2c3
2026-04-29 23:42:17.777 [DBG] [oshi.util.FileUtil] Reading file {}:[Ljava.lang.Object;@1865c395
2026-04-29 23:42:17.777 [DBG] [oshi.util.FileUtil] Reading file {}:[Ljava.lang.Object;@1501a291
2026-04-29 23:43:17.780 [DBG] [oshi.util.FileUtil] Reading file {}:[Ljava.lang.Object;@44b3fd39
2026-04-29 23:43:17.780 [DBG] [oshi.util.FileUtil] Reading file {}:[Ljava.lang.Object;@1f7063da
2026-04-29 23:43:17.780 [DBG] [oshi.util.FileUtil] Reading file {}:[Ljava.lang.Object;@5960e2dc
2026-04-29 23:43:17.780 [DBG] [oshi.util.FileUtil] Reading file {}:[Ljava.lang.Object;@79d93512
2026-04-29 23:43:17.780 [DBG] [oshi.util.FileUtil] Reading file {}:[Ljava.lang.Object;@22d84525
2026-04-29 23:43:17.780 [DBG] [oshi.util.FileUtil] Reading file {}:[Ljava.lang.Object;@3e2a8c17
2026-04-29 23:44:17.782 [DBG] [oshi.util.FileUtil] Reading file {}:[Ljava.lang.Object;@42585cc7
2026-04-29 23:44:17.782 [DBG] [oshi.util.FileUtil] Reading file {}:[Ljava.lang.Object;@189b5d14
2026-04-29 23:44:17.782 [DBG] [oshi.util.FileUtil] Reading file {}:[Ljava.lang.Object;@1ac18aea
2026-04-29 23:44:17.782 [DBG] [oshi.util.FileUtil] Reading file {}:[Ljava.lang.Object;@69ebcc84
2026-04-29 23:44:17.783 [DBG] [oshi.util.FileUtil] Reading file {}:[Ljava.lang.Object;@69d50b1a
2026-04-29 23:44:17.783 [DBG] [oshi.util.FileUtil] Reading file {}:[Ljava.lang.Object;@2be488c9
2026-04-29 23:45:17.785 [DBG] [oshi.util.FileUtil] Reading file {}:[Ljava.lang.Object;@d760d1a
2026-04-29 23:45:17.785 [DBG] [oshi.util.FileUtil] Reading file {}:[Ljava.lang.Object;@587c133a
2026-04-29 23:45:17.785 [DBG] [oshi.util.FileUtil] Reading file {}:[Ljava.lang.Object;@3989fabb
2026-04-29 23:45:17.786 [DBG] [oshi.util.FileUtil] Reading file {}:[Ljava.lang.Object;@592e0ee
2026-04-29 23:45:17.786 [DBG] [oshi.util.FileUtil] Reading file {}:[Ljava.lang.Object;@38b1239b
2026-04-29 23:45:17.786 [DBG] [oshi.util.FileUtil] Reading file {}:[Ljava.lang.Object;@ec0274
2026-04-29 23:46:17.788 [DBG] [oshi.util.FileUtil] Reading file {}:[Ljava.lang.Object;@5cb82fe0
2026-04-29 23:46:17.789 [DBG] [oshi.util.FileUtil] Reading file {}:[Ljava.lang.Object;@11cb7d70
2026-04-29 23:46:17.789 [DBG] [oshi.util.FileUtil] Reading file {}:[Ljava.lang.Object;@30ed45c5
2026-04-29 23:46:17.789 [DBG] [oshi.util.FileUtil] Reading file {}:[Ljava.lang.Object;@2b5ea311
2026-04-29 23:46:17.789 [DBG] [oshi.util.FileUtil] Reading file {}:[Ljava.lang.Object;@36044eb5
2026-04-29 23:46:17.789 [DBG] [oshi.util.FileUtil] Reading file {}:[Ljava.lang.Object;@7c6e85f8
2026-04-29 23:47:17.792 [DBG] [oshi.util.FileUtil] Reading file {}:[Ljava.lang.Object;@4a35b543
2026-04-29 23:47:17.792 [DBG] [oshi.util.FileUtil] Reading file {}:[Ljava.lang.Object;@29f7ad3d
2026-04-29 23:47:17.792 [DBG] [oshi.util.FileUtil] Reading file {}:[Ljava.lang.Object;@6934739
2026-04-29 23:47:17.792 [DBG] [oshi.util.FileUtil] Reading file {}:[Ljava.lang.Object;@4753dddb
2026-04-29 23:47:17.792 [DBG] [oshi.util.FileUtil] Reading file {}:[Ljava.lang.Object;@20abf7df
2026-04-29 23:47:17.792 [DBG] [oshi.util.FileUtil] Reading file {}:[Ljava.lang.Object;@342138b2
2026-04-29 23:48:17.795 [DBG] [oshi.util.FileUtil] Reading file {}:[Ljava.lang.Object;@4b49d96d
2026-04-29 23:48:17.795 [DBG] [oshi.util.FileUtil] Reading file {}:[Ljava.lang.Object;@2848254f
2026-04-29 23:48:17.795 [DBG] [oshi.util.FileUtil] Reading file {}:[Ljava.lang.Object;@274ea366
2026-04-29 23:48:17.795 [DBG] [oshi.util.FileUtil] Reading file {}:[Ljava.lang.Object;@3c7d9c32
2026-04-29 23:48:17.795 [DBG] [oshi.util.FileUtil] Reading file {}:[Ljava.lang.Object;@39fab861
2026-04-29 23:48:17.795 [DBG] [oshi.util.FileUtil] Reading file {}:[Ljava.lang.Object;@50f1904c
2026-04-29 23:49:17.798 [DBG] [oshi.util.FileUtil] Reading file {}:[Ljava.lang.Object;@520ddbe5
2026-04-29 23:49:17.798 [DBG] [oshi.util.FileUtil] Reading file {}:[Ljava.lang.Object;@23b3fae
2026-04-29 23:49:17.798 [DBG] [oshi.util.FileUtil] Reading file {}:[Ljava.lang.Object;@5cc80329
2026-04-29 23:49:17.798 [DBG] [oshi.util.FileUtil] Reading file {}:[Ljava.lang.Object;@2281f6c2
2026-04-29 23:49:17.798 [DBG] [oshi.util.FileUtil] Reading file {}:[Ljava.lang.Object;@1eefc384
2026-04-29 23:49:17.798 [DBG] [oshi.util.FileUtil] Reading file {}:[Ljava.lang.Object;@457249b8
2026-04-29 23:50:17.800 [DBG] [oshi.util.FileUtil] Reading file {}:[Ljava.lang.Object;@52db4cd1
2026-04-29 23:50:17.800 [DBG] [oshi.util.FileUtil] Reading file {}:[Ljava.lang.Object;@1975deb8
2026-04-29 23:50:17.801 [DBG] [oshi.util.FileUtil] Reading file {}:[Ljava.lang.Object;@398517fe
2026-04-29 23:50:17.801 [DBG] [oshi.util.FileUtil] Reading file {}:[Ljava.lang.Object;@4a3c3a0a
2026-04-29 23:50:17.801 [DBG] [oshi.util.FileUtil] Reading file {}:[Ljava.lang.Object;@42895a58
2026-04-29 23:50:17.801 [DBG] [oshi.util.FileUtil] Reading file {}:[Ljava.lang.Object;@75bedcaf
2026-04-29 23:51:17.803 [DBG] [oshi.util.FileUtil] Reading file {}:[Ljava.lang.Object;@16ea48a4
2026-04-29 23:51:17.803 [DBG] [oshi.util.FileUtil] Reading file {}:[Ljava.lang.Object;@3e82db85
2026-04-29 23:51:17.803 [DBG] [oshi.util.FileUtil] Reading file {}:[Ljava.lang.Object;@6677462f
2026-04-29 23:51:17.803 [DBG] [oshi.util.FileUtil] Reading file {}:[Ljava.lang.Object;@58bcf31
2026-04-29 23:51:17.803 [DBG] [oshi.util.FileUtil] Reading file {}:[Ljava.lang.Object;@4160084c
2026-04-29 23:51:17.803 [DBG] [oshi.util.FileUtil] Reading file {}:[Ljava.lang.Object;@6996ad16
2026-04-29 23:52:17.805 [DBG] [oshi.util.FileUtil] Reading file {}:[Ljava.lang.Object;@493b674b
2026-04-29 23:52:17.806 [DBG] [oshi.util.FileUtil] Reading file {}:[Ljava.lang.Object;@6c77a6b6
2026-04-29 23:52:17.806 [DBG] [oshi.util.FileUtil] Reading file {}:[Ljava.lang.Object;@2ae05ba2
2026-04-29 23:52:17.806 [DBG] [oshi.util.FileUtil] Reading file {}:[Ljava.lang.Object;@1a85220e
2026-04-29 23:52:17.806 [DBG] [oshi.util.FileUtil] Reading file {}:[Ljava.lang.Object;@8960f2a
2026-04-29 23:52:17.806 [DBG] [oshi.util.FileUtil] Reading file {}:[Ljava.lang.Object;@59054a98
2026-04-29 23:53:17.808 [DBG] [oshi.util.FileUtil] Reading file {}:[Ljava.lang.Object;@3336ee74
2026-04-29 23:53:17.808 [DBG] [oshi.util.FileUtil] Reading file {}:[Ljava.lang.Object;@39225867
2026-04-29 23:53:17.808 [DBG] [oshi.util.FileUtil] Reading file {}:[Ljava.lang.Object;@76026bbc
2026-04-29 23:53:17.808 [DBG] [oshi.util.FileUtil] Reading file {}:[Ljava.lang.Object;@4a9c959f
2026-04-29 23:53:17.808 [DBG] [oshi.util.FileUtil] Reading file {}:[Ljava.lang.Object;@4edd97f6
2026-04-29 23:53:17.808 [DBG] [oshi.util.FileUtil] Reading file {}:[Ljava.lang.Object;@65171f2a
2026-04-29 23:53:29,947 [9915104] SEVERE - sun.awt.wl.WLToolkit - Wayland protocol I/O error
ERROR: Thread context was already set: InstalledThreadContext(snapshot=null, context=EmptyCoroutineContext). 
 Most likely, you are using 'runBlocking' instead of 'runBlockingCancellable' somewhere in the asynchronous stack. 
Also, if you have any kind of manual event queue draining/pumping/flushing/etc 
you have to wrap the loop with `resetThreadContext().use { // your queue draining code }`. 
See usages of resetThreadContext().
java.lang.Throwable: Thread context was already set: InstalledThreadContext(snapshot=null, context=EmptyCoroutineContext). 
 Most likely, you are using 'runBlocking' instead of 'runBlockingCancellable' somewhere in the asynchronous stack. 
Also, if you have any kind of manual event queue draining/pumping/flushing/etc 
you have to wrap the loop with `resetThreadContext().use { // your queue draining code }`. 
See usages of resetThreadContext().
	at com.intellij.concurrency.ThreadContext.installThreadContext$lambda$1(threadContext.kt:321)
	at com.intellij.concurrency.ThreadContext.withThreadLocal(threadContext.kt:409)
	at com.intellij.concurrency.ThreadContext.installThreadContext(threadContext.kt:317)
	at com.intellij.concurrency.ThreadContext.installThreadContext(threadContext.kt:304)
	at com.intellij.concurrency.ThreadContext.installThreadContext$default(threadContext.kt:303)
	at com.intellij.openapi.wm.impl.WindowCloseListener.windowClosing(ProjectFrameHelper.kt:671)
	at java.desktop/java.awt.AWTEventMulticaster.windowClosing(AWTEventMulticaster.java:359)
	at java.desktop/java.awt.AWTEventMulticaster.windowClosing(AWTEventMulticaster.java:359)
	at java.desktop/java.awt.AWTEventMulticaster.windowClosing(AWTEventMulticaster.java:359)
	at java.desktop/java.awt.Window.processWindowEvent(Window.java:2037)
	at java.desktop/javax.swing.JFrame.processWindowEvent(JFrame.java:298)
	at java.desktop/java.awt.Window.processEvent(Window.java:1996)
	at java.desktop/java.awt.Component.dispatchEventImpl(Component.java:5008)
	at java.desktop/java.awt.Container.dispatchEventImpl(Container.java:2318)
	at java.desktop/java.awt.Window.dispatchEventImpl(Window.java:2713)
	at java.desktop/java.awt.Component.dispatchEvent(Component.java:4836)
	at java.desktop/sun.awt.wl.WLToolkit.lambda$shutDownAfterServerError$1(WLToolkit.java:342)
	at java.base/java.util.Arrays$ArrayList.forEach(Arrays.java:4264)
	at java.desktop/sun.awt.wl.WLToolkit.lambda$shutDownAfterServerError$0(WLToolkit.java:342)
	at com.intellij.util.concurrency.ChildContext$runInChildContext$1.invoke(propagation.kt:192)
	at com.intellij.util.concurrency.ChildContext$runInChildContext$1.invoke(propagation.kt:192)
	at com.intellij.util.concurrency.ChildContext.runInChildContext(propagation.kt:198)
	at com.intellij.util.concurrency.ChildContext.runInChildContext(propagation.kt:192)
	at com.intellij.util.concurrency.ContextRunnable.lambda$run$0(ContextRunnable.java:26)
	at com.intellij.concurrency.ThreadContext.resetThreadContext(threadContext.kt:294)
	at com.intellij.util.concurrency.ContextRunnable.run(ContextRunnable.java:25)
	at java.desktop/java.awt.event.InvocationEvent.dispatch(InvocationEvent.java:323)
	at java.desktop/java.awt.EventQueue.dispatchEventImpl(EventQueue.java:732)
	at java.desktop/java.awt.EventQueue.dispatchEvent(EventQueue.java:711)
	at com.intellij.ide.IdeEventQueue.defaultDispatchEvent(IdeEventQueue.kt:720)
	at com.intellij.ide.IdeEventQueue._dispatchEvent(IdeEventQueue.kt:573)
	at com.intellij.ide.IdeEventQueue.dispatchEvent$lambda$0$0$0$0(IdeEventQueue.kt:381)
	at com.intellij.openapi.progress.impl.CoreProgressManager.computePrioritized(CoreProgressManager.java:928)
	at com.intellij.ide.IdeEventQueue.dispatchEvent$lambda$0$0$0(IdeEventQueue.kt:380)
	at com.intellij.ide.IdeEventQueueKt.performActivity$lambda$0(IdeEventQueue.kt:1110)
	at com.intellij.openapi.application.TransactionGuardImpl.performActivity(TransactionGuardImpl.java:106)
	at com.intellij.ide.IdeEventQueueKt.performActivity(IdeEventQueue.kt:1110)
	at com.intellij.ide.IdeEventQueue.dispatchEvent$lambda$0(IdeEventQueue.kt:375)
	at com.intellij.ide.IdeEventQueue.dispatchEvent(IdeEventQueue.kt:415)
	at java.desktop/java.awt.EventDispatchThread.pumpOneEventForFilters(EventDispatchThread.java:207)
	at java.desktop/java.awt.EventDispatchThread.pumpEventsForFilter(EventDispatchThread.java:128)
	at java.desktop/java.awt.EventDispatchThread.pumpEventsForHierarchy(EventDispatchThread.java:117)
	at java.desktop/java.awt.EventDispatchThread.pumpEvents(EventDispatchThread.java:113)
	at java.desktop/java.awt.EventDispatchThread.pumpEvents(EventDispatchThread.java:105)
	at java.desktop/java.awt.EventDispatchThread.run(EventDispatchThread.java:92)
	Suppressed: java.lang.Throwable: To enable stack trace recording set log category '#com.intellij.concurrency' to 'trace'
		at com.intellij.concurrency.ThreadContext.tracingHint(threadContext.kt:517)
		at com.intellij.concurrency.ThreadContext.installThreadContext$lambda$1(threadContext.kt:326)
		... 44 more
2026-04-29 23:53:29,954 [9915111] SEVERE - #c.i.i.p.PluginManager - Thread context was already set: InstalledThreadContext(snapshot=null, context=EmptyCoroutineContext). 
 Most likely, you are using 'runBlocking' instead of 'runBlockingCancellable' somewhere in the asynchronous stack. 
Also, if you have any kind of manual event queue draining/pumping/flushing/etc 
you have to wrap the loop with `resetThreadContext().use { // your queue draining code }`. 
See usages of resetThreadContext().
java.lang.AssertionError: Thread context was already set: InstalledThreadContext(snapshot=null, context=EmptyCoroutineContext). 
 Most likely, you are using 'runBlocking' instead of 'runBlockingCancellable' somewhere in the asynchronous stack. 
Also, if you have any kind of manual event queue draining/pumping/flushing/etc 
you have to wrap the loop with `resetThreadContext().use { // your queue draining code }`. 
See usages of resetThreadContext().
	at com.intellij.openapi.diagnostic.DefaultLogger.error(DefaultLogger.java:91)
	at com.intellij.openapi.diagnostic.Logger.error(Logger.java:439)
	at com.intellij.concurrency.ThreadContext.installThreadContext$lambda$1(threadContext.kt:321)
	at com.intellij.concurrency.ThreadContext.withThreadLocal(threadContext.kt:409)
	at com.intellij.concurrency.ThreadContext.installThreadContext(threadContext.kt:317)
	at com.intellij.concurrency.ThreadContext.installThreadContext(threadContext.kt:304)
	at com.intellij.concurrency.ThreadContext.installThreadContext$default(threadContext.kt:303)
	at com.intellij.openapi.wm.impl.WindowCloseListener.windowClosing(ProjectFrameHelper.kt:671)
	at java.desktop/java.awt.AWTEventMulticaster.windowClosing(AWTEventMulticaster.java:359)
	at java.desktop/java.awt.AWTEventMulticaster.windowClosing(AWTEventMulticaster.java:359)
	at java.desktop/java.awt.AWTEventMulticaster.windowClosing(AWTEventMulticaster.java:359)
	at java.desktop/java.awt.Window.processWindowEvent(Window.java:2037)
	at java.desktop/javax.swing.JFrame.processWindowEvent(JFrame.java:298)
	at java.desktop/java.awt.Window.processEvent(Window.java:1996)
	at java.desktop/java.awt.Component.dispatchEventImpl(Component.java:5008)
	at java.desktop/java.awt.Container.dispatchEventImpl(Container.java:2318)
	at java.desktop/java.awt.Window.dispatchEventImpl(Window.java:2713)
	at java.desktop/java.awt.Component.dispatchEvent(Component.java:4836)
	at java.desktop/sun.awt.wl.WLToolkit.lambda$shutDownAfterServerError$1(WLToolkit.java:342)
	at java.base/java.util.Arrays$ArrayList.forEach(Arrays.java:4264)
	at java.desktop/sun.awt.wl.WLToolkit.lambda$shutDownAfterServerError$0(WLToolkit.java:342)
	at com.intellij.util.concurrency.ChildContext$runInChildContext$1.invoke(propagation.kt:192)
	at com.intellij.util.concurrency.ChildContext$runInChildContext$1.invoke(propagation.kt:192)
	at com.intellij.util.concurrency.ChildContext.runInChildContext(propagation.kt:198)
	at com.intellij.util.concurrency.ChildContext.runInChildContext(propagation.kt:192)
	at com.intellij.util.concurrency.ContextRunnable.lambda$run$0(ContextRunnable.java:26)
	at com.intellij.concurrency.ThreadContext.resetThreadContext(threadContext.kt:294)
	at com.intellij.util.concurrency.ContextRunnable.run(ContextRunnable.java:25)
	at java.desktop/java.awt.event.InvocationEvent.dispatch(InvocationEvent.java:323)
	at java.desktop/java.awt.EventQueue.dispatchEventImpl(EventQueue.java:732)
	at java.desktop/java.awt.EventQueue.dispatchEvent(EventQueue.java:711)
	at com.intellij.ide.IdeEventQueue.defaultDispatchEvent(IdeEventQueue.kt:720)
	at com.intellij.ide.IdeEventQueue._dispatchEvent(IdeEventQueue.kt:573)
	at com.intellij.ide.IdeEventQueue.dispatchEvent$lambda$0$0$0$0(IdeEventQueue.kt:381)
	at com.intellij.openapi.progress.impl.CoreProgressManager.computePrioritized(CoreProgressManager.java:928)
	at com.intellij.ide.IdeEventQueue.dispatchEvent$lambda$0$0$0(IdeEventQueue.kt:380)
	at com.intellij.ide.IdeEventQueueKt.performActivity$lambda$0(IdeEventQueue.kt:1110)
	at com.intellij.openapi.application.TransactionGuardImpl.performActivity(TransactionGuardImpl.java:106)
	at com.intellij.ide.IdeEventQueueKt.performActivity(IdeEventQueue.kt:1110)
	at com.intellij.ide.IdeEventQueue.dispatchEvent$lambda$0(IdeEventQueue.kt:375)
	at com.intellij.ide.IdeEventQueue.dispatchEvent(IdeEventQueue.kt:415)
	at java.desktop/java.awt.EventDispatchThread.pumpOneEventForFilters(EventDispatchThread.java:207)
	at java.desktop/java.awt.EventDispatchThread.pumpEventsForFilter(EventDispatchThread.java:128)
	at java.desktop/java.awt.EventDispatchThread.pumpEventsForHierarchy(EventDispatchThread.java:117)
	at java.desktop/java.awt.EventDispatchThread.pumpEvents(EventDispatchThread.java:113)
	at java.desktop/java.awt.EventDispatchThread.pumpEvents(EventDispatchThread.java:105)
	at java.desktop/java.awt.EventDispatchThread.run(EventDispatchThread.java:92)
Caused by: java.lang.Throwable: Thread context was already set: InstalledThreadContext(snapshot=null, context=EmptyCoroutineContext). 
 Most likely, you are using 'runBlocking' instead of 'runBlockingCancellable' somewhere in the asynchronous stack. 
Also, if you have any kind of manual event queue draining/pumping/flushing/etc 
you have to wrap the loop with `resetThreadContext().use { // your queue draining code }`. 
See usages of resetThreadContext().
	... 45 more
	Suppressed: java.lang.Throwable: To enable stack trace recording set log category '#com.intellij.concurrency' to 'trace'
		at com.intellij.concurrency.ThreadContext.tracingHint(threadContext.kt:517)
		at com.intellij.concurrency.ThreadContext.installThreadContext$lambda$1(threadContext.kt:326)
		... 44 more
2026-04-29 23:53:29,956 [9915113] SEVERE - #c.i.i.p.PluginManager - IntelliJ IDEA 2026.1  Build #IU-261.22158.277
2026-04-29 23:53:29,956 [9915113] SEVERE - #c.i.i.p.PluginManager - JDK: 25.0.2; VM: OpenJDK 64-Bit Server VM; Vendor: JetBrains s.r.o.
2026-04-29 23:53:29,956 [9915113] SEVERE - #c.i.i.p.PluginManager - OS: Linux
2026-04-29 23:53:29,956 [9915113] SEVERE - #c.i.i.p.PluginManager - Last Action: GotoDeclaration
2026-04-29 23:53:29,961 [9915118] SEVERE - #c.i.o.a.i.ExceptionsKt - Unhandled exception in EDT
com.intellij.openapi.diagnostic.UnhandledException: Thread context was already set: InstalledThreadContext(snapshot=null, context=EmptyCoroutineContext). 
 Most likely, you are using 'runBlocking' instead of 'runBlockingCancellable' somewhere in the asynchronous stack. 
Also, if you have any kind of manual event queue draining/pumping/flushing/etc 
you have to wrap the loop with `resetThreadContext().use { // your queue draining code }`. 
See usages of resetThreadContext().
	at com.intellij.openapi.application.impl.ExceptionsKt.processUnhandledException(exceptions.kt:55)
	at com.intellij.platform.ide.bootstrap.StartupErrorReporter.processException(StartupErrorReporter.java:338)
	at com.intellij.ide.IdeEventQueue.processException(IdeEventQueue.kt:465)
	at com.intellij.ide.IdeEventQueue.defaultDispatchEvent(IdeEventQueue.kt:727)
	at com.intellij.ide.IdeEventQueue._dispatchEvent(IdeEventQueue.kt:573)
	at com.intellij.ide.IdeEventQueue.dispatchEvent$lambda$0$0$0$0(IdeEventQueue.kt:381)
	at com.intellij.openapi.progress.impl.CoreProgressManager.computePrioritized(CoreProgressManager.java:928)
	at com.intellij.ide.IdeEventQueue.dispatchEvent$lambda$0$0$0(IdeEventQueue.kt:380)
	at com.intellij.ide.IdeEventQueueKt.performActivity$lambda$0(IdeEventQueue.kt:1110)
	at com.intellij.openapi.application.TransactionGuardImpl.performActivity(TransactionGuardImpl.java:106)
	at com.intellij.ide.IdeEventQueueKt.performActivity(IdeEventQueue.kt:1110)
	at com.intellij.ide.IdeEventQueue.dispatchEvent$lambda$0(IdeEventQueue.kt:375)
	at com.intellij.ide.IdeEventQueue.dispatchEvent(IdeEventQueue.kt:415)
	at java.desktop/java.awt.EventDispatchThread.pumpOneEventForFilters(EventDispatchThread.java:207)
	at java.desktop/java.awt.EventDispatchThread.pumpEventsForFilter(EventDispatchThread.java:128)
	at java.desktop/java.awt.EventDispatchThread.pumpEventsForHierarchy(EventDispatchThread.java:117)
	at java.desktop/java.awt.EventDispatchThread.pumpEvents(EventDispatchThread.java:113)
	at java.desktop/java.awt.EventDispatchThread.pumpEvents(EventDispatchThread.java:105)
	at java.desktop/java.awt.EventDispatchThread.run(EventDispatchThread.java:92)
Caused by: java.lang.AssertionError: Thread context was already set: InstalledThreadContext(snapshot=null, context=EmptyCoroutineContext). 
 Most likely, you are using 'runBlocking' instead of 'runBlockingCancellable' somewhere in the asynchronous stack. 
Also, if you have any kind of manual event queue draining/pumping/flushing/etc 
you have to wrap the loop with `resetThreadContext().use { // your queue draining code }`. 
See usages of resetThreadContext().
	at com.intellij.openapi.diagnostic.DefaultLogger.error(DefaultLogger.java:91)
	at com.intellij.openapi.diagnostic.Logger.error(Logger.java:439)
	at com.intellij.concurrency.ThreadContext.installThreadContext$lambda$1(threadContext.kt:321)
	at com.intellij.concurrency.ThreadContext.withThreadLocal(threadContext.kt:409)
	at com.intellij.concurrency.ThreadContext.installThreadContext(threadContext.kt:317)
	at com.intellij.concurrency.ThreadContext.installThreadContext(threadContext.kt:304)
	at com.intellij.concurrency.ThreadContext.installThreadContext$default(threadContext.kt:303)
	at com.intellij.openapi.wm.impl.WindowCloseListener.windowClosing(ProjectFrameHelper.kt:671)
	at java.desktop/java.awt.AWTEventMulticaster.windowClosing(AWTEventMulticaster.java:359)
	at java.desktop/java.awt.AWTEventMulticaster.windowClosing(AWTEventMulticaster.java:359)
	at java.desktop/java.awt.AWTEventMulticaster.windowClosing(AWTEventMulticaster.java:359)
	at java.desktop/java.awt.Window.processWindowEvent(Window.java:2037)
	at java.desktop/javax.swing.JFrame.processWindowEvent(JFrame.java:298)
	at java.desktop/java.awt.Window.processEvent(Window.java:1996)
	at java.desktop/java.awt.Component.dispatchEventImpl(Component.java:5008)
	at java.desktop/java.awt.Container.dispatchEventImpl(Container.java:2318)
	at java.desktop/java.awt.Window.dispatchEventImpl(Window.java:2713)
	at java.desktop/java.awt.Component.dispatchEvent(Component.java:4836)
	at java.desktop/sun.awt.wl.WLToolkit.lambda$shutDownAfterServerError$1(WLToolkit.java:342)
	at java.base/java.util.Arrays$ArrayList.forEach(Arrays.java:4264)
	at java.desktop/sun.awt.wl.WLToolkit.lambda$shutDownAfterServerError$0(WLToolkit.java:342)
	at com.intellij.util.concurrency.ChildContext$runInChildContext$1.invoke(propagation.kt:192)
	at com.intellij.util.concurrency.ChildContext$runInChildContext$1.invoke(propagation.kt:192)
	at com.intellij.util.concurrency.ChildContext.runInChildContext(propagation.kt:198)
	at com.intellij.util.concurrency.ChildContext.runInChildContext(propagation.kt:192)
	at com.intellij.util.concurrency.ContextRunnable.lambda$run$0(ContextRunnable.java:26)
	at com.intellij.concurrency.ThreadContext.resetThreadContext(threadContext.kt:294)
	at com.intellij.util.concurrency.ContextRunnable.run(ContextRunnable.java:25)
	at java.desktop/java.awt.event.InvocationEvent.dispatch(InvocationEvent.java:323)
	at java.desktop/java.awt.EventQueue.dispatchEventImpl(EventQueue.java:732)
	at java.desktop/java.awt.EventQueue.dispatchEvent(EventQueue.java:711)
	at com.intellij.ide.IdeEventQueue.defaultDispatchEvent(IdeEventQueue.kt:720)
	... 15 more
Caused by: java.lang.Throwable: Thread context was already set: InstalledThreadContext(snapshot=null, context=EmptyCoroutineContext). 
 Most likely, you are using 'runBlocking' instead of 'runBlockingCancellable' somewhere in the asynchronous stack. 
Also, if you have any kind of manual event queue draining/pumping/flushing/etc 
you have to wrap the loop with `resetThreadContext().use { // your queue draining code }`. 
See usages of resetThreadContext().
	... 45 more
	Suppressed: java.lang.Throwable: To enable stack trace recording set log category '#com.intellij.concurrency' to 'trace'
		at com.intellij.concurrency.ThreadContext.tracingHint(threadContext.kt:517)
		at com.intellij.concurrency.ThreadContext.installThreadContext$lambda$1(threadContext.kt:326)
		... 44 more
2026-04-29 23:53:29,962 [9915119] SEVERE - #c.i.o.a.i.ExceptionsKt - IntelliJ IDEA 2026.1  Build #IU-261.22158.277
2026-04-29 23:53:29,962 [9915119] SEVERE - #c.i.o.a.i.ExceptionsKt - JDK: 25.0.2; VM: OpenJDK 64-Bit Server VM; Vendor: JetBrains s.r.o.
2026-04-29 23:53:29,962 [9915119] SEVERE - #c.i.o.a.i.ExceptionsKt - OS: Linux
2026-04-29 23:53:29,963 [9915120] SEVERE - #c.i.o.a.i.ExceptionsKt - Last Action: GotoDeclaration
2026-04-30 14:07:00,423 [    646]   WARN - #c.i.i.p.PluginManager - Problems found loading plugins:
  Plugin 'Refactor-X' (Refactor-X) has dependency on 'JetBrains Ultimate' which cannot be loaded
  Plugin 'Cron Expressions' (com.intellij.cron) has dependency on 'JetBrains Ultimate' which cannot be loaded
  Plugin 'Apache Velocity' (com.intellij.velocity) has dependency on 'JetBrains Ultimate' which cannot be loaded
  Plugin 'FTP/SFTP/WebDAV Connectivity' (com.jetbrains.plugins.webDeployment) has dependency on 'JetBrains Ultimate' which cannot be loaded
  Plugin 'SSH Remote Run' (org.jetbrains.plugins.remote-run) has dependency on 'JetBrains Ultimate' which cannot be loaded
  Plugin 'In-Editor Performance Hints' (com.intellij.LineProfiler) requires plugin with id=com.intellij.modules.ultimate to be enabled
  Plugin 'Spring Messaging' (com.intellij.spring.messaging) has dependency on 'JetBrains Ultimate' which cannot be loaded
  Plugin 'Spring Modulith' (com.intellij.spring.modulith) has dependency on 'JetBrains Ultimate' which cannot be loaded
  Plugin 'Spring Cloud' (com.intellij.spring.cloud) has dependency on 'JetBrains Ultimate' which cannot be loaded
  Plugin 'Spring Security' (com.intellij.spring.security) has dependency on 'JetBrains Ultimate' which cannot be loaded
  Plugin 'Spring Integration Patterns' (com.intellij.spring.integration) has dependency on 'JetBrains Ultimate' which cannot be loaded
  Plugin 'Jakarta EE: RESTful Web Services (JAX-RS)' (com.jetbrains.restWebServices) has dependency on 'JetBrains Ultimate' which cannot be loaded
  Plugin 'Jakarta EE: Messaging (JMS)' (com.intellij.javaee.extensions) has dependency on 'JetBrains Ultimate' which cannot be loaded
  Plugin 'Jakarta EE: Contexts and Dependency Injection (CDI)' (com.intellij.cdi) has dependency on 'JetBrains Ultimate' which cannot be loaded
  Plugin 'Jakarta EE: Bean Validation' (com.intellij.beanValidation) has dependency on 'JetBrains Ultimate' which cannot be loaded
  Plugin 'FreeMarker' (com.intellij.freemarker) has dependency on 'JetBrains Ultimate' which cannot be loaded
  Plugin 'AOP Pointcut Language' (com.intellij.aop) has dependency on 'JetBrains Ultimate' which cannot be loaded
  Plugin 'Remote Development Gateway' (com.jetbrains.gateway) has dependency on 'JetBrains Ultimate' which cannot be loaded
  Plugin 'JVM Persistence Frameworks' (com.intellij.persistence) has dependency on 'JetBrains Ultimate' which cannot be loaded
  Plugin 'Quarkus' (com.intellij.quarkus) has dependency on 'JetBrains Ultimate' which cannot be loaded
  Plugin 'Micronaut' (com.intellij.micronaut) has dependency on 'JetBrains Ultimate' which cannot be loaded
  Plugin 'Jakarta EE: Persistence (JPA)' (com.intellij.javaee.jpa) has dependency on 'JetBrains Ultimate' which cannot be loaded
  Plugin 'Spring Data' (com.intellij.spring.data) has dependency on 'JetBrains Ultimate' which cannot be loaded
  Plugin 'Reverse Engineering' (com.intellij.javaee.reverseEngineering) requires plugin with id=com.intellij.javaee.jpa to be enabled
  Plugin 'Jakarta EE: Data' (com.intellij.javaee.jakarta.data) has dependency on 'JetBrains Ultimate' which cannot be loaded
  Plugin 'Jakarta EE: Application Servers' (com.intellij.javaee.app.servers.integration) has dependency on 'JetBrains Ultimate' which cannot be loaded
  Plugin 'Tomcat and TomEE' (Tomcat) has dependency on 'JetBrains Ultimate' which cannot be loaded
  Plugin 'WildFly' (JBoss) has dependency on 'JetBrains Ultimate' which cannot be loaded
  Plugin 'Hibernate' (com.intellij.hibernate) has dependency on 'JetBrains Ultimate' which cannot be loaded
  Plugin 'Time Tracking' (com.intellij.tasks.timeTracking) has dependency on 'JetBrains Ultimate' which cannot be loaded
  Plugin 'Sass' (org.jetbrains.plugins.sass) has dependency on 'JetBrains Ultimate' which cannot be loaded
  Plugin 'Jakarta EE: Web/Servlets' (com.intellij.javaee.web) has dependency on 'JetBrains Ultimate' which cannot be loaded
  Plugin 'Jakarta EE: Server Pages (JSP)' (com.intellij.jsp) has dependency on 'JetBrains Ultimate' which cannot be loaded
  Plugin 'PostCSS' (org.intellij.plugins.postcss) has dependency on 'JetBrains Ultimate' which cannot be loaded
  Plugin 'Less' (org.jetbrains.plugins.less) has dependency on 'JetBrains Ultimate' which cannot be loaded
  Plugin 'JavaScript Debugger' (JavaScriptDebugger) has dependency on 'JetBrains Ultimate' which cannot be loaded
  Plugin 'Spring Web' (com.intellij.spring.mvc) has dependency on 'JetBrains Ultimate' which cannot be loaded
  Plugin 'Tailwind CSS' (com.intellij.tailwindcss) has dependency on 'JetBrains Ultimate' which cannot be loaded
  Plugin 'Styled Components & Styled JSX' (com.deadlock.scsyntax) has dependency on 'JetBrains Ultimate' which cannot be loaded
  Plugin 'Node.js' (NodeJS) requires plugin with id=JavaScriptDebugger to be enabled
  Plugin 'Node.js Remote Interpreter' (org.jetbrains.plugins.node-remote-interpreter) has dependency on 'JetBrains Ultimate' which cannot be loaded
  Plugin 'Next.js' (intellij.nextjs) has dependency on 'JetBrains Ultimate' which cannot be loaded
  Plugin 'Karma' (Karma) has dependency on 'JetBrains Ultimate' which cannot be loaded
  Plugin 'Kubernetes' (com.intellij.kubernetes) has dependency on 'JetBrains Ultimate' which cannot be loaded
  Plugin 'Dev Containers' (org.jetbrains.plugins.docker.gateway) has dependency on 'JetBrains Ultimate' which cannot be loaded
2026-04-30 14:07:00,519 [    742]   WARN - #c.i.p.instanceContainer - InstanceNotOverridableException: Override failed for com.intellij.openapi.project.impl.ProjectStoreFactory: com.intellij.configurationScript.providers.ConfigurationScriptProjectStoreFactory attempts to override com.intellij.configurationStore.PlatformLangProjectStoreFactory, but the existing implementation is not overriddable (not declared as 'open=true')
2026-04-30 14:07:00,532 [    755]   WARN - #c.i.p.instanceContainer - InstanceNotOverridableException: Override failed for com.intellij.modcommand.ModCommandExecutor: com.jetbrains.rdserver.ui.intentions.RemoteModCommandExecutor attempts to override com.intellij.lang.impl.modcommand.ModCommandExecutorImpl, but the existing implementation is not overriddable (not declared as 'open=true')
2026-04-30 14:07:00,852 [   1075]   WARN - #c.i.o.v.n.p.FSRecords - Records storage [/home/neel/.cache/JetBrains/IntelliJIdea2026.1/caches/records.dat] was in use by process [OwnershipInfo{owner pid: 8853, acquired at: 1777477095704}] which is not exist now (wasn't closed properly/crashed?) -> re-acquiring forcibly
2026-04-30 14:07:00,856 [   1079]   WARN - #c.i.o.v.n.p.m.c.VFSContentStorageOverMMappedFile - Content map[/home/neel/.cache/JetBrains/IntelliJIdea2026.1/caches/content.dat.hashToId] is empty (or dropped) while content storage is not: re-building map from the storage
WARNING: A terminally deprecated method in sun.misc.Unsafe has been called
WARNING: sun.misc.Unsafe::allocateMemory has been called by io.netty.util.internal.PlatformDependent0$2
WARNING: Please consider reporting this to the maintainers of class io.netty.util.internal.PlatformDependent0$2
WARNING: sun.misc.Unsafe::allocateMemory will be removed in a future release
SLF4J(E): A service provider failed to instantiate:
org.slf4j.spi.SLF4JServiceProvider: org.slf4j.jul.JULServiceProvider not a subtype
2026-04-30 14:07:00,975 [   1198]   WARN - #c.i.i.u.UiThemePaletteCheckBoxScope - Theme Islands Darcula: Checkbox.Background.Default.Dark is deprecated for new UI themes, use Checkbox.Background.Default instead
2026-04-30 14:07:00,975 [   1198]   WARN - #c.i.i.u.UiThemePaletteCheckBoxScope - Theme Islands Darcula: Checkbox.Border.Default.Dark is deprecated for new UI themes, use Checkbox.Border.Default instead
2026-04-30 14:07:00,975 [   1198]   WARN - #c.i.i.u.UiThemePaletteCheckBoxScope - Theme Islands Darcula: Checkbox.Border.Selected.Dark is deprecated for new UI themes, use Checkbox.Border.Selected instead
2026-04-30 14:07:00,976 [   1199]   WARN - #c.i.i.u.UiThemePaletteCheckBoxScope - Theme Islands Darcula: Checkbox.Foreground.Selected.Dark is deprecated for new UI themes, use Checkbox.Foreground.Selected instead
2026-04-30 14:07:00,976 [   1199]   WARN - #c.i.i.u.UiThemePaletteCheckBoxScope - Theme Islands Darcula: Checkbox.Focus.Wide.Dark is deprecated for new UI themes, use Checkbox.Focus.Wide instead
2026-04-30 14:07:00,976 [   1199]   WARN - #c.i.i.u.UiThemePaletteCheckBoxScope - Theme Islands Darcula: color key Checkbox.Focus.Thin.Default.Dark is not supported and therefore ignored
2026-04-30 14:07:00,976 [   1199]   WARN - #c.i.i.u.UiThemePaletteCheckBoxScope - Theme Islands Darcula: color key Checkbox.Focus.Thin.Selected.Dark is not supported and therefore ignored
2026-04-30 14:07:00,976 [   1199]   WARN - #c.i.i.u.UiThemePaletteCheckBoxScope - Theme Islands Darcula: Checkbox.Background.Disabled.Dark is deprecated for new UI themes, use Checkbox.Background.Disabled instead
2026-04-30 14:07:00,976 [   1199]   WARN - #c.i.i.u.UiThemePaletteCheckBoxScope - Theme Islands Darcula: Checkbox.Background.Selected.Dark is deprecated for new UI themes, use Checkbox.Background.Selected instead
2026-04-30 14:07:00,976 [   1199]   WARN - #c.i.i.u.UiThemePaletteCheckBoxScope - Theme Islands Darcula: Checkbox.Border.Disabled.Dark is deprecated for new UI themes, use Checkbox.Border.Disabled instead
2026-04-30 14:07:00,976 [   1199]   WARN - #c.i.i.u.UiThemePaletteCheckBoxScope - Theme Islands Darcula: Checkbox.Foreground.Disabled.Dark is deprecated for new UI themes, use Checkbox.Foreground.Disabled instead
2026-04-30 14:07:00,995 [   1218]   WARN - #c.i.o.v.n.p.PersistentFSLoader - [VFS load problem]: VFS wasn't safely shut down: records.wasClosedProperly is false
2026-04-30 14:07:01,001 [   1224]   WARN - #c.i.s.c.i.StationSocketConnectionLoop - Discovery connection failed with NoSuchFileException (/run/user/1000/jb.station.sock)
2026-04-30 14:07:01,875 [   2098]   WARN - #c.i.o.v.n.p.PersistentFSLoader - [VFS load problem]: NOT_CLOSED_PROPERLY recovered, no problems remain
2026-04-30 14:07:02.283 [DBG] [oshi.util.FileUtil] No {} file found from ClassLoader {}:[Ljava.lang.Object;@6e0b6b98
2026-04-30 14:07:02.296 [DBG] [oshi.util.FileUtil] Reading file {}:[Ljava.lang.Object;@52487ecf
2026-04-30 14:07:02.297 [DBG] [oshi.util.FileUtil] Reading file {}:[Ljava.lang.Object;@6cda726d
2026-04-30 14:07:02.301 [DBG] [oshi.util.FileUtil] Reading file {}:[Ljava.lang.Object;@8ea870f
2026-04-30 14:07:02.305 [DBG] [oshi.util.FileUtil] Reading file {}:[Ljava.lang.Object;@5b16d048
2026-04-30 14:07:02.305 [DBG] [oshi.software.os.linux.LinuxOperatingSystem] os-release: {}:[Ljava.lang.Object;@3a09f3e7
2026-04-30 14:07:02.305 [DBG] [oshi.util.FileUtil] Reading file {}:[Ljava.lang.Object;@711eedb2
2026-04-30 14:07:02.309 [DBG] [oshi.util.FileUtil] Reading file {}:[Ljava.lang.Object;@768244bb
2026-04-30 14:07:02.309 [DBG] [oshi.util.FileUtil] Reading file {}:[Ljava.lang.Object;@3dd39819
2026-04-30 14:07:02.309 [DBG] [oshi.util.FileUtil] Reading file {}:[Ljava.lang.Object;@59da48d8
2026-04-30 14:07:02.309 [DBG] [oshi.util.FileUtil] Reading file {}:[Ljava.lang.Object;@392c092f
2026-04-30 14:07:02.310 [DBG] [oshi.util.FileUtil] Reading file {}:[Ljava.lang.Object;@5d6f352d
2026-04-30 14:07:02.310 [DBG] [oshi.util.FileUtil] Reading file {}:[Ljava.lang.Object;@7cdd6dc9
2026-04-30 14:07:02.310 [DBG] [oshi.util.FileUtil] Reading file {}:[Ljava.lang.Object;@2e766cb5
2026-04-30 14:07:02.310 [DBG] [oshi.util.FileUtil] Reading file {}:[Ljava.lang.Object;@a14f20b
2026-04-30 14:07:05,936 [   6159]   WARN - #c.i.p.trialPromotion - Trial dry-run: request failed: Your trial period has ended. To continue using IntelliJ IDEA Ultimate 2026.1, purchase a subscription.
2026-04-30 14:07:06,234 [   6457]   WARN - #c.i.s.c.i.StationSocketConnectionLoop - RecentProjects connection failed with NoSuchFileException (/run/user/1000/jb.station.sock)
2026-04-30 14:07:06,277 [   6500]   WARN - #c.i.v.l.u.StorageId$Directory - Failed to move /home/neel/.cache/JetBrains/IntelliJIdea2026.1/vcs-log/Teacher_f83344ca_7025d08e/index to /home/neel/.cache/JetBrains/IntelliJIdea2026.1/vcs-log/Teacher_f83344ca_7025d08e/index
java.nio.file.NoSuchFileException: /home/neel/.cache/JetBrains/IntelliJIdea2026.1/vcs-log/Teacher_f83344ca_7025d08e/index
	at java.base/sun.nio.fs.UnixException.translateToIOException(UnixException.java:94)
	at java.base/sun.nio.fs.UnixException.rethrowAsIOException(UnixException.java:108)
	at java.base/sun.nio.fs.UnixException.rethrowAsIOException(UnixException.java:114)
	at java.base/sun.nio.fs.UnixFileSystem.move(UnixFileSystem.java:845)
	at java.base/sun.nio.fs.UnixFileSystemProvider.move(UnixFileSystemProvider.java:289)
	at com.intellij.platform.core.nio.fs.TracingFileSystemProvider.move(TracingFileSystemProvider.java:170)
	at java.base/java.nio.file.Files.move(Files.java:1319)
	at com.intellij.vcs.log.util.StorageId.cleanupAllStorageFiles(PersistentUtil.kt:58)
	at com.intellij.vcs.log.data.VcsLogStorageImpl.cleanupStorageFiles(VcsLogStorageImpl.java:396)
	at com.intellij.vcs.log.data.VcsLogStorageImpl.lambda$createStorageAndIndexBackend$4(VcsLogStorageImpl.java:389)
	at com.intellij.util.io.IOUtil.openCleanOrResetBroken(IOUtil.java:318)
	at com.intellij.vcs.log.data.VcsLogStorageImpl.createStorageAndIndexBackend(VcsLogStorageImpl.java:374)
	at com.intellij.vcs.log.data.VcsLogData.createStorageAndIndex(VcsLogData.kt:360)
	at com.intellij.vcs.log.data.VcsLogData.<init>(VcsLogData.kt:181)
	at com.intellij.vcs.log.impl.VcsLogManager.<init>(VcsLogManager.kt:86)
	at com.intellij.vcs.log.impl.IdeVcsLogManager.<init>(IdeVcsLogManager.kt:36)
	at com.intellij.vcs.log.impl.IdeVcsProjectLog.createLogManager(IdeVcsProjectLog.kt:58)
	at com.intellij.vcs.log.impl.VcsProjectLogBase.getOrCreateLogManager(VcsProjectLogBase.kt:211)
	at com.intellij.vcs.log.impl.VcsProjectLogBase.access$getOrCreateLogManager(VcsProjectLogBase.kt:55)
	at com.intellij.vcs.log.impl.VcsProjectLogBase$getOrCreateLogManager$2.invokeSuspend(VcsProjectLogBase.kt:198)
	at com.intellij.vcs.log.impl.VcsProjectLogBase$getOrCreateLogManager$2.invoke(VcsProjectLogBase.kt)
	at com.intellij.vcs.log.impl.VcsProjectLogBase$getOrCreateLogManager$2.invoke(VcsProjectLogBase.kt)
	at com.intellij.platform.backend.observation.PlatformActivityTrackerService$trackConfigurationActivity$2$1.invokeSuspend(PlatformActivityTrackerService.kt:76)
	at com.intellij.platform.backend.observation.PlatformActivityTrackerService$trackConfigurationActivity$2$1.invoke(PlatformActivityTrackerService.kt)
	at com.intellij.platform.backend.observation.PlatformActivityTrackerService$trackConfigurationActivity$2$1.invoke(PlatformActivityTrackerService.kt)
	at kotlinx.coroutines.intrinsics.UndispatchedKt.startUndspatched(Undispatched.kt:67)
	at kotlinx.coroutines.intrinsics.UndispatchedKt.startUndispatchedOrReturn(Undispatched.kt:43)
	at kotlinx.coroutines.BuildersKt__Builders_commonKt.withContext(Builders.common.kt:165)
	at kotlinx.coroutines.BuildersKt.withContext(Unknown Source)
	at com.intellij.platform.backend.observation.PlatformActivityTrackerService.trackConfigurationActivity(PlatformActivityTrackerService.kt:75)
	at com.intellij.platform.backend.observation.TrackingUtil.trackActivity(util.kt:23)
	at com.intellij.vcs.log.impl.VcsProjectLogBase.getOrCreateLogManager(VcsProjectLogBase.kt:197)
	at com.intellij.vcs.log.impl.VcsProjectLogBase.reinitUnsafe(VcsProjectLogBase.kt:173)
	at com.intellij.vcs.log.impl.VcsProjectLogBase.access$reinitUnsafe(VcsProjectLogBase.kt:55)
	at com.intellij.vcs.log.impl.VcsProjectLogBase$reinitAsync$1.invokeSuspend(VcsProjectLogBase.kt:167)
	at kotlin.coroutines.jvm.internal.BaseContinuationImpl.resumeWith(ContinuationImpl.kt:34)
	at kotlinx.coroutines.DispatchedTask.run(DispatchedTask.kt:100)
	at kotlinx.coroutines.scheduling.CoroutineScheduler.runSafely(CoroutineScheduler.kt:610)
	at kotlinx.coroutines.scheduling.CoroutineScheduler$Worker.runDefaultDispatcherTask(CoroutineScheduler.kt:1194)
	at kotlinx.coroutines.scheduling.CoroutineScheduler$Worker.executeTask(CoroutineScheduler.kt:906)
	at kotlinx.coroutines.scheduling.CoroutineScheduler$Worker.runWorker(CoroutineScheduler.kt:775)
	at kotlinx.coroutines.scheduling.CoroutineScheduler$Worker.run(CoroutineScheduler.kt:762)
2026-04-30 14:07:06,375 [   6598]   WARN - #c.i.v.g.r.GitRepositoriesHolder - State of repository RepositoryId(projectId=ProjectId#2rj5qfvj6kg9vpvh3kto, rootPath=/home/neel/PROJECTS/Teacher_Content_Portal/Teacher_Content_Portal) is not synchronized. Known repositories are: 
2026-04-30 14:08:02.317 [DBG] [oshi.util.FileUtil] Reading file {}:[Ljava.lang.Object;@1a856200
2026-04-30 14:08:02.318 [DBG] [oshi.util.FileUtil] Reading file {}:[Ljava.lang.Object;@44a085ea
2026-04-30 14:08:02.318 [DBG] [oshi.util.FileUtil] Reading file {}:[Ljava.lang.Object;@f1b7a45
2026-04-30 14:08:02.318 [DBG] [oshi.util.FileUtil] Reading file {}:[Ljava.lang.Object;@6a512224
2026-04-30 14:08:02.318 [DBG] [oshi.util.FileUtil] Reading file {}:[Ljava.lang.Object;@5b75c80c
2026-04-30 14:08:02.318 [DBG] [oshi.util.FileUtil] Reading file {}:[Ljava.lang.Object;@1bba995d
2026-04-30 14:09:02.324 [DBG] [oshi.util.FileUtil] Reading file {}:[Ljava.lang.Object;@24eea0b8
2026-04-30 14:09:02.325 [DBG] [oshi.util.FileUtil] Reading file {}:[Ljava.lang.Object;@7f40438e
2026-04-30 14:09:02.325 [DBG] [oshi.util.FileUtil] Reading file {}:[Ljava.lang.Object;@1b8b8524
2026-04-30 14:09:02.325 [DBG] [oshi.util.FileUtil] Reading file {}:[Ljava.lang.Object;@289d2124
2026-04-30 14:09:02.325 [DBG] [oshi.util.FileUtil] Reading file {}:[Ljava.lang.Object;@79a7bfef
2026-04-30 14:09:02.326 [DBG] [oshi.util.FileUtil] Reading file {}:[Ljava.lang.Object;@486df66
2026-04-30 14:10:02.333 [DBG] [oshi.util.FileUtil] Reading file {}:[Ljava.lang.Object;@65f5e556
2026-04-30 14:10:02.333 [DBG] [oshi.util.FileUtil] Reading file {}:[Ljava.lang.Object;@4ebc0e1
2026-04-30 14:10:02.334 [DBG] [oshi.util.FileUtil] Reading file {}:[Ljava.lang.Object;@76afb21e
2026-04-30 14:10:02.334 [DBG] [oshi.util.FileUtil] Reading file {}:[Ljava.lang.Object;@64c516f9
2026-04-30 14:10:02.334 [DBG] [oshi.util.FileUtil] Reading file {}:[Ljava.lang.Object;@2ed08062
2026-04-30 14:10:02.334 [DBG] [oshi.util.FileUtil] Reading file {}:[Ljava.lang.Object;@74e6a191
2026-04-30 14:11:02.341 [DBG] [oshi.util.FileUtil] Reading file {}:[Ljava.lang.Object;@8d60af9
2026-04-30 14:11:02.341 [DBG] [oshi.util.FileUtil] Reading file {}:[Ljava.lang.Object;@4c28690b
2026-04-30 14:11:02.341 [DBG] [oshi.util.FileUtil] Reading file {}:[Ljava.lang.Object;@f2363a6
2026-04-30 14:11:02.341 [DBG] [oshi.util.FileUtil] Reading file {}:[Ljava.lang.Object;@6b565bf7
2026-04-30 14:11:02.341 [DBG] [oshi.util.FileUtil] Reading file {}:[Ljava.lang.Object;@53ef15a6
2026-04-30 14:11:02.341 [DBG] [oshi.util.FileUtil] Reading file {}:[Ljava.lang.Object;@5c804ee1
2026-04-30 14:12:02.346 [DBG] [oshi.util.FileUtil] Reading file {}:[Ljava.lang.Object;@2c1a2fe2
2026-04-30 14:12:02.346 [DBG] [oshi.util.FileUtil] Reading file {}:[Ljava.lang.Object;@63f16119
2026-04-30 14:12:02.347 [DBG] [oshi.util.FileUtil] Reading file {}:[Ljava.lang.Object;@7a7df84d
2026-04-30 14:12:02.347 [DBG] [oshi.util.FileUtil] Reading file {}:[Ljava.lang.Object;@1f2b7320
2026-04-30 14:12:02.347 [DBG] [oshi.util.FileUtil] Reading file {}:[Ljava.lang.Object;@62332a18
2026-04-30 14:12:02.347 [DBG] [oshi.util.FileUtil] Reading file {}:[Ljava.lang.Object;@aa276ee
2026-04-30 14:13:02.353 [DBG] [oshi.util.FileUtil] Reading file {}:[Ljava.lang.Object;@6b55a108
2026-04-30 14:13:02.353 [DBG] [oshi.util.FileUtil] Reading file {}:[Ljava.lang.Object;@4093f31a
2026-04-30 14:13:02.354 [DBG] [oshi.util.FileUtil] Reading file {}:[Ljava.lang.Object;@5733487d
2026-04-30 14:13:02.354 [DBG] [oshi.util.FileUtil] Reading file {}:[Ljava.lang.Object;@56a5f543
2026-04-30 14:13:02.354 [DBG] [oshi.util.FileUtil] Reading file {}:[Ljava.lang.Object;@103e437e
2026-04-30 14:13:02.354 [DBG] [oshi.util.FileUtil] Reading file {}:[Ljava.lang.Object;@4fea7940
2026-04-30 14:14:02.360 [DBG] [oshi.util.FileUtil] Reading file {}:[Ljava.lang.Object;@68ecc656
2026-04-30 14:14:02.361 [DBG] [oshi.util.FileUtil] Reading file {}:[Ljava.lang.Object;@704dbec7
2026-04-30 14:14:02.361 [DBG] [oshi.util.FileUtil] Reading file {}:[Ljava.lang.Object;@486daa4b
2026-04-30 14:14:02.361 [DBG] [oshi.util.FileUtil] Reading file {}:[Ljava.lang.Object;@31e11988
2026-04-30 14:14:02.361 [DBG] [oshi.util.FileUtil] Reading file {}:[Ljava.lang.Object;@3fb1b794
2026-04-30 14:14:02.361 [DBG] [oshi.util.FileUtil] Reading file {}:[Ljava.lang.Object;@22179d23
2026-04-30 14:15:02.366 [DBG] [oshi.util.FileUtil] Reading file {}:[Ljava.lang.Object;@5d28fb49
2026-04-30 14:15:02.367 [DBG] [oshi.util.FileUtil] Reading file {}:[Ljava.lang.Object;@5adf6204
2026-04-30 14:15:02.367 [DBG] [oshi.util.FileUtil] Reading file {}:[Ljava.lang.Object;@51a9583c
2026-04-30 14:15:02.367 [DBG] [oshi.util.FileUtil] Reading file {}:[Ljava.lang.Object;@429a0f60
2026-04-30 14:15:02.367 [DBG] [oshi.util.FileUtil] Reading file {}:[Ljava.lang.Object;@58f246c9
2026-04-30 14:15:02.367 [DBG] [oshi.util.FileUtil] Reading file {}:[Ljava.lang.Object;@791cd091
2026-04-30 14:16:02.372 [DBG] [oshi.util.FileUtil] Reading file {}:[Ljava.lang.Object;@348fac13
2026-04-30 14:16:02.372 [DBG] [oshi.util.FileUtil] Reading file {}:[Ljava.lang.Object;@6b530c12
2026-04-30 14:16:02.372 [DBG] [oshi.util.FileUtil] Reading file {}:[Ljava.lang.Object;@59a1759b
2026-04-30 14:16:02.372 [DBG] [oshi.util.FileUtil] Reading file {}:[Ljava.lang.Object;@6de8d8e3
2026-04-30 14:16:02.373 [DBG] [oshi.util.FileUtil] Reading file {}:[Ljava.lang.Object;@24ce1e79
2026-04-30 14:16:02.373 [DBG] [oshi.util.FileUtil] Reading file {}:[Ljava.lang.Object;@570eb56e
2026-04-30 14:16:23,182 [ 563405] SEVERE - #o.j.c.AsyncPromise - class com.intellij.psi.impl.source.PsiClassImpl cannot be cast to class com.intellij.psi.PsiMethod (com.intellij.psi.impl.source.PsiClassImpl and com.intellij.psi.PsiMethod are in unnamed module of loader com.intellij.ide.plugins.cl.PluginClassLoader @b5867c3)
java.lang.ClassCastException: class com.intellij.psi.impl.source.PsiClassImpl cannot be cast to class com.intellij.psi.PsiMethod (com.intellij.psi.impl.source.PsiClassImpl and com.intellij.psi.PsiMethod are in unnamed module of loader com.intellij.ide.plugins.cl.PluginClassLoader @b5867c3)
	at com.intellij.java.refactoring.suggested.JavaSuggestedRefactoringAvailability$amendStateInBackground$1.invokeSuspend(JavaSuggestedRefactoringAvailability.kt:53)
	at kotlin.coroutines.jvm.internal.BaseContinuationImpl.resumeWith(ContinuationImpl.kt:34)
	at kotlin.sequences.SequenceBuilderIterator.hasNext(SequenceBuilder.kt:129)
	at com.intellij.refactoring.suggested.SuggestedRefactoringChangeCollector.amendStateInBackground$lambda$0(SuggestedRefactoringChangeCollector.kt:147)
	at com.intellij.util.RunnableCallable.call(RunnableCallable.java:20)
	at com.intellij.util.RunnableCallable.call(RunnableCallable.java:11)
	at com.intellij.openapi.application.impl.NonBlockingReadActionImpl$OTelMonitor.callWrapped(NonBlockingReadActionImpl.java:1042)
	at com.intellij.openapi.application.impl.NonBlockingReadActionImpl$OTelMonitor$MonitoredComputation.call(NonBlockingReadActionImpl.java:1074)
	at com.intellij.openapi.application.impl.NonBlockingReadActionImpl$Submission.insideReadAction(NonBlockingReadActionImpl.java:792)
	at com.intellij.openapi.application.impl.NonBlockingReadActionImpl$Submission.lambda$attemptComputation$6(NonBlockingReadActionImpl.java:755)
	at com.intellij.openapi.application.impl.AppImplKt$runnableUnitFunction$1.invoke(appImpl.kt:124)
	at com.intellij.openapi.application.impl.AppImplKt$runnableUnitFunction$1.invoke(appImpl.kt:124)
	at com.intellij.platform.locking.impl.NestedLocksThreadingSupport.tryRunReadAction(NestedLocksThreadingSupport.kt:900)
	at com.intellij.openapi.application.impl.ApplicationImpl.tryRunReadAction(ApplicationImpl.java:1266)
	at com.intellij.openapi.progress.util.ProgressIndicatorUtils.lambda$runInReadActionWithWriteActionPriority$0(ProgressIndicatorUtils.java:110)
	at com.intellij.openapi.progress.util.ProgressIndicatorUtilService.runActionAndCancelBeforeWrite(ProgressIndicatorUtilService.java:73)
	at com.intellij.openapi.progress.util.ProgressIndicatorUtils.runActionAndCancelBeforeWrite(ProgressIndicatorUtils.java:168)
	at com.intellij.openapi.progress.util.ProgressIndicatorUtils.lambda$runWithWriteActionPriority$1(ProgressIndicatorUtils.java:155)
	at com.intellij.openapi.progress.ProgressManager.lambda$runProcess$0(ProgressManager.java:98)
	at com.intellij.openapi.progress.impl.CoreProgressManager.lambda$runProcess$2(CoreProgressManager.java:283)
	at com.intellij.openapi.progress.impl.CoreProgressManager.lambda$executeProcessUnderProgress$14(CoreProgressManager.java:744)
	at com.intellij.openapi.progress.impl.CoreProgressManager.registerIndicatorAndRun(CoreProgressManager.java:819)
	at com.intellij.openapi.progress.impl.CoreProgressManager.computeUnderProgress(CoreProgressManager.java:775)
	at com.intellij.openapi.progress.impl.CoreProgressManager.executeProcessUnderProgress(CoreProgressManager.java:743)
	at com.intellij.openapi.progress.impl.ProgressManagerImpl.executeProcessUnderProgress(ProgressManagerImpl.java:87)
	at com.intellij.openapi.progress.impl.CoreProgressManager.runProcess(CoreProgressManager.java:267)
	at com.intellij.openapi.progress.ProgressManager.runProcess(ProgressManager.java:98)
	at com.intellij.openapi.progress.util.ProgressIndicatorUtils.runWithWriteActionPriority(ProgressIndicatorUtils.java:152)
	at com.intellij.openapi.progress.util.ProgressIndicatorUtils.runInReadActionWithWriteActionPriority(ProgressIndicatorUtils.java:110)
	at com.intellij.openapi.application.impl.NonBlockingReadActionImpl$Submission.attemptComputation(NonBlockingReadActionImpl.java:755)
	at com.intellij.openapi.application.impl.NonBlockingReadActionImpl$Submission.lambda$transferToBgThread$0(NonBlockingReadActionImpl.java:605)
	at com.intellij.concurrency.ThreadContext.installThreadContext(threadContext.kt:305)
	at com.intellij.openapi.application.impl.NonBlockingReadActionImpl$Submission.lambda$transferToBgThread$2(NonBlockingReadActionImpl.java:605)
	at java.base/java.util.concurrent.ThreadPoolExecutor.runWorker(ThreadPoolExecutor.java:1090)
	at java.base/java.util.concurrent.ThreadPoolExecutor$Worker.run(ThreadPoolExecutor.java:614)
	at java.base/java.util.concurrent.Executors$PrivilegedThreadFactory$1.run(Executors.java:649)
	at java.base/java.lang.Thread.run(Thread.java:1474)
2026-04-30 14:16:23,185 [ 563408] SEVERE - #o.j.c.AsyncPromise - IntelliJ IDEA 2026.1  Build #IU-261.22158.277
2026-04-30 14:16:23,185 [ 563408] SEVERE - #o.j.c.AsyncPromise - JDK: 25.0.2; VM: OpenJDK 64-Bit Server VM; Vendor: JetBrains s.r.o.
2026-04-30 14:16:23,185 [ 563408] SEVERE - #o.j.c.AsyncPromise - OS: Linux
2026-04-30 14:16:23,185 [ 563408] SEVERE - #o.j.c.AsyncPromise - Plugin to blame: Java version: 261.22158.277
2026-04-30 14:16:23,185 [ 563408] SEVERE - #o.j.c.AsyncPromise - Last Action: EditorRight
2026-04-30 14:17:02.377 [DBG] [oshi.util.FileUtil] Reading file {}:[Ljava.lang.Object;@2bca4b66
2026-04-30 14:17:02.377 [DBG] [oshi.util.FileUtil] Reading file {}:[Ljava.lang.Object;@2ac5e6e4
2026-04-30 14:17:02.378 [DBG] [oshi.util.FileUtil] Reading file {}:[Ljava.lang.Object;@1602f308
2026-04-30 14:17:02.378 [DBG] [oshi.util.FileUtil] Reading file {}:[Ljava.lang.Object;@3540a64f
2026-04-30 14:17:02.378 [DBG] [oshi.util.FileUtil] Reading file {}:[Ljava.lang.Object;@4ca84afa
2026-04-30 14:17:02.378 [DBG] [oshi.util.FileUtil] Reading file {}:[Ljava.lang.Object;@49df774d
2026-04-30 14:18:02.383 [DBG] [oshi.util.FileUtil] Reading file {}:[Ljava.lang.Object;@79ab1af7
2026-04-30 14:18:02.383 [DBG] [oshi.util.FileUtil] Reading file {}:[Ljava.lang.Object;@73dd1f2b
2026-04-30 14:18:02.383 [DBG] [oshi.util.FileUtil] Reading file {}:[Ljava.lang.Object;@31e31895
2026-04-30 14:18:02.383 [DBG] [oshi.util.FileUtil] Reading file {}:[Ljava.lang.Object;@6ecf4597
2026-04-30 14:18:02.383 [DBG] [oshi.util.FileUtil] Reading file {}:[Ljava.lang.Object;@4f92861b
2026-04-30 14:18:02.383 [DBG] [oshi.util.FileUtil] Reading file {}:[Ljava.lang.Object;@54adfc85
2026-04-30 14:19:02.389 [DBG] [oshi.util.FileUtil] Reading file {}:[Ljava.lang.Object;@121d7a6a
2026-04-30 14:19:02.389 [DBG] [oshi.util.FileUtil] Reading file {}:[Ljava.lang.Object;@36d1f361
2026-04-30 14:19:02.389 [DBG] [oshi.util.FileUtil] Reading file {}:[Ljava.lang.Object;@63cbc3a7
2026-04-30 14:19:02.389 [DBG] [oshi.util.FileUtil] Reading file {}:[Ljava.lang.Object;@1c483105
2026-04-30 14:19:02.390 [DBG] [oshi.util.FileUtil] Reading file {}:[Ljava.lang.Object;@657fd6cc
2026-04-30 14:19:02.390 [DBG] [oshi.util.FileUtil] Reading file {}:[Ljava.lang.Object;@5c0c7bf9
2026-04-30 14:20:02.394 [DBG] [oshi.util.FileUtil] Reading file {}:[Ljava.lang.Object;@65d2a2ea
2026-04-30 14:20:02.394 [DBG] [oshi.util.FileUtil] Reading file {}:[Ljava.lang.Object;@2a5ad95d
2026-04-30 14:20:02.395 [DBG] [oshi.util.FileUtil] Reading file {}:[Ljava.lang.Object;@14785f25
2026-04-30 14:20:02.395 [DBG] [oshi.util.FileUtil] Reading file {}:[Ljava.lang.Object;@473f38b7
2026-04-30 14:20:02.395 [DBG] [oshi.util.FileUtil] Reading file {}:[Ljava.lang.Object;@370a1748
2026-04-30 14:20:02.396 [DBG] [oshi.util.FileUtil] Reading file {}:[Ljava.lang.Object;@4be6b0c5
2026-04-30 14:21:02.400 [DBG] [oshi.util.FileUtil] Reading file {}:[Ljava.lang.Object;@26efa54a
2026-04-30 14:21:02.400 [DBG] [oshi.util.FileUtil] Reading file {}:[Ljava.lang.Object;@1aafb47d
2026-04-30 14:21:02.401 [DBG] [oshi.util.FileUtil] Reading file {}:[Ljava.lang.Object;@31488e76
2026-04-30 14:21:02.401 [DBG] [oshi.util.FileUtil] Reading file {}:[Ljava.lang.Object;@76662868
2026-04-30 14:21:02.401 [DBG] [oshi.util.FileUtil] Reading file {}:[Ljava.lang.Object;@2df8161b
2026-04-30 14:21:02.401 [DBG] [oshi.util.FileUtil] Reading file {}:[Ljava.lang.Object;@4a134385
2026-04-30 14:22:02.406 [DBG] [oshi.util.FileUtil] Reading file {}:[Ljava.lang.Object;@7fbc1a75
2026-04-30 14:22:02.406 [DBG] [oshi.util.FileUtil] Reading file {}:[Ljava.lang.Object;@3dd4b6d8
2026-04-30 14:22:02.406 [DBG] [oshi.util.FileUtil] Reading file {}:[Ljava.lang.Object;@18e19477
2026-04-30 14:22:02.406 [DBG] [oshi.util.FileUtil] Reading file {}:[Ljava.lang.Object;@288e0fe
2026-04-30 14:22:02.406 [DBG] [oshi.util.FileUtil] Reading file {}:[Ljava.lang.Object;@1df83d68
2026-04-30 14:22:02.406 [DBG] [oshi.util.FileUtil] Reading file {}:[Ljava.lang.Object;@5022a79
2026-04-30 14:23:02.410 [DBG] [oshi.util.FileUtil] Reading file {}:[Ljava.lang.Object;@18c489a6
2026-04-30 14:23:02.410 [DBG] [oshi.util.FileUtil] Reading file {}:[Ljava.lang.Object;@1991d1e3
2026-04-30 14:23:02.410 [DBG] [oshi.util.FileUtil] Reading file {}:[Ljava.lang.Object;@30dc1402
2026-04-30 14:23:02.410 [DBG] [oshi.util.FileUtil] Reading file {}:[Ljava.lang.Object;@52b3a8e2
2026-04-30 14:23:02.410 [DBG] [oshi.util.FileUtil] Reading file {}:[Ljava.lang.Object;@6e8692ab
2026-04-30 14:23:02.410 [DBG] [oshi.util.FileUtil] Reading file {}:[Ljava.lang.Object;@790f5851
2026-04-30 14:24:02.414 [DBG] [oshi.util.FileUtil] Reading file {}:[Ljava.lang.Object;@44a6fdf3
2026-04-30 14:24:02.414 [DBG] [oshi.util.FileUtil] Reading file {}:[Ljava.lang.Object;@7540bd90
2026-04-30 14:24:02.414 [DBG] [oshi.util.FileUtil] Reading file {}:[Ljava.lang.Object;@575a9e37
2026-04-30 14:24:02.415 [DBG] [oshi.util.FileUtil] Reading file {}:[Ljava.lang.Object;@3367dc94
2026-04-30 14:24:02.415 [DBG] [oshi.util.FileUtil] Reading file {}:[Ljava.lang.Object;@405df66e
2026-04-30 14:24:02.415 [DBG] [oshi.util.FileUtil] Reading file {}:[Ljava.lang.Object;@30016fc8
2026-04-30 14:25:02.418 [DBG] [oshi.util.FileUtil] Reading file {}:[Ljava.lang.Object;@30b3d3c9
2026-04-30 14:25:02.418 [DBG] [oshi.util.FileUtil] Reading file {}:[Ljava.lang.Object;@729756b4
2026-04-30 14:25:02.419 [DBG] [oshi.util.FileUtil] Reading file {}:[Ljava.lang.Object;@2184598a
2026-04-30 14:25:02.419 [DBG] [oshi.util.FileUtil] Reading file {}:[Ljava.lang.Object;@2ef3eb88
2026-04-30 14:25:02.419 [DBG] [oshi.util.FileUtil] Reading file {}:[Ljava.lang.Object;@705804
2026-04-30 14:25:02.419 [DBG] [oshi.util.FileUtil] Reading file {}:[Ljava.lang.Object;@489a9c48
2026-04-30 14:26:02.422 [DBG] [oshi.util.FileUtil] Reading file {}:[Ljava.lang.Object;@4ee0ea81
2026-04-30 14:26:02.422 [DBG] [oshi.util.FileUtil] Reading file {}:[Ljava.lang.Object;@7d7746d2
2026-04-30 14:26:02.422 [DBG] [oshi.util.FileUtil] Reading file {}:[Ljava.lang.Object;@2abcceb2
2026-04-30 14:26:02.422 [DBG] [oshi.util.FileUtil] Reading file {}:[Ljava.lang.Object;@52f6871b
2026-04-30 14:26:02.423 [DBG] [oshi.util.FileUtil] Reading file {}:[Ljava.lang.Object;@1b0bcb26
2026-04-30 14:26:02.423 [DBG] [oshi.util.FileUtil] Reading file {}:[Ljava.lang.Object;@5c8d4f43
2026-04-30 14:27:02.427 [DBG] [oshi.util.FileUtil] Reading file {}:[Ljava.lang.Object;@40cb52e4
2026-04-30 14:27:02.427 [DBG] [oshi.util.FileUtil] Reading file {}:[Ljava.lang.Object;@50899aa7
2026-04-30 14:27:02.427 [DBG] [oshi.util.FileUtil] Reading file {}:[Ljava.lang.Object;@652a82a9
2026-04-30 14:27:02.427 [DBG] [oshi.util.FileUtil] Reading file {}:[Ljava.lang.Object;@4f9bfb5f
2026-04-30 14:27:02.427 [DBG] [oshi.util.FileUtil] Reading file {}:[Ljava.lang.Object;@555ddc3a
2026-04-30 14:27:02.427 [DBG] [oshi.util.FileUtil] Reading file {}:[Ljava.lang.Object;@499d3894
2026-04-30 14:28:02.431 [DBG] [oshi.util.FileUtil] Reading file {}:[Ljava.lang.Object;@1c69c389
2026-04-30 14:28:02.431 [DBG] [oshi.util.FileUtil] Reading file {}:[Ljava.lang.Object;@6975836a
2026-04-30 14:28:02.431 [DBG] [oshi.util.FileUtil] Reading file {}:[Ljava.lang.Object;@63f7fd27
2026-04-30 14:28:02.431 [DBG] [oshi.util.FileUtil] Reading file {}:[Ljava.lang.Object;@741a0209
2026-04-30 14:28:02.432 [DBG] [oshi.util.FileUtil] Reading file {}:[Ljava.lang.Object;@26bdf288
2026-04-30 14:28:02.432 [DBG] [oshi.util.FileUtil] Reading file {}:[Ljava.lang.Object;@63165be6
2026-04-30 14:29:02.435 [DBG] [oshi.util.FileUtil] Reading file {}:[Ljava.lang.Object;@17197169
2026-04-30 14:29:02.435 [DBG] [oshi.util.FileUtil] Reading file {}:[Ljava.lang.Object;@52e5a540
2026-04-30 14:29:02.435 [DBG] [oshi.util.FileUtil] Reading file {}:[Ljava.lang.Object;@788d581d
2026-04-30 14:29:02.435 [DBG] [oshi.util.FileUtil] Reading file {}:[Ljava.lang.Object;@407258d1
2026-04-30 14:29:02.435 [DBG] [oshi.util.FileUtil] Reading file {}:[Ljava.lang.Object;@1c3cfb8f
2026-04-30 14:29:02.435 [DBG] [oshi.util.FileUtil] Reading file {}:[Ljava.lang.Object;@638c82ed
2026-04-30 14:30:02.440 [DBG] [oshi.util.FileUtil] Reading file {}:[Ljava.lang.Object;@4945d99f
2026-04-30 14:30:02.440 [DBG] [oshi.util.FileUtil] Reading file {}:[Ljava.lang.Object;@24941f4f
2026-04-30 14:30:02.440 [DBG] [oshi.util.FileUtil] Reading file {}:[Ljava.lang.Object;@25d3b658
2026-04-30 14:30:02.440 [DBG] [oshi.util.FileUtil] Reading file {}:[Ljava.lang.Object;@1feb280e
2026-04-30 14:30:02.440 [DBG] [oshi.util.FileUtil] Reading file {}:[Ljava.lang.Object;@7805834d
2026-04-30 14:30:02.440 [DBG] [oshi.util.FileUtil] Reading file {}:[Ljava.lang.Object;@7c6f8565
2026-04-30 14:31:02.443 [DBG] [oshi.util.FileUtil] Reading file {}:[Ljava.lang.Object;@1477bec1
2026-04-30 14:31:02.443 [DBG] [oshi.util.FileUtil] Reading file {}:[Ljava.lang.Object;@6262fcd
2026-04-30 14:31:02.444 [DBG] [oshi.util.FileUtil] Reading file {}:[Ljava.lang.Object;@7390736e
2026-04-30 14:31:02.444 [DBG] [oshi.util.FileUtil] Reading file {}:[Ljava.lang.Object;@5d645d2c
2026-04-30 14:31:02.444 [DBG] [oshi.util.FileUtil] Reading file {}:[Ljava.lang.Object;@74cc61f7
2026-04-30 14:31:02.444 [DBG] [oshi.util.FileUtil] Reading file {}:[Ljava.lang.Object;@432370e4
2026-04-30 14:32:02.448 [DBG] [oshi.util.FileUtil] Reading file {}:[Ljava.lang.Object;@c8832f0
2026-04-30 14:32:02.448 [DBG] [oshi.util.FileUtil] Reading file {}:[Ljava.lang.Object;@3f921c8d
2026-04-30 14:32:02.448 [DBG] [oshi.util.FileUtil] Reading file {}:[Ljava.lang.Object;@5131b12a
2026-04-30 14:32:02.448 [DBG] [oshi.util.FileUtil] Reading file {}:[Ljava.lang.Object;@dea18e6
2026-04-30 14:32:02.448 [DBG] [oshi.util.FileUtil] Reading file {}:[Ljava.lang.Object;@40b8b419
2026-04-30 14:32:02.448 [DBG] [oshi.util.FileUtil] Reading file {}:[Ljava.lang.Object;@6f61bef7
2026-04-30 14:33:02.451 [DBG] [oshi.util.FileUtil] Reading file {}:[Ljava.lang.Object;@45570296
2026-04-30 14:33:02.451 [DBG] [oshi.util.FileUtil] Reading file {}:[Ljava.lang.Object;@6e785292
2026-04-30 14:33:02.451 [DBG] [oshi.util.FileUtil] Reading file {}:[Ljava.lang.Object;@122e435
2026-04-30 14:33:02.451 [DBG] [oshi.util.FileUtil] Reading file {}:[Ljava.lang.Object;@54555961
2026-04-30 14:33:02.451 [DBG] [oshi.util.FileUtil] Reading file {}:[Ljava.lang.Object;@296bb2cf
2026-04-30 14:33:02.452 [DBG] [oshi.util.FileUtil] Reading file {}:[Ljava.lang.Object;@5ab89b2
2026-04-30 14:34:02.455 [DBG] [oshi.util.FileUtil] Reading file {}:[Ljava.lang.Object;@2741a47a
2026-04-30 14:34:02.455 [DBG] [oshi.util.FileUtil] Reading file {}:[Ljava.lang.Object;@7cd4a6ad
2026-04-30 14:34:02.456 [DBG] [oshi.util.FileUtil] Reading file {}:[Ljava.lang.Object;@684ae6a3
2026-04-30 14:34:02.456 [DBG] [oshi.util.FileUtil] Reading file {}:[Ljava.lang.Object;@4d417580
2026-04-30 14:34:02.456 [DBG] [oshi.util.FileUtil] Reading file {}:[Ljava.lang.Object;@67097a26
2026-04-30 14:34:02.456 [DBG] [oshi.util.FileUtil] Reading file {}:[Ljava.lang.Object;@3e3149a4
2026-04-30 14:35:02.459 [DBG] [oshi.util.FileUtil] Reading file {}:[Ljava.lang.Object;@3eb34bef
2026-04-30 14:35:02.459 [DBG] [oshi.util.FileUtil] Reading file {}:[Ljava.lang.Object;@1dbfd486
2026-04-30 14:35:02.459 [DBG] [oshi.util.FileUtil] Reading file {}:[Ljava.lang.Object;@459ca15f
2026-04-30 14:35:02.459 [DBG] [oshi.util.FileUtil] Reading file {}:[Ljava.lang.Object;@35d2879a
2026-04-30 14:35:02.459 [DBG] [oshi.util.FileUtil] Reading file {}:[Ljava.lang.Object;@111a5efc
2026-04-30 14:35:02.459 [DBG] [oshi.util.FileUtil] Reading file {}:[Ljava.lang.Object;@72e2a3bd
2026-04-30 14:36:02.463 [DBG] [oshi.util.FileUtil] Reading file {}:[Ljava.lang.Object;@50553828
2026-04-30 14:36:02.464 [DBG] [oshi.util.FileUtil] Reading file {}:[Ljava.lang.Object;@5afecb37
2026-04-30 14:36:02.464 [DBG] [oshi.util.FileUtil] Reading file {}:[Ljava.lang.Object;@6456f2d7
2026-04-30 14:36:02.464 [DBG] [oshi.util.FileUtil] Reading file {}:[Ljava.lang.Object;@f525b94
2026-04-30 14:36:02.464 [DBG] [oshi.util.FileUtil] Reading file {}:[Ljava.lang.Object;@76bfb62e
2026-04-30 14:36:02.464 [DBG] [oshi.util.FileUtil] Reading file {}:[Ljava.lang.Object;@5ab46cbd
2026-04-30 14:37:02.467 [DBG] [oshi.util.FileUtil] Reading file {}:[Ljava.lang.Object;@3b117785
2026-04-30 14:37:02.467 [DBG] [oshi.util.FileUtil] Reading file {}:[Ljava.lang.Object;@49d7f475
2026-04-30 14:37:02.468 [DBG] [oshi.util.FileUtil] Reading file {}:[Ljava.lang.Object;@7210bd01
2026-04-30 14:37:02.468 [DBG] [oshi.util.FileUtil] Reading file {}:[Ljava.lang.Object;@46a773bb
2026-04-30 14:37:02.468 [DBG] [oshi.util.FileUtil] Reading file {}:[Ljava.lang.Object;@763a99b5
2026-04-30 14:37:02.468 [DBG] [oshi.util.FileUtil] Reading file {}:[Ljava.lang.Object;@b8af5b
2026-04-30 14:38:02.471 [DBG] [oshi.util.FileUtil] Reading file {}:[Ljava.lang.Object;@4d91382a
2026-04-30 14:38:02.472 [DBG] [oshi.util.FileUtil] Reading file {}:[Ljava.lang.Object;@6031b20f
2026-04-30 14:38:02.472 [DBG] [oshi.util.FileUtil] Reading file {}:[Ljava.lang.Object;@137fe6e6
2026-04-30 14:38:02.472 [DBG] [oshi.util.FileUtil] Reading file {}:[Ljava.lang.Object;@66f74778
2026-04-30 14:38:02.472 [DBG] [oshi.util.FileUtil] Reading file {}:[Ljava.lang.Object;@226373e4
2026-04-30 14:38:02.472 [DBG] [oshi.util.FileUtil] Reading file {}:[Ljava.lang.Object;@4faf0c6d
